chamber,Obs,HHMMSS,FTime,EBal?,Photo,Cond,Ci,Trmmol,VpdL,CTleaf,Area,BLC_1,StmRat,BLCond,Tair,Tleaf,TBlk,CO2R,CO2S,H2OR,H2OS,RH_R,RH_S,Flow,PARi,PARo,Press,CsMch,HsMch,StableF,BLCslope,BLCoffst,f_parin,f_parout,alphaK,Status,fda,Trans,Tair_K,Twall_K,R(W/m2),Tl-Ta,SVTleaf,h2o_i,h20diff,CTair,SVTair,CndTotal,vp_kPa,VpdA,CndCO2,Ci_Pa,Ci/Ca,RHsfc,C2sfc,AHs/Cs
ch10,1,8:15:26,779,0,8.415609506,0.067637215,198.5747753,1.171082978,1.750703235,25.40699196,6,1.420000017,1,2.840000033,23.28883362,25.40699196,22.12838364,420.9843445,410.316803,13.51570511,14.89905453,47.64186096,52.51806641,500.3659668,1798.74939,34.89253998,101.1440353,2.379785061,-0.219370291,1,-0.219565243,2.737391472,1,0,0.159999996,111115,0.833943278,0.001171083,298.556992,296.4388336,287.7998959,2.511633389,3.257653732,32.20806567,17.30901114,24.34791279,3.058141591,0.066063844,1.506950498,1.551191093,0.041428435,20.08465409,0.483954773,46.24271712,406.3164253,0.009577773
ch10,2,8:17:55,927.5,0,-0.278315659,0.073213418,54.84959675,1.18498654,1.64010028,25.01785469,6,1.420000017,1,2.840000033,22.58181572,25.01785469,21.15313721,49.75828171,50.0209198,13.85525513,15.25441933,50.97745514,56.12538147,500.4031372,1799.793579,22.08519554,101.1486282,1.604207516,-0.223975584,1,-0.219565243,2.737391472,1,0,0.159999996,111115,0.834005229,0.001184987,298.1678547,295.7318157,287.9669662,2.466757729,3.183063869,31.46917486,16.21475554,23.79983521,2.959151974,0.071373455,1.542963589,1.416188385,0.044770148,5.54796147,1.09653315,48.56753019,50.15321773,-0.002695162
ch10,3,8:20:24,1077,0,1.129355444,0.080765571,72.90195038,1.254229202,1.577697188,24.86275291,6,1.420000017,1,2.840000033,22.59019852,24.86275291,21.3847065,99.49611664,97.99456787,14.10078144,15.58125496,51.85549545,57.29992294,500.3885803,1800.339844,30.58001709,101.1507339,1.905530453,-0.237163946,1,-0.219565243,2.737391472,1,0,0.159999996,111115,0.833980967,0.001254229,298.0127529,295.7401985,288.0543686,2.454215534,3.153752563,31.17874127,15.59748631,23.72647572,2.946117326,0.078532226,1.576055375,1.370061951,0.049278524,7.374085787,0.743938689,50.19280779,97.45772638,0.005816421
ch10,4,8:22:53,1225.5,0,2.664568681,0.089708799,95.185603,1.38369006,1.571415805,24.99922371,6,1.420000017,1,2.840000033,22.76759338,24.99922371,21.55374336,150.5041351,147.0649261,14.26484871,15.89770985,51.89886093,57.83959198,500.3582458,1798.831543,25.76184464,101.1538544,2.067410946,-0.250688016,1,-0.219565243,2.737391472,1,0,0.159999996,111115,0.83393041,0.00138369,298.1492237,295.9175934,287.8130404,2.388256785,3.179530432,31.43261769,15.53490784,23.88340855,2.974062862,0.086961881,1.608114627,1.365948236,0.05459147,9.628390624,0.647235242,50.92918961,145.7983178,0.009307674
ch10,5,8:25:22,1375,0,5.033653782,0.099649346,135.4911686,1.528446394,1.567514824,25.1444664,6,1.420000017,1,2.840000033,22.84200668,25.1444664,21.55314636,229.7208405,223.2757874,14.40616417,16.20921326,52.17800903,58.70851517,500.3762207,1799.284424,26.65005302,101.1555862,2.329541683,-0.259402692,1,-0.219565243,2.737391472,1,0,0.159999996,111115,0.833960368,0.001528446,298.2944664,295.9920067,287.8855014,2.303212066,3.207167294,31.70529096,15.4960777,23.99323654,2.993757896,0.096271395,1.63965247,1.354105426,0.060464258,13.70568859,0.606833236,51.62243395,220.8830294,0.011764121
ch10,6,8:27:51,1523.5,0,7.775455898,0.104903416,191.5372372,1.575164763,1.537232631,25.08872032,6,1.420000017,1,2.840000033,22.63405609,25.08872032,21.15717125,330.1508484,320.2221375,14.54517937,16.40303993,53.35150146,60.16610336,500.3585205,1799.792603,21.71273804,101.1582336,2.676709652,-0.251727521,1,-0.219565243,2.737391472,1,0,0.159999996,111115,0.833930868,0.001575165,298.2387203,295.7840561,287.96681,2.259997591,3.196535177,31.59935738,15.19631745,23.86138821,2.970127703,0.101166544,1.659302546,1.310825157,0.063554532,19.37556859,0.598138651,52.48200508,316.5260581,0.012892193
ch10,7,8:30:20,1673,0,9.677651636,0.095269169,232.5563625,1.44791681,1.550803555,25.15567398,6,1.420000017,1,2.840000033,22.64289474,25.15567398,21.1598053,420.0773926,407.7653198,14.68703938,16.39472198,53.84437943,60.10493851,500.3899231,1799.07666,22.7420845,101.1609116,2.882855892,-0.24843353,1,-0.219565243,2.737391472,1,0,0.159999996,111115,0.833983205,0.001447917,298.305674,295.7928947,287.8522592,2.317001204,3.209308576,31.72478901,15.33006703,23.89928436,2.976902788,0.092177045,1.658505021,1.318397767,0.057880705,23.52561362,0.57031913,52.09371527,403.1650277,0.012504677
ch10,8,8:32:49,1821.5,0,13.14729586,0.087666366,374.1115565,1.331670169,1.546105922,25.11964226,6,1.420000017,1,2.840000033,22.52955818,25.11964226,20.96501923,649.7435913,632.9668579,14.80178356,16.37254715,54.64176559,60.44034576,500.3428955,1798.771362,23.53483391,101.16465,2.509992123,-0.236054838,1,-0.219565243,2.737391472,1,0,0.159999996,111115,0.833904826,0.00133167,298.2696423,295.6795582,287.8034115,2.36717841,3.202428923,31.65561215,15.283065,23.82460022,2.963563638,0.085041275,1.656323001,1.307240637,0.053380572,37.84686466,0.591044463,52.01417695,626.7172631,0.010911552
ch10,9,8:35:25,1978,0,15.17028917,0.079967586,650.385008,1.218305727,1.54651543,25.12527657,6,1.420000017,1,2.840000033,22.52829742,25.12527657,20.96596146,1001.228149,981.6020508,14.9426775,16.3797226,55.16410065,60.46925735,500.3392944,1800.621094,23.66134453,101.1609573,1.51493597,-0.235555112,0.666666687,-0.219565243,2.737391472,1,0,0.159999996,111115,0.833898824,0.001218306,298.2752766,295.6782974,288.0993686,2.428954261,3.203503849,31.66739356,15.28767096,23.82678699,2.963953469,0.077777556,1.656988419,1.30696505,0.048803101,65.79357004,0.66257503,51.89059538,974.3908219,0.008078846
ch10,10,8:38:07,2139.5,0,17.88910752,0.072502897,749.3507392,1.09654744,1.531414905,25.04650879,6,1.420000017,1,2.840000033,22.48304176,25.04650879,20.96463203,1199.570068,1176.570435,15.08774757,16.3811779,55.85147095,60.63946533,500.3368225,1800.165894,26.63007927,101.1581726,0.736005306,-0.227464139,1,-0.219565243,2.737391472,1,0,0.159999996,111115,0.833894704,0.001096547,298.1965088,295.6330418,288.0265365,2.496657136,3.188504926,31.51999333,15.13881543,23.76477528,2.952916184,0.070698034,1.657090022,1.295826163,0.044344958,75.80295142,0.636894076,52.01716035,1168.06681,0.007966501
ch10,11,8:40:36,2289,0,18.63051254,0.067269846,1285.032804,1.019062694,1.531171606,25.03949356,6,1.420000017,1,2.840000033,22.48015594,25.03949356,20.96644592,1799.49231,1774.979858,15.16833687,16.37047005,56.15942383,60.61021423,500.3007202,1799.782104,29.46958542,101.1577835,-2.315142155,-0.226817548,1,-0.219565243,2.737391472,1,0,0.159999996,111115,0.833834534,0.001019063,298.1894936,295.6301559,287.9651303,2.537002702,3.187172071,31.50693857,15.13646852,23.75982475,2.952036606,0.065713324,1.656000465,1.296036142,0.041207891,129.9910702,0.723970358,51.91891489,1766.123805,0.00547683
ch04,12,9:04:13,3706,0,15.49878351,0.205404125,262.4146225,3.005055004,1.548067456,25.39912796,6,1.420000017,1,2.840000033,23.51819038,25.39912796,22.50969887,418.8614807,398.8378296,13.34191513,16.88477135,46.39021301,58.70882034,500.3277283,1800.586426,151.3739471,101.1600266,2.367017269,-0.291047513,1,-0.219565243,2.737391472,1,0,0.159999996,111115,0.833879547,0.003005055,298.549128,296.6681904,288.0938217,1.58907921,3.256131374,32.18792526,15.30315391,24.45865917,3.07849159,0.191550183,1.708063918,1.370427672,0.120890968,26.54587018,0.657948176,54.5482845,391.4704502,0.021596318
ch04,13,9:06:42,3854.5,0,-0.432391112,0.215719599,53.31803151,2.9950871,1.474659687,25.01417732,6,1.420000017,1,2.840000033,23.0011673,25.01417732,21.92974091,50.80324936,51.13807678,13.35064411,16.88147736,47.89255905,60.55866241,500.3678284,1801.033203,149.4336243,101.1585922,2.215238094,-0.29824394,1,-0.219565243,2.737391472,1,0,0.159999996,111115,0.833946381,0.002995087,298.1641773,296.1511673,288.1653061,1.57942425,3.18236617,31.45917811,14.57770076,24.00767231,2.996355068,0.200490798,1.707706484,1.288648584,0.126591409,5.393577008,1.042628798,55.8660824,51.34361481,-0.004704771
ch04,14,9:09:11,4003.5,0,1.92262283,0.238116293,80.70301694,3.16551521,1.4223779,24.83600998,6,1.420000017,1,2.840000033,22.93039322,24.83600998,21.93359184,99.2420578,96.57004547,13.33532619,17.0663681,48.04121399,61.48248672,500.3682251,1800.983887,160.7754822,101.1547775,2.472035885,-0.297868192,1,-0.219565243,2.737391472,1,0,0.159999996,111115,0.833947042,0.003165515,297.98601,296.0803932,288.1574154,1.505363186,3.148722569,31.12776921,14.0614011,23.8832016,2.974025859,0.219696142,1.726344669,1.24768119,0.138854173,8.163495724,0.835694097,57.29219087,95.65612266,0.01151534
ch04,15,9:11:40,4153,0,4.747226292,0.263899434,110.5375209,3.456769107,1.412697309,24.92643929,6,1.420000017,1,2.840000033,23.19874573,24.92643929,22.32735825,150.7863159,144.4947205,13.25983715,17.33317375,46.99274826,61.42861938,500.3542786,1800.418945,122.4690399,101.1391296,2.529469967,-0.313805997,1,-0.219565243,2.737391472,1,0,0.159999996,111115,0.833923798,0.003456769,298.0764393,296.3487457,288.0670248,1.375312526,3.165759416,31.30103479,13.96786104,24.06259251,3.006253897,0.241462203,1.753062107,1.25319179,0.152781152,11.17966866,0.764993493,58.15214351,142.2381164,0.019408397
ch04,16,9:14:10,4303,0,8.732647919,0.28561161,161.507438,3.643233105,1.385638909,24.79575157,6,1.420000017,1,2.840000033,23.25002289,24.79575157,22.53548622,230.2838135,218.8561707,13.06287479,17.3557415,46.15624237,61.32461548,500.3652344,1800.139648,108.8404083,101.1495132,2.742986202,-0.31053108,1,-0.219565243,2.737391472,1,0,0.159999996,111115,0.833942057,0.003643233,297.9457516,296.4000229,288.0223373,1.302060648,3.141163714,31.05465971,13.69891821,24.02288723,2.99909455,0.259513041,1.755524805,1.243569746,0.16435454,16.33639874,0.737961546,58.92436103,214.7050881,0.023966162
ch04,17,9:16:39,4451.5,0,13.32757705,0.288730563,226.7274095,3.810463756,1.43466714,25.06439018,6,1.420000017,1,2.840000033,23.7203083,25.06439018,23.11797142,330.6218567,313.2080994,12.88215065,17.37230682,44.24584961,59.66802216,500.3301086,1799.35144,179.5498657,101.1516418,2.705602169,-0.328584135,1,-0.219565243,2.737391472,1,0,0.159999996,111115,0.833883514,0.003810464,298.2143902,296.8703083,287.896224,1.239069723,3.191904498,31.55563706,14.18333023,24.39234924,3.06629276,0.262085463,1.757237358,1.309055402,0.166005607,22.93384973,0.723887441,58.17767957,306.8728075,0.025266739
ch04,18,9:19:09,4602,0,16.2090886,0.285752613,292.0461018,3.832201455,1.456253831,25.17126846,6,1.420000017,1,2.840000033,23.26870155,25.17126846,22.11604309,419.9425049,398.6729736,12.84597969,17.36165428,45.33643723,61.27330399,500.3462524,1800.060791,186.2787323,101.1445236,2.902806759,-0.31008476,1,-0.219565243,2.737391472,1,0,0.159999996,111115,0.833910421,0.003832201,298.3212685,296.4187016,288.0097201,1.154234825,3.212290082,31.75940691,14.39775263,24.21998501,3.034780917,0.259629447,1.756036252,1.278744665,0.164429244,29.53886384,0.732545522,57.7734367,390.9679492,0.023952213
ch04,19,9:21:59,4772,0,18.76743827,0.266444977,489.5461111,3.576842097,1.449414991,24.90444183,6,1.420000017,1,2.840000033,22.9956646,24.90444183,21.93111992,649.4042358,624.2198486,12.7111063,16.92800903,45.6076622,60.73797989,500.3141174,1799.770264,166.4260406,101.145546,2.530980587,-0.287301481,0.666666687,-0.219565243,2.737391472,1,0,0.159999996,111115,0.833856862,0.003576842,298.0544418,296.1456646,287.9632358,1.287398471,3.161607707,31.25800229,14.32999325,23.95005322,2.986000433,0.243591547,1.712192716,1.273807718,0.154145278,49.51540868,0.784252715,57.05318004,615.2987073,0.017401987
ch04,20,9:24:46,4938.5,0,18.46361214,0.253439383,827.1942887,3.455649679,1.466062255,24.90300751,6,1.420000017,1,2.840000033,22.9828949,24.90300751,21.93242645,999.9877319,973.8110352,12.68698025,16.76148033,45.55430603,60.18434525,500.340332,1799.528198,174.631012,101.1411209,1.29971838,-0.287776411,0.666666687,-0.219565243,2.737391472,1,0,0.159999996,111115,0.833900553,0.00345565,298.0530075,296.1328949,287.9245053,1.348768828,3.161337163,31.25669495,14.49521462,23.9429512,2.984726311,0.232675595,1.695274909,1.289451402,0.147155318,83.66335757,0.84944025,56.37729904,965.0343182,0.010786441
ch04,21,9:27:19,5092,0,18.13843888,0.24066271,1018.038648,3.330038107,1.481852768,24.88564873,6,1.420000017,1,2.840000033,22.96099091,24.88564873,21.93017387,1199.831787,1173.396851,12.64556694,16.57239723,45.46751022,59.58654022,500.3808899,1800.074829,155.7575378,101.1447983,0.383946896,-0.280192792,0.666666687,-0.219565243,2.737391472,1,0,0.159999996,111115,0.83396815,0.003330038,298.0356487,296.1109909,288.0119662,1.414916313,3.158064543,31.22320274,14.65080551,23.92331982,2.981206853,0.221862035,1.676211775,1.304995078,0.140238625,102.9693137,0.867599608,55.68375536,1164.774705,0.008671346
ch04,22,9:30:06,5258.5,0,18.10141073,0.226338056,1594.192612,3.190103599,1.502578861,24.79618073,6,1.420000017,1,2.840000033,23.01431656,24.79618073,22.12305641,1799.907227,1771.423584,12.4401865,16.20373344,44.5778923,58.06410217,500.3384399,1799.974731,75.4129715,101.1288757,-2.841761112,-0.262320936,0.666666687,-0.219565243,2.737391472,1,0,0.159999996,111115,0.8338974,0.003190104,297.9461807,296.1643166,287.9959506,1.507190202,3.141244207,31.06179303,14.85805959,23.90524864,2.977970313,0.209631185,1.638665346,1.339304967,0.132424613,161.2189065,0.899949976,54.6245773,1762.81904,0.005609095
ch02,23,9:50:30,6483,0,16.57619576,0.216388305,259.0875772,3.266838787,1.604188261,25.04689217,6,1.420000017,1,2.840000033,23.50597,25.04689217,22.91110039,419.5432739,398.1053467,11.81193924,15.6681757,41.08506393,54.49808121,500.3303223,1800.669922,119.9102325,101.1215057,2.769261837,-0.274600446,1,-0.219565243,2.737391472,1,0,0.159999996,111115,0.83388387,0.003266839,298.1968922,296.65597,288.1071811,1.499373058,3.18857778,31.53214301,15.86396731,24.27643108,3.045069136,0.201068296,1.584389519,1.460679617,0.126959794,26.19932592,0.650801551,52.12151167,390.2258171,0.022140421
ch02,24,9:52:59,6631.5,0,-0.400368872,0.232531366,52.62827175,3.416344436,1.569448234,24.9398632,6,1.420000017,1,2.840000033,23.45518112,24.9398632,22.91384315,50.71223068,50.9834671,11.77906036,15.81097507,41.09683228,55.16407394,500.3571167,1799.944946,132.0158081,101.122612,2.142747402,-0.292962492,1,-0.219565243,2.737391472,1,0,0.159999996,111115,0.833928528,0.003416344,298.0898632,296.6051811,287.991185,1.427814346,3.168295332,31.33122522,15.52025015,24.19752216,3.030695157,0.214933226,1.598847098,1.43184806,0.135810766,5.321908304,1.03226153,53.1075711,51.17378329,-0.004154983
ch02,25,9:55:28,6781,0,2.41303907,0.261207804,78.32992847,3.709590627,1.531075461,24.87821198,6,1.420000017,1,2.840000033,23.73127937,24.87821198,23.51437569,99.73925018,96.41648102,11.69861698,16.07582855,40.14172745,55.16134644,500.3124695,1800.998779,145.4207001,101.1200104,2.201295376,-0.31465286,1,-0.219565243,2.737391472,1,0,0.159999996,111115,0.833854116,0.003709591,298.028212,296.8812794,288.1597982,1.321870869,3.156663411,31.21700047,15.14117191,24.30474567,3.050241406,0.239206855,1.62558795,1.424653456,0.151336629,7.920723179,0.812412231,54.50657162,95.26943781,0.013805738
ch02,26,9:57:58,6931,0,5.449009325,0.297289486,108.5636542,4.082862356,1.497679627,24.84486389,6,1.420000017,1,2.840000033,23.78305626,24.84486389,23.497015,150.7740021,143.5366364,11.52781868,16.34405327,39.43251801,55.90711975,500.3242798,1799.593262,142.1207428,101.1198044,2.324586391,-0.328559339,1,-0.219565243,2.737391472,1,0,0.159999996,111115,0.8338738,0.004082862,297.9948639,296.9330563,287.9349154,1.135633296,3.150387097,31.15499596,14.81094269,24.31396008,3.051926271,0.26911834,1.652707469,1.399218802,0.170521767,10.97793548,0.756348044,55.91838569,140.9464383,0.021618127
ch02,27,10:00:27,7079.5,0,9.793491097,0.32801261,160.2976196,4.439786482,1.490107625,24.91160965,6,1.420000017,1,2.840000033,23.96059418,24.91160965,23.69345856,230.1866455,217.2861786,11.30926132,16.54505539,38.27001953,55.98770523,500.3630676,1798.788208,435.0020142,101.108902,2.462251186,-0.345027387,1,-0.219565243,2.737391472,1,0,0.159999996,111115,0.833938446,0.004439786,298.0616096,297.1105942,287.8061068,0.962236043,3.162960008,31.28270554,14.73765015,24.43610191,3.074337049,0.294050538,1.672852384,1.401484666,0.186558267,16.20751631,0.737725799,56.73195844,212.630822,0.026129981
ch02,28,10:02:57,7229.5,0,14.43663353,0.337483839,228.9285934,4.570914131,1.49558496,24.92664146,6,1.420000017,1,2.840000033,23.98426247,24.92664146,23.69330978,329.7939148,310.7792664,11.12771225,16.5182457,37.60375214,55.8199234,500.3672485,1801.063354,643.005188,101.1131973,2.446595669,-0.335448682,1,-0.219565243,2.737391472,1,0,0.159999996,111115,0.833945414,0.004570914,298.0766415,297.1342625,288.1701303,0.899151384,3.165797596,31.30944011,14.79119442,24.45545197,3.077900595,0.301639332,1.670212637,1.407687959,0.191447573,23.14770204,0.736627627,56.74116886,303.9167822,0.02695315
ch02,29,10:05:26,7378.5,0,16.3633835,0.316750954,299.0768853,4.412161665,1.528228558,24.92392159,6,1.420000017,1,2.840000033,23.97508621,24.92392159,23.69265175,419.867218,398.1380615,10.98637867,16.191679,37.14350891,54.74195099,500.3424683,1801.378174,817.1793823,101.1047363,2.476960659,-0.33279556,1,-0.219565243,2.737391472,1,0,0.159999996,111115,0.833904114,0.004412162,298.0739216,297.1250862,288.2205014,0.981840152,3.165283994,31.30698036,15.11530135,24.4495039,3.076804803,0.284967906,1.637055436,1.439749367,0.180711523,30.23808963,0.751188882,55.50693701,390.3596927,0.023267804
ch02,30,10:08:05,7538,0,17.11985375,0.298070037,511.0444838,4.288540151,1.569268927,24.9927845,6,1.420000017,1,2.840000033,23.99765778,24.9927845,23.69243813,649.2034302,625.4569702,10.85382462,15.91473579,36.64531708,53.73226166,500.339447,1800.738403,151.2480316,101.1038513,2.218904018,-0.293589056,0.666666687,-0.219565243,2.737391472,1,0,0.159999996,111115,0.833899078,0.00428854,298.1427845,297.1476578,288.1181381,1.038832285,3.178310008,31.43609236,15.52135657,24.49522114,3.085235908,0.269757812,1.609041081,1.476194826,0.170932565,51.66856551,0.817073769,54.23192965,617.3190117,0.015039918
ch02,31,10:10:51,7703.5,0,16.78546311,0.266452113,843.4617131,4.030807957,1.63344513,25.12002182,6,1.420000017,1,2.840000033,24.03079605,25.12002182,23.69397736,1000.98938,976.1430054,10.76114845,15.51964951,36.25924683,52.29281616,500.3572998,1800.202393,316.866394,101.101265,1.294831753,-0.282680929,0.666666687,-0.219565243,2.737391472,1,0,0.159999996,111115,0.833928833,0.004030808,298.2700218,297.1807961,288.0323764,1.159484267,3.202501327,31.67617466,16.15652515,24.57540894,3.100072804,0.24359751,1.569056197,1.531016607,0.154149099,85.27504613,0.864075969,52.24265113,968.1640001,0.009057526
ch02,32,10:13:25,7857.5,0,17.37712292,0.2289172,1015.099275,3.643689887,1.698163788,25.1662178,6,1.420000017,1,2.840000033,23.90947533,25.1662178,23.49704361,1200.715454,1174.747314,10.66457844,14.96809483,36.19356537,50.79889297,500.4025269,1800.168945,581.2793579,101.0923843,0.625520229,-0.262012899,1,-0.219565243,2.737391472,1,0,0.159999996,111115,0.834004211,0.00364369,298.3162178,297.0594753,288.0270248,1.339054335,3.211324183,31.76623248,16.79813765,24.53784657,3.09311501,0.211841769,1.513160395,1.579954615,0.13383618,102.618806,0.864100102,49.89313019,1166.487062,0.007432565
ch02,33,10:15:54,8007,0,17.33047684,0.190786655,1571.581416,3.179042205,1.756216045,25.13296127,6,1.420000017,1,2.840000033,23.5442009,25.13296127,22.91304779,1799.963623,1772.421143,10.57335758,14.33140564,36.68066406,49.71792984,500.2834473,1799.026245,163.1580963,101.0894852,-1.838102818,-0.226521909,1,-0.219565243,2.737391472,1,0,0.159999996,111115,0.833805745,0.003179042,298.2829613,296.6942009,287.8441928,1.535385335,3.204970463,31.70429108,17.37288544,24.33858109,3.056432245,0.178776721,1.448754418,1.607677827,0.112755777,158.8703563,0.886686227,47.44303798,1764.183064,0.004660573
ch01,1,8:34:53,2089,0,14.8982458,0.125665509,196.3762434,1.946179534,1.596289814,25.19861603,6,1.420000017,1,2.840000033,23.02789879,25.19861603,22.28741646,419.7443237,400.931488,13.73421192,16.03201485,49.17246628,57.39926529,500.0372314,1799.915405,45.91807175,101.1248245,2.759173393,0.313615739,1,-0.219565243,2.737391472,1,0,0.159999996,111115,0.833395386,0.00194618,298.348616,296.1778988,287.9864584,2.103338463,3.217524503,31.81735561,15.78534076,24.11325741,3.015411094,0.120340627,1.621234688,1.394176405,0.075673835,19.85851316,0.489800001,51.3253627,393.8495755,0.019414973
ch01,2,8:37:22,2238.5,0,-0.399567954,0.132443641,54.1818599,1.994681078,1.556014807,25.06101418,6,1.420000017,1,2.840000033,22.57354546,25.06101418,21.71357727,50.11471176,50.47337341,13.8154211,16.17029381,50.84537506,59.51209641,500.0083008,1799.009155,52.58919525,101.1266479,4.906317711,0.328594148,1,-0.219565243,2.737391472,1,0,0.159999996,111115,0.833347168,0.001994681,298.2110142,295.7235455,287.8414584,2.035197475,3.191262416,31.55708689,15.38679308,23.81727982,2.962258976,0.126542329,1.635247609,1.327011367,0.079598793,5.479229871,1.073474116,52.27505335,50.66330888,-0.004122794
ch01,3,8:39:51,2387,0,1.888309981,0.141747602,73.55207633,2.092590465,1.529891921,25.03777313,6,1.420000017,1,2.840000033,22.4446125,25.03777313,21.51629066,100.4006424,97.88889313,13.91493988,16.38487244,51.61453629,60.77623367,500.0064392,1799.515503,55.43190384,101.1270218,4.963957787,0.324933946,1,-0.219565243,2.737391472,1,0,0.159999996,111115,0.833344065,0.00209259,298.1877731,295.5946125,287.922474,1.97120613,3.186845273,31.51329107,15.12841864,23.74119282,2.948728254,0.135009144,1.656953352,1.291774903,0.084961311,7.438102426,0.751383267,53.1537577,96.991281,0.010348432
ch01,4,8:42:20,2536.5,0,4.330729115,0.153700944,93.99453899,2.203766022,1.491739741,24.96149826,6,1.420000017,1,2.840000033,22.42571259,24.96149826,21.51861763,149.5996246,144.0224609,14.01906395,16.61936188,52.05991364,61.71614456,500.052124,1799.149292,53.6117363,101.1258087,4.874938011,0.317806184,1,-0.219565243,2.737391472,1,0,0.159999996,111115,0.833420207,0.002203766,298.1114983,295.5757126,287.8638803,1.920458087,3.172386151,31.37068758,14.7513257,23.69360542,2.94029318,0.145809715,1.68064641,1.25964677,0.091808651,9.50527377,0.652638056,54.29487418,141.9638397,0.016563119
ch01,5,8:44:49,2685,0,8.194343896,0.163274428,131.517862,2.288769051,1.463058152,24.9112854,6,1.420000017,1,2.840000033,22.41422081,24.9112854,21.51886177,230.3433533,219.905838,14.10840797,16.80884933,52.42930222,62.46461487,499.984375,1799.121582,51.35169983,101.1277237,4.557143211,0.313838899,1,-0.219565243,2.737391472,1,0,0.159999996,111115,0.833307292,0.002288769,298.0612854,295.5642208,287.8594467,1.881396493,3.162898823,31.27627823,14.4674289,23.66275311,2.934835754,0.154397937,1.699840671,1.234995083,0.097258792,13.300102,0.59806444,55.18032187,216.0106394,0.020932605
ch01,6,8:47:18,2834.5,0,12.79910972,0.167450984,179.8048072,2.3196269,1.447815312,24.88511467,6,1.420000017,1,2.840000033,22.53359604,24.88511467,21.71489334,330.2565613,314.0238953,14.17385674,16.91027641,52.29336166,62.3891716,500.011322,1799.60437,49.87041855,101.1307297,3.820357323,0.305845201,1,-0.219565243,2.737391472,1,0,0.159999996,111115,0.833352203,0.002319627,298.0351147,295.683596,287.9366928,1.885539725,3.157963905,31.22655117,14.31627476,23.70935535,2.943082585,0.15812753,1.710148593,1.232933993,0.099627103,18.18379135,0.572583201,55.63848066,307.9398115,0.023125396
ch01,7,8:49:47,2983,0,16.45613808,0.161878827,221.6070358,2.258448388,1.455501461,24.90499115,6,1.420000017,1,2.840000033,22.53115082,24.90499115,21.71320343,420.2986755,399.467041,14.20614147,16.8707695,52.42200089,62.25472641,499.9602051,1800.205811,47.76832581,101.1340866,2.756972313,0.310434282,1,-0.219565243,2.737391472,1,0,0.159999996,111115,0.833267008,0.002258448,298.0549911,295.6811508,288.0329232,1.915586548,3.161711325,31.26256864,14.39179914,23.71807098,2.944627169,0.153149376,1.706209864,1.238417305,0.09646615,22.41202515,0.554756746,55.37322915,391.6445811,0.023266746
ch01,8,8:52:20,3136.5,0,21.13305258,0.151575934,378.2439629,2.139674863,1.46776219,24.89830399,6,1.420000017,1,2.840000033,22.52596664,24.89830399,21.71404457,650.3036499,623.3417358,14.21203136,16.73683167,52.46098709,61.78080368,499.9674988,1800.392212,49.50485611,101.1355057,-0.719834328,0.311792314,1,-0.219565243,2.737391472,1,0,0.159999996,111115,0.833279165,0.002139675,298.048304,295.6759666,288.0627475,1.978239758,3.160450124,31.24965958,14.51282792,23.71213531,2.943575173,0.143895947,1.692687934,1.250887239,0.090594811,38.25389445,0.606800317,54.82769609,613.2960948,0.018892613
ch01,9,8:54:49,3285,0,22.35514296,0.134895898,676.1966856,1.96870424,1.509000655,25.00862312,6,1.420000017,1,2.840000033,22.67890358,25.00862312,21.90185547,1001.288391,972.1629639,14.21181583,16.5354023,51.9752388,60.47303009,499.9558105,1799.601074,48.69596863,101.1352463,-8.3595438,0.314462602,0.666666687,-0.219565243,2.737391472,1,0,0.159999996,111115,0.833259684,0.001968704,298.1586231,295.8289036,287.9361654,2.071044921,3.181312638,31.45602305,14.92062075,23.84376335,2.966981323,0.128779078,1.672311984,1.294669339,0.081015004,68.38731833,0.695558986,53.60427993,961.5363996,0.012462673
ch01,10,8:57:20,3436.5,0,22.94960189,0.116618144,818.7567482,1.765338002,1.55552778,25.13684464,6,1.420000017,1,2.840000033,22.70103073,25.13684464,21.90155602,1199.638306,1169.622192,14.23321819,16.31697845,51.98250198,59.59280014,500.019043,1799.066895,44.62606049,101.1329422,-13.23686314,0.329608858,0.666666687,-0.219565243,2.737391472,1,0,0.159999996,111115,0.833365072,0.001765338,298.2868446,295.8510307,287.8506967,2.161467026,3.205711819,31.69799819,15.38101974,23.91893768,2.980421732,0.112018364,1.650184039,1.330237693,0.070410702,82.80327889,0.700018137,52.24378374,1158.713051,0.010347463
ch01,11,8:59:56,3592,0,22.78336461,0.0996021,1352.744911,1.499326381,1.53856427,24.89380264,6,1.420000017,1,2.840000033,21.928339,24.89380264,20.72653961,1798.963623,1768.441284,14.25791836,16.02830315,54.5807991,61.35801697,499.9912109,1799.312744,43.72086716,101.1359177,-31.30839539,0.343688905,1,-0.219565243,2.737391472,1,0,0.159999996,111115,0.833318685,0.001499326,298.0438026,295.078339,287.8900326,2.232778503,3.159601417,31.24114054,15.21283739,23.41107082,2.89064587,0.096227297,1.621037147,1.269608723,0.060436426,136.8110979,0.764936288,51.81622663,1757.611164,0.006716776
ch07,1,9:22:45,173,0,18.14173792,0.174951998,214.8985561,2.462438627,1.474345565,25.22606659,6,1.420000017,1,2.840000033,23.06853485,25.22606659,22.08423805,419.7568665,396.8140259,14.38056755,17.28444481,51.37646103,61.75093842,499.9956665,1800.08374,171.3616333,101.1568832,3.00138855,0.320404947,1,-0.219565243,2.737391472,1,0,0.159999996,111115,0.833326111,0.002462439,298.3760666,296.2185349,288.013392,1.835607154,3.222786131,31.85928656,14.57484175,24.14730072,3.021577786,0.164799862,1.748440565,1.273137221,0.103866319,21.73846815,0.54155988,55.82155125,388.1903125,0.026087718
ch07,2,9:25:14,322,0,-0.41630004,0.190348178,51.67487054,2.552974527,1.412327267,24.98294258,6,1.420000017,1,2.840000033,22.82839203,24.98294258,21.89890289,48.76922226,49.11832428,14.42891407,17.43922424,52.30482483,63.21720123,499.9722595,1800.19165,170.9397736,101.1580658,4.998397827,0.320900857,1,-0.219565243,2.737391472,1,0,0.159999996,111115,0.833287099,0.002552975,298.1329426,295.978392,288.0306576,1.790221674,3.17644546,31.40081253,13.96158829,23.9056673,2.978045261,0.178391655,1.764118193,1.213927068,0.112510701,5.227329954,1.052048727,57.28731523,49.31621338,-0.004835876
ch07,3,9:27:43,470.5,0,2.461220736,0.214934602,76.52251504,2.759884004,1.363034524,24.88037491,6,1.420000017,1,2.840000033,22.80562592,24.88037491,21.89860153,101.2178345,97.93972015,14.48162746,17.73503685,52.56823349,64.3780899,499.9562683,1800.235718,168.2625732,101.1577454,5.016090393,0.310757577,1,-0.219565243,2.737391472,1,0,0.159999996,111115,0.833260447,0.002759884,298.0303749,295.9556259,288.0377084,1.693293219,3.157070866,31.20938347,13.47434662,23.84300041,2.966845189,0.199812549,1.794036342,1.172808848,0.126158782,7.740845091,0.781322582,58.85668291,96.76977369,0.014969477
ch07,4,9:30:12,619.5,0,5.597995156,0.247860091,100.4800518,3.062403851,1.325389069,24.89016914,6,1.420000017,1,2.840000033,23.06926346,24.89016914,22.29558563,149.1313324,141.8916779,14.51682281,18.12541008,51.86145401,64.75315857,499.9568481,1800.105469,174.5357056,101.1578445,4.923469543,0.290677011,1,-0.219565243,2.737391472,1,0,0.159999996,111115,0.833261414,0.003062404,298.0401691,296.2192635,288.0168686,1.568564144,3.158916484,31.2275978,13.10218772,23.9797163,2.991327224,0.227964558,1.833527415,1.157799809,0.144141049,10.16434546,0.708146195,60.43444342,139.2306591,0.024298651
ch07,5,9:32:41,769,0,10.77409196,0.273550034,144.0568144,3.285067979,1.298691783,24.91061211,6,1.420000017,1,2.840000033,23.11107445,24.91061211,22.29079056,229.7977753,216.0166779,14.55830097,18.42791557,51.87693405,65.66589355,499.9770813,1799.818115,185.4072723,101.1552277,4.601066589,0.281802118,1,-0.219565243,2.737391472,1,0,0.159999996,111115,0.833295135,0.003285068,298.0606121,296.2610744,287.970892,1.454415539,3.162771778,31.26651832,12.83860274,24.01084328,2.996925827,0.249516497,1.864079995,1.132845832,0.157942558,14.57209986,0.666878205,61.59143649,210.8951905,0.031465478
ch07,6,9:35:10,917.5,0,16.04459126,0.262145528,198.8335078,3.209600488,1.31916529,24.99185181,6,1.420000017,1,2.840000033,23.13111115,24.99185181,22.29077911,330.3264465,309.8777466,14.59597778,18.37703133,51.94919586,65.4065094,499.9586792,1799.349121,181.4273834,101.1571426,3.945640564,0.282509744,1,-0.219565243,2.737391472,1,0,0.159999996,111115,0.833264465,0.0032096,298.1418518,296.2811111,287.8958529,1.484467968,3.178133269,31.41778411,13.04075279,24.06148148,3.006053362,0.239993029,1.858967979,1.147085382,0.151840126,20.11342951,0.641651458,61.02976965,302.2509163,0.032396848
ch07,7,9:37:39,1067,0,19.90148886,0.236316338,243.8785186,3.000643898,1.356771848,25.07620811,6,1.420000017,1,2.840000033,23.14595413,25.07620811,22.2902813,420.4828186,395.1777039,14.6276226,18.16304779,52.0167923,64.58899689,499.9924316,1799.471069,190.6211548,101.1604004,2.96370697,0.294573724,1,-0.219565243,2.737391472,1,0,0.159999996,111115,0.833320719,0.003000644,298.2262081,296.2959541,287.9153647,1.584242234,3.194153035,31.57513239,13.4120846,24.11108112,3.01501725,0.218163,1.837381187,1.177636063,0.137874364,24.67084859,0.617136332,59.78616151,385.7174892,0.030847282
ch07,8,9:40:14,1221.5,0,25.5841388,0.22940441,415.3243273,2.936536349,1.364672413,25.09570885,6,1.420000017,1,2.840000033,23.15002251,25.09570885,22.289505,650.2915039,617.4119263,14.66199207,18.12228584,52.1243782,64.42595673,499.9551697,1799.457886,202.2684174,101.1568832,-0.324501038,0.299853265,0.666666687,-0.219565243,2.737391472,1,0,0.159999996,111115,0.833258616,0.002936536,298.2457088,296.3000225,287.9132553,1.615563943,3.197866366,31.61293887,13.49065302,24.12286568,3.017150444,0.212258939,1.833193953,1.183956491,0.134102601,42.01291448,0.672685949,59.50804481,605.250452,0.025154249
ch07,9,9:43:05,1393,0,24.70974297,0.210027907,748.7356251,2.756316152,1.390424415,25.12405205,6,1.420000017,1,2.840000033,23.14366722,25.12405205,22.29016876,1000.919067,968.0609131,14.6716547,17.92040825,52.18088531,63.73532867,499.9311523,1799.670166,195.2492676,101.160965,-7.942909241,0.296538293,0.666666687,-0.219565243,2.737391472,1,0,0.159999996,111115,0.833218587,0.002756316,298.274052,296.2936672,287.9472201,1.705362831,3.203270206,31.66508155,13.7446733,24.13385963,3.019141718,0.19556518,1.812845791,1.206295927,0.123450243,75.74281834,0.773438546,58.55506962,956.3150847,0.015129749
ch07,10,9:45:52,1559.5,0,25.58239143,0.192534464,917.4340196,2.584293218,1.413978409,25.15114594,6,1.420000017,1,2.840000033,23.14004135,25.15114594,22.28975105,1200.359009,1166.040649,14.6929388,17.73938179,52.26605225,63.10293198,499.9501648,1799.713135,193.5009766,101.1571274,-12.93558502,0.305388391,1,-0.219565243,2.737391472,1,0,0.159999996,111115,0.833250275,0.002584293,298.3011459,296.2900414,287.9540951,1.7910857,3.208443312,31.71742215,13.97804036,24.14559364,3.0212683,0.180310524,1.794464903,1.226803396,0.113732068,92.80498998,0.7867942,57.68099716,1153.880006,0.012788313
ch07,11,9:48:37,1725,0,25.28155689,0.181524462,1492.477202,2.452827474,1.418447124,25.09817886,6,1.420000017,1,2.840000033,22.99307442,25.09817886,22.09707832,1800.179932,1764.646729,14.70370388,17.5954113,52.77111435,63.14936066,499.9819031,1799.629639,203.693634,101.1564789,-30.95121002,0.310387552,0.666666687,-0.219565243,2.737391472,1,0,0.159999996,111115,0.833303172,0.002452827,298.2481789,296.1430744,287.9407358,1.847409042,3.198336976,31.61771753,14.02230623,24.04562664,3.003192918,0.170618996,1.779889852,1.223303066,0.10756582,150.9737385,0.845765431,57.26326602,1752.629087,0.008260188
ch11,12,10:14:02,3249.5,0,22.57295485,0.274634452,242.6220929,3.280537326,1.291233162,25.33004761,6,1.420000017,1,2.840000033,22.83971214,25.33004761,21.63233948,420.213623,391.5818481,15.43011379,19.29118156,55.89848328,69.88592529,499.9526672,1798.825928,162.7971344,101.1629028,3.221488953,0.287062585,0.666666687,-0.219565243,2.737391472,1,0,0.159999996,111115,0.833254445,0.003280537,298.4800476,295.9897121,287.812142,1.361318541,3.242785088,32.05508143,12.76389987,24.08487988,3.010279126,0.250418422,1.951551926,1.0587272,0.158520801,24.54435521,0.619594841,62.73569014,380.8517465,0.037183232
ch11,13,10:16:31,3398.5,0,-0.409692911,0.29806902,50.72173835,3.302465223,1.207146387,24.95483398,6,1.420000017,1,2.840000033,22.14415932,24.95483398,20.92613029,48.99473572,49.2910614,15.52591705,19.41237259,58.67851639,73.36695099,499.9449768,1800.244141,211.4904327,101.1715164,5.221950531,0.324000299,1,-0.219565243,2.737391472,1,0,0.159999996,111115,0.833241628,0.003302465,298.104834,295.2941593,288.0390561,1.3123279,3.171125559,31.34405484,11.93168225,23.54949665,2.914877835,0.269756979,1.963979172,0.950898662,0.17093203,5.131595184,1.029025079,64.651887,49.48580979,-0.005352528
ch11,14,10:19:01,3549,0,3.020324687,0.32639966,78.95455534,3.456446646,1.164196052,24.85161781,6,1.420000017,1,2.840000033,22.31002045,24.85161781,21.34438324,100.8794174,96.85302734,15.5773592,19.64389992,58.28313828,73.49821472,499.965271,1800.255737,218.7071228,101.1744766,5.29908371,0.313897073,1,-0.219565243,2.737391472,1,0,0.159999996,111115,0.833275452,0.003456447,298.0016178,295.4600204,288.0409115,1.267850052,3.151657345,31.15071557,11.50681566,23.58081913,2.920385535,0.292753643,1.987461293,0.932924242,0.185723086,7.988185814,0.815199664,66.00522808,95.41730964,0.020893192
ch11,15,10:21:31,3699,0,6.682140201,0.355704468,104.6382807,3.671699288,1.145091495,24.90619469,6,1.420000017,1,2.840000033,22.49263,24.90619469,21.5153923,148.7945709,140.1570282,15.61528683,19.93421364,57.78032303,73.76139832,499.9168091,1800.289185,208.3624115,101.1751404,5.187480927,0.294945657,1,-0.219565243,2.737391472,1,0,0.159999996,111115,0.833194682,0.003671699,298.0561947,295.64263,288.0462631,1.172038889,3.161938359,31.25212722,11.31791358,23.69941235,2.941321351,0.31611205,2.016846863,0.924474488,0.200782632,10.58679274,0.746578906,66.97078884,136.9806588,0.032669444
ch11,16,10:24:01,3848.5,0,12.50542763,0.382290278,152.5050616,3.827099128,1.119720676,24.89697266,6,1.420000017,1,2.840000033,22.51678467,24.89697266,21.51424026,230.1421661,214.1515198,15.66675186,20.16683388,57.88847733,74.51622772,499.9800415,1799.937256,222.7778778,101.1799088,5.033275604,0.288538873,1,-0.219565243,2.737391472,1,0,0.159999996,111115,0.833300069,0.003827099,298.0469727,295.6667847,287.9899545,1.094619384,3.160199088,31.23346449,11.06663062,23.70687866,2.942643796,0.336935626,2.040478412,0.902165384,0.214238475,15.43044821,0.712136256,67.9479141,208.2070384,0.040811191
ch11,17,10:26:31,3999,0,19.03093663,0.398459413,216.1739928,3.929374545,1.108436881,24.93621635,6,1.420000017,1,2.840000033,22.54313469,24.93621635,21.51336098,330.6749268,306.3903198,15.73073578,20.35055542,58.03480911,75.07853699,499.9428406,1799.208984,242.9789429,101.1849213,4.311717987,0.284239709,1,-0.219565243,2.737391472,1,0,0.159999996,111115,0.833238068,0.003929375,298.0862164,295.6931347,287.8734311,1.037913079,3.167606229,31.30512125,10.95456583,23.73967552,2.948458981,0.349433045,2.059169348,0.889289633,0.222327962,21.87354844,0.705550988,68.49902858,297.343924,0.04384151
ch11,18,10:29:01,4148.5,0,23.49451937,0.39265598,276.8016921,3.930369561,1.12280249,25.0818119,6,1.420000017,1,2.840000033,22.59990883,25.0818119,21.51720619,419.8783264,389.8414001,15.86183834,20.48242188,58.31441879,75.3015213,499.9194641,1799.733765,288.6011047,101.1802826,3.552165985,0.284474313,1,-0.219565243,2.737391472,1,0,0.159999996,111115,0.833199107,0.00393037,298.2318119,295.7499088,287.9573959,1.025977626,3.195219723,31.57947024,11.09704837,23.84086037,2.966463363,0.344961849,2.072417233,0.89404613,0.219432593,28.00687343,0.710036676,68.30313342,378.6732309,0.042378208
ch11,19,10:31:35,4303,0,28.05692701,0.3872508,474.5416761,3.893293245,1.125624777,25.11606407,6,1.420000017,1,2.840000033,22.492342,25.11606407,21.31762505,650.3149414,613.7739258,15.94525719,20.52198029,58.99685669,75.93055725,499.9291077,1799.391479,191.2805786,101.1657562,0.254802704,0.290369928,0.666666687,-0.219565243,2.737391472,1,0,0.159999996,111115,0.833215179,0.003893293,298.2660641,295.642342,287.9026303,1.025814753,3.201746432,31.64851973,11.12653945,23.80420303,2.959929646,0.34078302,2.076121655,0.883807991,0.216727755,48.00736753,0.773153854,68.23335204,600.4370064,0.031883747
ch11,20,10:34:20,4467.5,0,26.89500013,0.374865164,816.863959,4.272872867,1.272564128,24.99578667,6,1.420000017,1,2.840000033,22.58265305,24.99578667,21.51143265,999.9055176,962.6925659,13.8117857,18.84299469,50.82484055,69.33877563,499.9624329,1800.848877,184.7656708,101.1683578,-7.462604523,0.314757288,1,-0.219565243,2.737391472,1,0,0.159999996,111115,0.833270721,0.004272873,298.1457867,295.732653,288.1358139,0.858632974,3.178878958,31.42167201,12.57867732,23.78921986,2.957262705,0.3311545,1.90631483,1.050947875,0.210499916,82.64078532,0.848520065,63.7243171,949.9079709,0.018042437
ch11,21,10:36:54,4622,0,27.32616195,0.349815508,1000.768702,4.097735452,1.297741636,25.03495598,6,1.420000017,1,2.840000033,22.57209778,25.03495598,21.51222992,1199.842529,1161.334595,13.84037781,18.66661453,50.96535492,68.73733521,499.9230042,1800.74585,277.5601196,101.1735992,-12.57442093,0.312626779,1,-0.219565243,2.737391472,1,0,0.159999996,111115,0.833205007,0.004097735,298.184956,295.7220978,288.1193295,0.943195312,3.186310214,31.49349473,12.82688019,23.80352688,2.959809248,0.311452509,1.888568578,1.07124067,0.197775661,101.2513716,0.861740196,62.80504798,1148.345046,0.014945168
ch11,22,10:39:32,4779.5,0,27.25037122,0.330444826,1578.04589,3.977381769,1.325217265,25.13467598,6,1.420000017,1,2.840000033,22.4882431,25.13467598,21.31994057,1799.564453,1758.465088,13.89896297,18.5838089,51.43942261,68.77781677,499.9268188,1798.759277,249.4801331,101.1676636,-30.54890823,0.316601694,1,-0.219565243,2.737391472,1,0,0.159999996,111115,0.833211365,0.003977382,298.284676,295.6382431,287.8014779,0.977604447,3.205297792,31.68302675,13.09921785,23.81145954,2.961222029,0.296003671,1.880080527,1.081141503,0.187816267,159.6472157,0.897399613,62.00979313,1745.511567,0.009680772
ch08,1,8:19:04,961.5,0,15.68007425,0.156487867,223.2922205,2.548490914,1.697679718,25.11927223,6,1.420000017,1,2.840000033,23.25589371,25.11927223,22.48395348,419.7142029,399.6753235,11.86234951,14.87512398,41.9013176,52.54332733,499.9873352,1798.944824,79.99130249,101.1540222,-2.700648546,0.386945963,1,-0.219565243,2.737391472,1,0,0.159999996,111115,0.833312225,0.002548491,298.2692722,296.4058937,287.8311654,1.828117651,3.20235834,31.65824027,16.78311629,24.18758297,3.028888856,0.148315482,1.504678621,1.524210235,0.093398333,22.58690623,0.55868403,48.55826032,392.2217672,0.019412414
ch08,2,8:21:33,1111,0,-0.273339526,0.161135679,51.07218339,2.579219899,1.671022045,25.11216164,6,1.420000017,1,2.840000033,23.21224213,25.11216164,22.49272156,49.40308762,49.57765198,12.07655239,15.12485504,42.7717247,53.5679512,499.9916077,1798.658936,80.96802521,101.1566849,1.877167463,0.393535852,1,-0.219565243,2.737391472,1,0,0.159999996,111115,0.833319346,0.00257922,298.2621616,296.3622421,287.7854233,1.806703443,3.20100224,31.64400103,16.51914599,24.16220188,3.024280488,0.152484052,1.529980195,1.494300293,0.096043814,5.166292761,1.030145264,49.41692036,49.7075845,-0.002717412
ch08,3,8:24:02,1259.5,0,2.392220647,0.176421971,73.10539364,2.737756045,1.628058863,25.08883095,6,1.420000017,1,2.840000033,23.09757042,25.08883095,22.29161644,101.3878784,98.19456482,12.27082348,15.50524139,43.76318359,55.29854965,499.9922485,1799.75,82.42337799,101.1591721,1.567528486,0.38410306,1,-0.219565243,2.737391472,1,0,0.159999996,111115,0.833320414,0.002737756,298.2388309,296.2475704,287.9599936,1.713942582,3.196556245,31.59927252,16.09403112,24.09320068,3.01178312,0.166103551,1.568497382,1.443285738,0.104694945,7.395281094,0.744495317,50.89055892,97.05741769,0.01254324
ch08,4,8:26:31,1409,0,4.912172004,0.19581687,97.87946439,2.949098558,1.589867546,25.11997604,6,1.420000017,1,2.840000033,23.10403252,25.11997604,22.29568672,149.8681641,143.4654236,12.45799828,15.94073296,44.41540146,56.83209229,499.9670715,1799.748413,83.2546463,101.1637955,1.156716108,0.372817278,1,-0.219565243,2.737391472,1,0,0.159999996,111115,0.833278453,0.002949099,298.269976,296.2540325,287.9597397,1.600107398,3.202492595,31.65650893,15.71577597,24.11200428,3.015184309,0.183186251,1.612625048,1.40255926,0.115562928,9.901858116,0.682251249,52.42528847,141.1304123,0.018247097
ch08,5,8:29:00,1557.5,0,9.149077086,0.216652672,141.5278565,3.161302706,1.550556424,25.15030098,6,1.420000017,1,2.840000033,23.01965141,25.15030098,22.09684372,229.7858276,217.9788361,12.65458393,16.38635826,45.34770203,58.72050858,499.9499207,1800.194092,85.08611298,101.1649704,0.327141523,0.364310503,1,-0.219565243,2.737391472,1,0,0.159999996,111115,0.833249868,0.003161303,298.300301,296.1696514,288.0310482,1.474739647,3.208281873,31.71336738,15.32700912,24.0849762,3.010296533,0.201296534,1.657725448,1.352571084,0.127105393,14.31766141,0.649273384,53.98921153,213.629803,0.023121842
ch08,6,8:31:29,1707,0,14.27493798,0.233274209,200.743844,3.294373098,1.508703293,25.11003494,6,1.420000017,1,2.840000033,22.87381554,25.11003494,21.90181351,330.0992737,311.7372437,12.83645153,16.72352982,46.40900421,60.46237946,500.0073547,1799.732178,88.40289307,101.1684418,-1.090674639,0.363288164,1,-0.219565243,2.737391472,1,0,0.159999996,111115,0.833345591,0.003294373,298.2600349,296.0238155,287.957142,1.390562011,3.200596745,31.63631552,14.91278571,23.99192524,2.993522074,0.215567733,1.691893452,1.301628622,0.136216117,20.30894189,0.643952072,55.36041396,304.9516218,0.025914487
ch08,7,8:33:58,1855.5,0,18.04977573,0.235063258,257.2551621,3.297884886,1.499558775,25.15117073,6,1.420000017,1,2.840000033,22.8894577,25.15117073,21.90188408,419.9124146,396.6811218,12.99998093,16.8908844,46.95749664,61.01190948,499.9631653,1799.03479,86.36451721,101.1722794,-2.753943682,0.35697484,1,-0.219565243,2.737391472,1,0,0.159999996,111115,0.833271942,0.003297885,298.3011707,296.0394577,287.84556,1.383827258,3.20844805,31.71271884,14.82183444,24.02031422,2.998631119,0.217094608,1.708889275,1.289741844,0.137191661,26.02709113,0.648518792,55.75978143,388.1011229,0.025932714
ch08,8,8:36:27,2005,0,23.36882257,0.222750668,428.0016172,3.117592407,1.490151449,25.07672882,6,1.420000017,1,2.840000033,22.48742104,25.07672882,21.3186264,650.0140381,619.6489868,13.16425323,16.84287262,48.72692108,62.34317017,499.9293823,1800.230347,88.19712067,101.1763687,-7.881140709,0.364596605,1,-0.219565243,2.737391472,1,0,0.159999996,111115,0.833215637,0.003117592,298.2267288,295.637421,288.036849,1.437365119,3.194252139,31.57112851,14.72825589,23.78207493,2.955991678,0.206550244,1.70410069,1.251890988,0.130457811,43.30364943,0.690716238,55.66872581,608.5405678,0.021377582
ch08,9,8:39:19,2176.5,0,23.23062623,0.186307417,738.1238535,2.682504809,1.515022977,25.02697945,6,1.420000017,1,2.840000033,22.3114872,25.02697945,21.12591362,1000.612305,969.609436,13.33790302,16.50428581,49.89850998,61.74428558,499.9203491,1800.431763,89.72731781,101.1720657,-17.64133453,0.382094622,1,-0.219565243,2.737391472,1,0,0.159999996,111115,0.833200582,0.002682505,298.1769794,295.4614872,288.0690756,1.648698573,3.184795666,31.47900206,14.97471625,23.66923332,2.935981295,0.174837844,1.669772689,1.266208606,0.110249318,74.67751503,0.761258942,54.26071114,958.5667089,0.013149949
ch08,10,8:42:07,2344.5,0,23.95260052,0.156808177,886.9485889,2.304583037,1.531690546,24.96207809,6,1.420000017,1,2.840000033,22.03830528,24.96207809,20.72709274,1200.188477,1168.210571,13.49690151,16.21789932,51.3407135,61.69108582,499.9359131,1800.062012,77.23116302,101.172493,-23.66770172,0.399005175,1,-0.219565243,2.737391472,1,0,0.159999996,111115,0.833226522,0.002304583,298.1120781,295.1883053,288.0099154,1.818458838,3.172495851,31.35729641,15.13939709,23.50019169,2.906226523,0.148603179,1.640805305,1.265421218,0.093580877,89.73479988,0.759236914,53.13106951,1156.824652,0.011001039
ch08,11,8:44:53,2511,0,23.65658552,0.135286566,1435.575929,2.02197038,1.546686525,24.93114471,6,1.420000017,1,2.840000033,21.9931736,24.93114471,20.73757362,1799.296631,1766.617432,13.62378407,16.01165199,51.96691513,61.07526016,499.9259644,1800.000366,104.1690369,101.1739197,-45.54306793,0.40121007,1,-0.219565243,2.737391472,1,0,0.159999996,111115,0.833209941,0.00202197,298.0811447,295.1431736,288.0000522,1.964343261,3.166648118,31.2990554,15.28740341,23.46215916,2.899568483,0.129135073,1.619961593,1.279606891,0.081240435,145.2428437,0.812612795,52.24829477,1755.372224,0.007041334
ch06,12,9:04:25,3682.5,0,12.22773019,0.106509064,206.4263169,1.729086341,1.663680088,25.14594841,6,1.420000017,1,2.840000033,22.55416107,25.14594841,21.49398994,419.710968,404.1972961,13.21852112,15.26198483,48.71777725,56.24910355,499.944397,1801.130371,161.3307648,101.1513443,-3.026954651,0.441202402,1,-0.219565243,2.737391472,1,0,0.159999996,111115,0.833240662,0.001729086,298.2959484,295.7041611,288.1808529,2.163656008,3.20745037,31.70941911,16.44743429,23.85005474,2.968104124,0.102659023,1.543770282,1.424333842,0.064497029,20.88029945,0.510706823,48.8033168,398.3848188,0.014979331
ch06,13,9:06:54,3832,0,-0.387667477,0.114183415,54.08491814,1.797611865,1.617832675,24.92451668,6,1.420000017,1,2.840000033,22.43047142,24.92451668,21.51268387,49.46160126,49.81938171,13.17551994,15.29992676,48.92419815,56.81268311,499.934906,1801.201782,151.2691803,101.1484375,1.775512695,0.447975397,1,-0.219565243,2.737391472,1,0,0.159999996,111115,0.833224843,0.001797612,298.0745167,295.5804714,288.1922787,2.142294313,3.165396361,31.29456509,15.99463833,23.67749405,2.937442154,0.109770063,1.547563685,1.389878469,0.068989606,5.470604962,1.085620019,49.6935147,50.00366027,-0.00385263
ch06,14,9:09:23,3980.5,0,1.625303651,0.129907643,75.47601627,1.995708218,1.587010518,24.86927032,6,1.420000017,1,2.840000033,22.52411842,24.86927032,21.71291924,100.6863937,98.49992371,13.14394379,15.50189877,48.52926254,57.2351532,499.9512634,1799.426758,184.0006409,101.1468964,1.583946228,0.435651064,1,-0.219565243,2.737391472,1,0,0.159999996,111115,0.833252106,0.001995708,298.0192703,295.6741184,287.9082748,2.055397797,3.154979466,31.19205413,15.69015536,23.69669437,2.940840069,0.124225313,1.567968948,1.372871122,0.078132101,7.634164795,0.766254566,50.74862434,97.72733219,0.008440006
ch06,15,9:11:52,4130,0,3.803602886,0.151614851,100.3226882,2.268375767,1.55657636,24.86309052,6,1.420000017,1,2.840000033,22.65718269,24.86309052,21.90126228,150.3325958,145.372345,13.11286068,15.79204178,48.02264023,57.83448792,499.9781799,1799.664429,199.9420166,101.142067,1.198310852,0.42656064,1,-0.219565243,2.737391472,1,0,0.159999996,111115,0.833296967,0.002268376,298.0130905,295.8071827,287.9463022,1.93179188,3.153816107,31.18204128,15.3899995,23.7601366,2.952092008,0.14393102,1.597239747,1.354852261,0.090617055,10.14684405,0.690108481,52.01906437,143.5642943,0.013781969
ch06,16,9:14:21,4278.5,0,7.262960896,0.160967616,140.5791162,2.398050966,1.554783381,24.89068604,6,1.420000017,1,2.840000033,23.0265007,24.89068604,22.49253845,230.1432953,220.7916412,13.02806091,15.86030483,46.6586647,56.80205154,499.9605713,1800.375488,163.7553253,101.147522,0.142280579,0.418020487,1,-0.219565243,2.737391472,1,0,0.159999996,111115,0.833267619,0.002398051,298.040686,296.1765007,288.0600717,1.910478353,3.159013913,31.23174796,15.37144312,23.95859337,2.987533193,0.152333543,1.604230532,1.383302661,0.095948278,14.21922925,0.636704884,52.29942595,217.3391775,0.01747723
ch06,17,9:16:50,4428,0,11.21508836,0.15597321,190.0497031,2.422020323,1.617255235,25.23641014,6,1.420000017,1,2.840000033,22.94258308,25.23641014,22.07602119,331.4841614,317.1026001,13.03304577,15.89363861,46.91168976,57.20822906,499.9367065,1799.12439,197.1482086,101.142067,-1.346366882,0.420271158,1,-0.219565243,2.737391472,1,0,0.159999996,111115,0.833227844,0.00242202,298.3864101,296.0925831,287.8598959,1.836774282,3.224770696,31.88357518,15.98993657,24.08949661,3.011113525,0.147853096,1.607515461,1.403598064,0.09310496,19.2220198,0.599331898,51.29643409,311.7714842,0.018452427
ch06,18,9:19:19,4576.5,0,14.08639698,0.147476199,234.7084304,2.257121153,1.589837941,25.0199585,6,1.420000017,1,2.840000033,22.12727737,25.0199585,20.91556358,420.4744873,402.4784851,13.0907774,15.75696945,49.50957489,59.59316635,499.9390259,1801.291016,131.7024536,101.1377945,-2.71547699,0.442447901,1,-0.219565243,2.737391472,1,0,0.159999996,111115,0.83323171,0.002257121,298.1699585,295.2772774,288.2065561,1.849298749,3.18346308,31.47649299,15.71952354,23.57361794,2.919118482,0.140196064,1.593625138,1.325493344,0.08824877,23.737893,0.583157707,51.37645741,395.7824866,0.018285528
ch06,19,9:21:56,4734,0,17.90141028,0.134891787,393.2362516,2.070214566,1.587811899,24.88801765,6,1.420000017,1,2.840000033,22.26616669,24.88801765,21.32533455,650.288147,627.2456665,13.08513641,15.5310812,49.06893921,58.24117661,499.9447021,1800.027344,195.5919647,101.1326294,-8.072166443,0.442482233,1,-0.219565243,2.737391472,1,0,0.159999996,111115,0.83324117,0.002070215,298.0380177,295.4161667,288.0043686,1.981017378,3.158510978,31.23137406,15.70029286,23.57709217,2.919729715,0.128775331,1.570699079,1.349030636,0.081012632,39.76901609,0.626925418,50.85959164,618.7361934,0.014714808
ch06,20,9:24:56,4913.5,0,18.38091842,0.123486765,706.2978754,1.938711229,1.61806716,24.96477509,6,1.420000017,1,2.840000033,22.4374752,24.96477509,21.51399612,999.5580444,975.2295532,13.08431911,15.37524414,48.55728149,57.05914307,499.9473267,1800.93689,201.6717072,101.132637,-17.78139496,0.439376116,0.666666687,-0.219565243,2.737391472,1,0,0.159999996,111115,0.833245544,0.001938711,298.1147751,295.5874752,288.1498959,2.063432017,3.173006145,31.37469998,15.99945584,23.70112514,2.941624679,0.118341144,1.554938985,1.386685694,0.074408923,71.42976666,0.724237563,49.96048071,966.4921449,0.009501573
ch06,21,9:27:50,5088,0,18.87937443,0.113741833,873.7744486,1.804233184,1.629654824,24.93708038,6,1.420000017,1,2.840000033,22.41771317,24.93708038,21.51436615,1200.555786,1175.352051,13.07637119,15.20884037,48.58626175,56.50961304,499.9255066,1799.759033,469.3877258,101.1329346,-24.26833344,0.444143534,0.666666687,-0.219565243,2.737391472,1,0,0.159999996,111115,0.833209178,0.001804233,298.0870804,295.5677132,287.9614389,2.132682092,3.167769482,31.32282768,16.11398731,23.67739677,2.937424948,0.109361895,1.538114658,1.39931029,0.068731647,88.36737413,0.743415088,49.35792606,1166.3777,0.007989237
ch06,22,9:30:19,5236.5,0,19.52200925,0.102555265,1416.697919,1.656163898,1.65317043,24.90637207,6,1.420000017,1,2.840000033,22.87166977,24.90637207,22.29846001,1800.122681,1773.169556,12.96038055,14.91832638,46.84879684,53.92632294,499.9494934,1801.209106,137.6664734,101.1374435,-46.31032562,0.443197489,1,-0.219565243,2.737391472,1,0,0.159999996,111115,0.833249156,0.001656164,298.0563721,296.0216698,288.1934506,2.277028033,3.161971821,31.26410665,16.34578027,23.88902092,2.975066554,0.098980962,1.508801392,1.466265162,0.062174599,143.2812058,0.798963593,48.34655037,1763.889727,0.005350798
ch03,1,8:26:40,1502.5,0,11.13608813,0.117364817,241.24372,1.790214163,1.568212433,24.94815826,6,1.420000017,1,2.840000033,23.0389328,24.94815826,22.12888718,420.8424988,406.6161194,13.72702026,15.83969879,49.10974884,56.6680603,500.3670044,1799.75061,42.56762695,101.1162415,-8.004885674,-0.232053041,1,-0.219565243,2.737391472,1,0,0.159999996,111115,0.833945007,0.001790214,298.0981583,296.1889328,287.9600912,2.220613806,3.16986324,31.34870516,15.50900637,23.99354553,2.993813467,0.112707123,1.601650808,1.392162659,0.070846115,24.39365824,0.593296007,51.34276167,401.3225564,0.014246832
ch03,2,8:29:09,1652,0,-0.774693763,0.117981726,60.56749409,1.771338758,1.544010781,24.8571434,6,1.420000017,1,2.840000033,22.96570969,24.8571434,22.13656425,50.25606918,51.07648468,13.81868076,15.9088192,49.65868378,57.16978455,500.3952332,1798.90564,47.54438019,101.1191406,-3.961256981,-0.240869761,1,-0.219565243,2.737391472,1,0,0.159999996,111115,0.833992055,0.001771339,298.0071434,296.1157097,287.8248959,2.231743923,3.152696906,31.17804292,15.26922372,23.91142654,2.979076427,0.11327592,1.608686126,1.370390301,0.071205715,6.124532952,1.18581955,51.84537225,51.44473699,-0.007807268
ch03,3,8:31:38,1800.5,0,1.046530794,0.132738578,82.7010975,1.954042062,1.521292425,24.87627411,6,1.420000017,1,2.840000033,23.17664337,24.87627411,22.53014565,99.51869202,98.03424072,13.86350441,16.16848373,49.18998337,57.36843109,500.4248352,1798.522095,48.45978546,101.123024,-4.276991844,-0.251594782,1,-0.219565243,2.737391472,1,0,0.159999996,111115,0.834041392,0.001954042,298.0262741,296.3266434,287.7635287,2.160897323,3.156298394,31.21246052,15.04397679,24.02645874,2.999737927,0.126811541,1.635005968,1.364731958,0.079769229,8.362985066,0.843594002,52.83620509,97.5367701,0.005669115
ch03,4,8:34:07,1950,0,3.255126671,0.153156864,107.6704527,2.205970216,1.498396871,24.91637421,6,1.420000017,1,2.840000033,23.218256,24.91637421,22.52983856,150.5986328,146.3080292,13.86787891,16.46971703,49.08176041,58.29029083,500.3320923,1800.171387,52.53847504,101.1227036,-4.772185326,-0.255071878,1,-0.219565243,2.737391472,1,0,0.159999996,111115,0.83388682,0.00220597,298.0663742,296.368256,288.0274154,2.032378367,3.163859183,31.28732789,14.81761086,24.0673151,3.007106432,0.145319979,1.665462312,1.34164412,0.091498005,10.88792727,0.735916227,53.96430483,144.7606979,0.012134554
ch03,5,8:36:36,2098.5,0,6.842447529,0.175736575,151.2587034,2.469254871,1.472515618,24.93969727,6,1.420000017,1,2.840000033,23.24568939,24.93969727,22.53046608,230.1250458,221.2660828,13.85811424,16.76903152,48.96650696,59.25199127,500.4294434,1799.356079,61.55200958,101.1238098,-5.696211815,-0.267498255,1,-0.219565243,2.737391472,1,0,0.159999996,111115,0.834049072,0.002469255,298.0896973,296.3956894,287.8969662,1.893695013,3.168263973,31.330544,14.56151248,24.09269333,3.011691397,0.165495845,1.695748355,1.315943042,0.104308673,15.29585635,0.683605465,55.15274921,218.0135109,0.017309927
ch03,6,8:39:05,2248,0,11.51294787,0.187777041,205.8320221,2.611148254,1.462820458,24.99515915,6,1.420000017,1,2.840000033,23.28212738,24.99515915,22.5298996,330.4068909,315.6138916,13.89153385,16.96935272,48.97478867,59.82568359,500.3878784,1799.159546,67.23433685,101.1199188,-7.135420799,-0.270317316,1,-0.219565243,2.737391472,1,0,0.159999996,111115,0.833979797,0.002611148,298.1451591,296.4321274,287.8655209,1.816388686,3.178760028,31.43554767,14.46619494,24.13864326,3.020008508,0.176131462,1.71593957,1.304068939,0.111072386,20.81371737,0.652164013,55.76479871,310.1411876,0.020700805
ch03,7,8:41:34,2396.5,0,14.46728946,0.187170367,262.6063754,2.619427944,1.471785028,25.08495903,6,1.420000017,1,2.840000033,23.32067299,25.08495903,22.52793884,419.7149963,401.1071472,13.96135902,17.04880905,49.10822296,59.96813965,500.3682251,1799.603027,68.38052368,101.1234207,-8.252272606,-0.259567499,1,-0.219565243,2.737391472,1,0,0.159999996,111115,0.833947042,0.002619428,298.234959,296.470673,287.9364779,1.805654185,3.195818919,31.60315282,14.55434377,24.20281601,3.03165762,0.175597597,1.72403389,1.30762373,0.110732699,26.55565498,0.654703805,55.71680433,394.2300907,0.020446718
ch03,8,8:44:06,2549,0,15.32172768,0.188665192,479.3719328,2.627806609,1.465386603,25.1172905,6,1.420000017,1,2.840000033,23.33232689,25.1172905,22.52747536,650.1182861,629.7627563,14.07620239,17.17292023,49.47761154,60.36252213,500.4032593,1799.127197,60.28835678,101.1239624,-11.7230978,-0.254120111,0.666666687,-0.219565243,2.737391472,1,0,0.159999996,111115,0.834005432,0.002627807,298.2672905,296.4823269,287.8603451,1.79746789,3.201980342,31.66391294,14.49099272,24.22480869,3.035658923,0.176912637,1.736593739,1.299065184,0.111569463,48.47598931,0.761194478,56.0117144,622.4795408,0.013786738
ch03,9,8:47:04,2726.5,0,18.5390991,0.179746735,781.0672766,2.518748067,1.469919981,25.12466812,6,1.420000017,1,2.840000033,23.32216263,25.12466812,22.52815247,1000.973816,975.7967529,14.17372704,17.14214897,49.85058594,60.29085922,500.3812866,1799.096069,55.00868988,101.1231308,-16.7816925,-0.249973536,0.666666687,-0.219565243,2.737391472,1,0,0.159999996,111115,0.833968811,0.002518748,298.2746681,296.4721626,287.8553647,1.852008218,3.203387753,31.67809113,14.53594216,24.22341537,3.035405289,0.16904753,1.733467773,1.301937516,0.106566548,78.98396837,0.800440537,55.76513403,966.9841531,0.010691337
ch03,10,8:49:33,2876,0,19.42356727,0.164289138,949.7320028,2.33708502,1.484865687,25.0935936,6,1.420000017,1,2.840000033,23.30634499,25.0935936,22.52895737,1200.206177,1173.628052,14.18018436,16.93495369,49.92334747,59.62190247,500.406311,1799.355713,55.28647232,101.1279831,-19.59761047,-0.239689112,1,-0.219565243,2.737391472,1,0,0.159999996,111115,0.834010518,0.002337085,298.2435936,296.456345,287.8969076,1.949582459,3.197463398,31.61798841,14.68303472,24.19996929,3.031140031,0.155305009,1.71259771,1.318542321,0.097834704,96.04448192,0.809227422,55.00840137,1164.395018,0.00917609
ch03,11,8:52:02,3024.5,0,19.49020508,0.147943037,1511.556288,2.153189731,1.511189362,25.08989525,6,1.420000017,1,2.840000033,23.29384804,25.08989525,22.52698517,1799.623413,1771.677246,14.12804794,16.66701317,49.77935791,58.72525406,500.3540344,1799.538574,51.99482727,101.1320724,-28.4778595,-0.231998682,1,-0.219565243,2.737391472,1,0,0.159999996,111115,0.833923391,0.00215319,298.2398952,296.443848,287.9261654,2.044843279,3.196758946,31.60974425,14.94273108,24.19187164,3.029668144,0.140617884,1.685569583,1.34409856,0.088516195,152.8668201,0.853178135,53.95666352,1762.412536,0.005966971
ch05,12,9:13:02,4285,0,17.90664333,0.208060051,243.6779799,2.786034454,1.41871304,24.83727646,6,1.420000017,1,2.840000033,22.8854599,24.83727646,21.92817307,420.1164551,397.3170471,13.82103252,17.10465622,49.92755127,61.7894249,500.3704224,1799.437866,68.7587738,101.1565247,-8.561752319,-0.263622522,1,-0.219565243,2.737391472,1,0,0.159999996,111115,0.833950704,0.002786034,297.9872765,296.0354599,287.9100522,1.694610515,3.148960619,31.12958486,14.02492864,23.86136818,2.970124126,0.193857908,1.730247579,1.239876548,0.12236185,24.64961758,0.613308645,56.98455166,388.8050865,0.026244565
ch05,13,9:15:31,4433.5,0,-0.24126349,0.223793988,51.66995721,2.976977803,1.416737124,24.88289642,6,1.420000017,1,2.840000033,23.10395241,24.88289642,22.33181572,50.88767242,50.9949379,13.69793797,17.20630074,48.8406105,61.34983826,500.3624573,1798.738647,77.90510559,101.1727524,-4.585849762,-0.291689157,1,-0.219565243,2.737391472,1,0,0.159999996,111115,0.833937429,0.002976978,298.0328964,296.2539524,287.7981772,1.616214507,3.157545928,31.20944971,14.00314898,23.99342442,2.993791684,0.207447018,1.740808804,1.25298288,0.131030227,5.227591786,1.013236987,57.37728893,51.10962301,-0.002708501
ch05,14,9:18:00,4583,0,2.353712194,0.250111827,77.98201559,3.246905973,1.394305758,24.91196823,6,1.420000017,1,2.840000033,23.13980293,24.91196823,22.33181,99.31542969,96.11891937,13.6561985,17.48143959,48.58844757,62.19856644,500.3834229,1799.768433,92.17154694,101.1771317,-4.915340424,-0.298170328,1,-0.219565243,2.737391472,1,0,0.159999996,111115,0.833972371,0.003246906,298.0619682,296.2898029,287.9629428,1.477890399,3.163027673,31.26227855,13.78083896,24.02588558,2.999634669,0.229867924,1.768721915,1.230912754,0.145358707,7.889996658,0.81130766,58.47450148,95.00007732,0.014487583
ch05,15,9:20:30,4733,0,5.635621832,0.28207195,105.6614526,3.533465783,1.359015972,24.93203926,6,1.420000017,1,2.840000033,23.17271233,24.93203926,22.33118248,150.4152069,143.0514832,13.70698166,17.86822128,48.67073822,63.44646454,500.3791199,1799.183838,96.88032532,101.1740952,-5.318019867,-0.305980921,1,-0.219565243,2.737391472,1,0,0.159999996,111115,0.8339652,0.003533466,298.0820393,296.3227123,287.8694076,1.328670165,3.166817093,31.30067126,13.43244998,24.05237579,3.004410272,0.256587405,1.80780112,1.196609152,0.162477299,10.69020186,0.738625356,59.97905519,140.3725784,0.02408015
ch05,16,9:22:59,4881.5,0,10.85509178,0.31037668,150.7368164,3.743175586,1.320004577,24.90758705,6,1.420000017,1,2.840000033,23.1794796,24.90758705,22.33059883,229.7826538,215.7988281,13.8023653,18.20872688,48.98792267,64.62716675,500.4151917,1799.323853,97.37237549,101.1710739,-6.485469818,-0.300659418,0.666666687,-0.219565243,2.737391472,1,0,0.159999996,111115,0.834025319,0.003743176,298.0575871,296.3294796,287.89181,1.223607056,3.162201031,31.25597968,13.0472528,24.04353333,3.002815431,0.279798215,1.842196453,1.160618978,0.177386083,15.2502056,0.698506186,61.41504478,210.6388374,0.031649716
ch05,17,9:25:29,5032,0,16.071633,0.316551634,215.423143,3.764023865,1.304037764,24.86753082,6,1.420000017,1,2.840000033,23.16221428,24.86753082,22.33112526,330.5535583,309.8834839,13.86066818,18.29153824,49.24727249,64.99026489,500.37677,1799.816772,97.7071991,101.1732407,-7.762752533,-0.295322657,1,-0.219565243,2.737391472,1,0,0.159999996,111115,0.833961283,0.003764024,298.0175308,296.3122143,287.9706772,1.216834858,3.154651964,31.18069505,12.88915681,24.01487255,2.997651215,0.284806569,1.8506142,1.147037015,0.180607715,21.79505749,0.695174652,61.86515225,302.2437993,0.032896424
ch05,18,9:27:58,5180.5,0,19.55478646,0.30008066,274.1185696,3.637588472,1.322602017,24.87978363,6,1.420000017,1,2.840000033,23.15641022,24.87978363,22.33157921,420.0610046,394.890625,13.84762573,18.13034058,49.21960449,64.4419632,500.3794861,1799.68689,93.54080963,101.1761169,-9.01153183,-0.287750483,1,-0.219565243,2.737391472,1,0,0.159999996,111115,0.83396581,0.003637588,298.0297836,296.3064102,287.9498959,1.280209139,3.156959476,31.20261551,13.07227493,24.01809692,2.998231808,0.271403562,1.834357458,1.16387435,0.171989923,27.73425245,0.694163275,61.15057823,385.5952161,0.031011445
ch05,19,9:30:28,5331,0,24.13056415,0.286447313,460.9782862,3.535760505,1.340767342,24.89463043,6,1.420000017,1,2.840000033,23.16380882,24.89463043,22.3322773,650.5493164,618.989563,13.81798077,17.98153305,49.0838623,63.8735199,500.3682251,1799.488892,93.06330109,101.1587906,-12.25011826,-0.279571772,1,-0.219565243,2.737391472,1,0,0.159999996,111115,0.833947042,0.003535761,298.0446304,296.3138088,287.9182162,1.331992176,3.159757478,31.23561936,13.25408631,24.02921963,3.000235359,0.260202808,1.818990136,1.181245223,0.164797213,46.63200592,0.744727074,60.48263611,607.5190485,0.024023611
ch05,20,9:33:15,5498,0,25.16644223,0.256959255,778.7933018,3.297043764,1.38082722,24.95625496,6,1.420000017,1,2.840000033,23.17564201,24.95625496,22.33082771,1000.940002,966.944458,13.8158617,17.69887924,49.04589844,62.83049393,500.4391174,1799.133301,103.2608566,101.1683884,-17.33233261,-0.265604258,0.666666687,-0.219565243,2.737391472,1,0,0.159999996,111115,0.834065196,0.003297044,298.106255,296.325642,287.8613217,1.449172515,3.171394309,31.34768044,13.6488012,24.06594849,3.006859705,0.235638969,1.790567089,1.216292617,0.149052122,78.78926321,0.80541679,59.06874728,954.9815367,0.015566272
ch05,21,9:36:02,5664.5,0,26.1275564,0.227840008,944.2588247,3.038376362,1.421799827,25.02297783,6,1.420000017,1,2.840000033,23.18559074,25.02297783,22.33038521,1199.959473,1164.383911,13.83796883,17.41820717,49.09663773,61.79920197,500.321991,1799.137085,96.20172119,101.172081,-20.25982285,-0.251217127,0.666666687,-0.219565243,2.737391472,1,0,0.159999996,111115,0.833869985,0.003038376,298.1729778,296.3355907,287.8619272,1.576481216,3.184036093,31.47148959,14.05328242,24.10428429,3.013787513,0.21091896,1.762236266,1.251551246,0.133246882,95.53263029,0.810951453,57.62650545,1151.964122,0.013070197
ch05,22,9:38:31,5814,0,25.73646436,0.205116191,1512.12148,2.822148992,1.4562115,25.067276,6,1.420000017,1,2.840000033,23.18803024,25.067276,22.33024406,1800.409546,1763.578247,13.8347683,17.16097641,49.07889938,60.87863922,500.3387756,1799.200806,102.4139175,101.1738434,-28.88055038,-0.246383905,1,-0.219565243,2.737391472,1,0,0.159999996,111115,0.833897959,0.002822149,298.217276,296.3380302,287.8721225,1.683794105,3.19245344,31.55413823,14.39316182,24.12765312,3.018017426,0.191299755,1.73624194,1.281775486,0.120731373,152.9871418,0.857416722,56.39626701,1751.344365,0.008287579
ch09,23,9:57:39,6962,0,21.45058158,0.289200223,255.9099596,3.501414482,1.316284936,24.87564278,6,1.420000017,1,2.840000033,22.99396706,24.87564278,21.93440437,419.1196594,391.7530212,14.06406307,18.18632126,50.47905731,65.27476501,500.3670044,1800.089233,165.8121796,101.1691437,-8.697719574,-0.264177561,0.666666687,-0.219565243,2.737391472,1,0,0.159999996,111115,0.833945007,0.003501414,298.0256428,296.1439671,288.0142709,1.331135842,3.156179484,31.19705643,13.01073517,23.93480492,2.983265427,0.262472382,1.839894548,1.143370879,0.166253981,25.89019147,0.653243104,61.19110464,381.5564421,0.034400803
ch09,24,10:00:08,7110.5,0,-0.155375865,0.298755516,50.51581663,3.583388656,1.307972072,24.89584732,6,1.420000017,1,2.840000033,23.18837166,24.89584732,22.33386421,50.69849396,50.66709518,14.08664894,18.30503845,49.97205353,64.93669128,500.3513184,1800.065063,164.6460571,101.1751404,-4.819877625,-0.289394617,1,-0.219565243,2.737391472,1,0,0.159999996,111115,0.833918864,0.003583389,298.0458473,296.3383717,288.0104037,1.311293916,3.159986907,31.23283936,12.92780091,24.04210949,3.002558695,0.270319132,1.852014835,1.15054386,0.171293181,5.110944839,0.997014264,61.59687957,50.74095343,-0.001886182
ch09,25,10:02:38,7260.5,0,3.155230442,0.310337029,75.40993751,3.67079398,1.294552672,24.89284325,6,1.420000017,1,2.840000033,23.20407486,24.89284325,22.32908249,99.16402435,94.96240997,14.11135292,18.43206215,50.01224899,65.32533264,500.3530884,1800.329102,168.6553497,101.1752167,-5.194847107,-0.2815516,1,-0.219565243,2.737391472,1,0,0.159999996,111115,0.833921814,0.003670794,298.0428432,296.3540749,288.0526498,1.268620474,3.159420554,31.22721806,12.79515591,24.04845905,3.003703752,0.279765992,1.864867882,1.13883587,0.177365361,7.629616767,0.79410303,62.12147001,93.46256453,0.020971771
ch09,26,10:05:08,7411,0,6.62049508,0.323629212,103.1271064,3.759048599,1.276518849,24.8612709,6,1.420000017,1,2.840000033,23.19768143,24.8612709,22.32935715,150.123764,141.5474701,14.128335,18.55200005,50.09050751,65.7741394,500.3964844,1800.457886,209.7489319,101.1726379,-5.672538757,-0.284546137,1,-0.219565243,2.737391472,1,0,0.159999996,111115,0.833994141,0.003759049,298.0112709,296.3476814,288.0732553,1.226218966,3.153473633,31.16923407,12.61723402,24.02947617,3.000281583,0.290522972,1.876954784,1.1233268,0.184286826,10.4336414,0.728569054,62.73474521,138.4004038,0.030009672
ch09,27,10:07:38,7560.5,0,11.91361912,0.33738096,149.0974246,3.89776577,1.274972957,24.94270325,6,1.420000017,1,2.840000033,23.35700989,24.94270325,22.52785683,230.3435364,215.0517578,14.13261318,18.71924782,49.62537003,65.73091888,500.3410339,1799.984009,185.0836182,101.1717529,-6.549110413,-0.294769526,1,-0.219565243,2.737391472,1,0,0.159999996,111115,0.833901723,0.003897766,298.0927032,296.5070099,287.997435,1.16288527,3.168832072,31.32131233,12.60206451,24.14985657,3.022041204,0.301557144,1.893859115,1.128182089,0.1913946,15.0844478,0.69330949,63.11453882,209.3885939,0.035910389
ch09,28,10:10:08,7711,0,18.00616177,0.348839498,210.0238405,4.010946742,1.273277535,24.99194908,6,1.420000017,1,2.840000033,23.38861275,24.99194908,22.52727699,329.6135864,306.5490112,14.11030769,18.82907677,49.45012665,65.98723602,500.3963013,1799.44165,160.6772308,101.166626,-7.75528717,-0.291849375,1,-0.219565243,2.737391472,1,0,0.159999996,111115,0.833993835,0.004010947,298.1419491,296.5386127,287.9106576,1.10019181,3.178151702,31.41502122,12.58594445,24.19028091,3.029379074,0.310678595,1.904874167,1.124504908,0.197276366,21.24740332,0.685123203,63.39976405,297.9897443,0.038309587
ch09,29,10:12:38,7860.5,0,22.66433343,0.355266697,271.0184913,4.074844266,1.272687755,25.02971458,6,1.420000017,1,2.840000033,23.4181366,25.02971458,22.52668762,419.8322754,390.7467346,14.11109257,18.90478325,49.36728287,66.13787842,500.3840027,1798.790649,176.3207855,101.1716003,-8.937507629,-0.294338465,1,-0.219565243,2.737391472,1,0,0.159999996,111115,0.833973338,0.004074844,298.1797146,296.5681366,287.8064975,1.064339487,3.185314931,31.48427938,12.57949613,24.22392559,3.035498164,0.315766262,1.912627175,1.122870989,0.200559433,27.41937449,0.693591187,63.56969904,379.973196,0.037917539
ch09,30,10:15:08,8010.5,0,26.97023882,0.356326204,469.8543673,4.073114338,1.268631554,25.03411674,6,1.420000017,1,2.840000033,23.41781807,25.03411674,22.52488327,650.2999878,614.9542236,14.16303921,18.95484161,49.54551697,66.30832672,500.3431396,1799.074951,202.7299347,101.1625061,-12.33661652,-0.28828454,0.666666687,-0.219565243,2.737391472,1,0,0.159999996,111115,0.833905233,0.004073114,298.1841167,296.5678181,287.8519858,1.065137545,3.186150835,31.49537272,12.5405311,24.22596741,3.035869865,0.316602986,1.91751928,1.118350585,0.201099534,47.5316453,0.764047712,63.70622953,602.1338638,0.028534722
ch09,31,10:17:55,8178,0,25.57934777,0.352417735,818.3537067,4.027804913,1.26688436,25.03806496,6,1.420000017,1,2.840000033,23.41692924,25.03806496,22.52428055,1000.19751,964.8617554,14.24062824,18.97917747,49.82052612,66.39823151,500.3253479,1799.739746,260.1855164,101.16436,-17.83698273,-0.283302546,0.666666687,-0.219565243,2.737391472,1,0,0.159999996,111115,0.83387558,0.004027805,298.188065,296.5669292,287.9583529,1.089410149,3.186900704,31.50220791,12.52303044,24.2274971,3.036148363,0.313513598,1.920016343,1.11613202,0.199105578,82.78822903,0.848156435,63.71979956,952.7025585,0.017108287
ch09,32,10:20:31,8333.5,0,26.93012457,0.348982904,1004.290305,3.991857773,1.266602814,25.03458023,6,1.420000017,1,2.840000033,23.40901566,25.03458023,22.52651596,1200.525146,1162.665039,14.27888298,18.9750576,49.97916794,66.41679382,500.3364258,1800.030518,265.1974487,101.1662827,-21.28498077,-0.26742959,0.666666687,-0.219565243,2.737391472,1,0,0.159999996,111115,0.833894043,0.003991858,298.1845802,296.5590157,288.0048764,1.108164358,3.186238855,31.49506704,12.52000944,24.22179794,3.035110881,0.310792337,1.919636041,1.11547484,0.197349744,101.6003168,0.863783008,63.68146101,1149.863748,0.014914373
ch09,33,10:23:01,8484,0,26.72540002,0.345614121,1588.615596,3.963132125,1.268437972,25.0363369,6,1.420000017,1,2.840000033,23.40585518,25.0363369,22.52434349,1799.550537,1759.142334,14.29750824,18.95982933,50.0549202,66.37748718,500.3505859,1799.994751,248.2020874,101.1683426,-30.79706573,-0.261860132,1,-0.219565243,2.737391472,1,0,0.159999996,111115,0.833917643,0.003963132,298.1863369,296.5558552,287.9991537,1.122442528,3.186572481,31.49772349,12.53789416,24.22109604,3.034983127,0.308117703,1.918134509,1.116848618,0.195624474,160.7176068,0.903062569,63.59442404,1746.438359,0.009731729
ch12,34,10:44:06,9749,0,11.98267423,0.144904441,258.5313075,1.974148178,1.40968721,26.197052,6,1.420000017,1,2.840000033,23.1343708,26.197052,21.05784988,419.4874268,404.159729,17.49100876,19.81169701,62.24144363,70.49957275,500.2921753,1799.174316,111.4286346,101.1582565,-9.265968323,-0.25468564,1,-0.219565243,2.737391472,1,0,0.159999996,111115,0.833820292,0.001974148,299.347052,296.2843708,287.8678842,1.962764404,3.413803938,33.74716069,13.93546368,24.6657114,3.116855814,0.137869945,2.004116728,1.112739086,0.086774266,26.15257633,0.639676071,59.62980823,398.4637396,0.017931985
ch12,35,10:46:37,9899.5,0,-0.216518902,0.159918474,50.38140927,2.058599022,1.338807522,25.97683907,6,1.420000017,1,2.840000033,22.74570084,25.97683907,20.57622337,49.0472374,49.18547058,17.65641212,20.07563782,64.32669067,73.14053345,500.3099976,1799.440796,107.4148331,101.1588898,-4.788848877,-0.246859789,1,-0.219565243,2.737391472,1,0,0.159999996,111115,0.833849996,0.002058599,299.1268391,295.8957008,287.9105209,1.898442738,3.369636755,33.31033746,13.23469964,24.36126995,3.060589759,0.151393603,2.030829233,1.029760526,0.095351679,5.096527427,1.024314877,61.35493051,49.2883933,-0.00269526
ch12,36,10:49:06,10048.5,0,1.560591401,0.184665496,81.56623107,2.252434227,1.278915458,25.86898041,6,1.420000017,1,2.840000033,22.65575409,25.86898041,20.4965477,99.82250214,97.68702698,17.80960083,20.45565224,65.23981476,74.9327774,500.2984924,1800.04248,103.1239929,101.1588974,-4.906341553,-0.287152529,1,-0.219565243,2.737391472,1,0,0.159999996,111115,0.833830821,0.002252434,299.0189804,295.8057541,288.0067904,1.80154714,3.348186684,33.0982916,12.64263936,24.26236725,3.042502924,0.173391077,2.069271226,0.973231699,0.109328937,8.25115,0.834975059,63.14802366,96.94519657,0.010165358
ch12,37,10:51:38,10200.5,0,3.477771909,0.223436223,116.5211124,2.591945929,1.231321939,25.93878937,6,1.420000017,1,2.840000033,22.77256393,25.93878937,20.61324692,150.3236237,145.7001038,18.0223465,21.0651989,65.54692841,76.61373138,500.3225403,1799.39563,120.3217239,101.1494904,-4.774658203,-0.311499834,1,-0.219565243,2.737391472,1,0,0.159999996,111115,0.8338709,0.002591946,299.0887894,295.9225639,287.9032943,1.628902503,3.362056072,33.23848751,12.17328861,24.35567665,3.059564382,0.207139574,2.130734133,0.928830249,0.130833978,11.78605113,0.799732529,65.09954394,144.0469376,0.015717194
ch12,38,10:54:08,10351,0,7.187652672,0.268280548,171.0371439,2.950533603,1.183961917,26.02052307,6,1.420000017,1,2.840000033,22.86829376,26.02052307,20.65494156,230.5027618,221.1001434,18.23312759,21.69496536,65.92874908,78.44632721,500.2872009,1799.295166,91.71164703,101.147728,-5.273330688,-0.330168962,1,-0.219565243,2.737391472,1,0,0.159999996,111115,0.833812002,0.002950534,299.1705231,296.0182938,287.8872201,1.442944743,3.378358372,33.40023982,11.70527446,24.44440842,3.07586635,0.245124835,2.194396455,0.881469896,0.155127736,17.30001851,0.773573193,67.07226979,217.6834776,0.022146475
ch12,39,10:56:38,10500.5,0,11.13617201,0.283074173,242.5348426,2.815912518,1.077240229,25.14933395,6,1.420000017,1,2.840000033,22.08945465,25.14933395,19.88293648,330.0940552,315.6724548,17.76132202,21.06728172,67.3336792,79.8666687,500.2944641,1800.580811,73.12796021,101.1453171,-6.622756958,-0.309872866,1,-0.219565243,2.737391472,1,0,0.159999996,111115,0.833824107,0.002815913,298.299334,295.2394547,288.0929232,1.533256506,3.208097119,31.71770292,10.65042119,23.6193943,2.927181044,0.257416446,2.13085689,0.796324154,0.163009197,24.53126356,0.768311707,68.63702992,310.378852,0.024626477
ch12,40,10:59:07,10649.5,0,12.27216876,0.257100626,313.8908513,2.940257305,1.230041859,24.73568916,6,1.420000017,1,2.840000033,22.25448799,24.73568916,20.78207779,419.3937073,403.2532959,15.3239336,18.78403854,57.5111351,70.49700928,500.278595,1800.287231,69.69358826,101.1430054,-8.222610474,-0.239577532,1,-0.219565243,2.737391472,1,0,0.159999996,111115,0.833797658,0.002940257,297.8856892,295.404488,288.0459506,1.546239155,3.129915971,30.94545153,12.16141299,23.49508858,2.905332388,0.235757848,1.899874111,1.005458277,0.149128227,31.74786406,0.778396245,63.04396419,397.4196946,0.019467736
ch12,41,11:02:00,10822.5,0,15.21100397,0.220944706,499.8110651,2.894488908,1.39299978,25.02292061,6,1.420000017,1,2.840000033,22.92282295,25.02292061,21.74330902,650.359314,629.9301147,14.29779911,17.70767784,51.5267067,63.81529999,500.2936096,1799.754639,97.0231781,101.1440048,-12.93946838,-0.237406969,1,-0.219565243,2.737391472,1,0,0.159999996,111115,0.833822683,0.002894489,298.1729206,296.072823,287.9607358,1.617971184,3.184025233,31.48011826,13.77244042,23.97287178,2.990097373,0.204996504,1.791025453,1.19907192,0.129466175,50.55289278,0.793438912,58.3848049,622.699532,0.014261959
ch12,42,11:04:56,10999,0,15.50674002,0.197816068,824.5910917,2.796048803,1.492292965,25.06863213,6,1.420000017,1,2.840000033,22.94426918,25.06863213,21.73303795,1000.986206,979.1069946,13.51429081,16.81102943,48.64226532,60.50828171,500.3207092,1799.988647,98.99736786,101.1489792,-19.05671692,-0.200522661,0.666666687,-0.219565243,2.737391472,1,0,0.159999996,111115,0.833867849,0.002796049,298.2186321,296.0942692,287.9981772,1.666394217,3.192711431,31.5644454,14.75341597,24.00645065,2.9961352,0.18493471,1.700418466,1.295716734,0.116676365,83.40654717,0.842186907,55.21990419,971.7358331,0.008811867
ch12,43,11:07:48,11170.5,0,16.02348502,0.170315603,991.9319073,2.512392485,1.543521165,25.09957314,6,1.420000017,1,2.840000033,22.94068336,25.09957314,21.73482132,1199.866089,1177.102783,13.4001112,16.3638649,48.23865891,58.90778732,500.3006897,1799.556519,94.80029297,101.1424561,-22.13642883,-0.178160906,0.666666687,-0.219565243,2.737391472,1,0,0.159999996,111115,0.833834483,0.002512392,298.2495731,296.0906834,287.9290365,1.80901844,3.198602652,31.6247279,15.260863,24.02012825,2.998597627,0.160679602,1.655081486,1.343516141,0.101248202,100.3264293,0.842689289,53.35487608,1169.485986,0.007310315
ch12,44,11:10:21,11324,0,17.07790418,0.150295231,1542.57731,2.275804448,1.57396749,25.14581299,6,1.420000017,1,2.840000033,22.78247261,25.14581299,21.33001709,1799.953003,1774.626831,13.46479702,16.15019798,48.93798447,58.69811249,500.2716064,1798.34082,107.8729782,101.1416092,-31.96943665,-0.161713839,1,-0.219565243,2.737391472,1,0,0.159999996,111115,0.833786011,0.002275804,298.295813,295.9324726,287.7345248,1.902974853,3.207424502,31.71221546,15.56201747,23.9641428,2.988529555,0.142741242,1.633457013,1.355072543,0.089862535,156.0187514,0.869240385,52.25112326,1766.508813,0.005051431
