Date,Excel_time,Temp
12/2/2015 00:00:00 EST,42047,22.1
12/2/2015 00:01:00 EST,42047.00069,22
12/2/2015 00:02:00 EST,42047.00139,22.1
12/2/2015 00:03:00 EST,42047.00208,22
12/2/2015 00:04:00 EST,42047.00278,21.9
12/2/2015 00:05:00 EST,42047.00347,21.9
12/2/2015 00:06:00 EST,42047.00417,21.9
12/2/2015 00:07:00 EST,42047.00486,21.9
12/2/2015 00:08:00 EST,42047.00556,21.9
12/2/2015 00:09:00 EST,42047.00625,21.9
12/2/2015 00:10:00 EST,42047.00694,21.9
12/2/2015 00:11:00 EST,42047.00764,21.9
12/2/2015 00:12:00 EST,42047.00833,21.9
12/2/2015 00:13:00 EST,42047.00903,21.9
12/2/2015 00:14:00 EST,42047.00972,21.9
12/2/2015 00:15:00 EST,42047.01042,21.9
12/2/2015 00:16:00 EST,42047.01111,21.9
12/2/2015 00:17:00 EST,42047.01181,21.9
12/2/2015 00:18:00 EST,42047.0125,21.9
12/2/2015 00:19:00 EST,42047.01319,21.9
12/2/2015 00:20:00 EST,42047.01389,21.9
12/2/2015 00:21:00 EST,42047.01458,21.8
12/2/2015 00:22:00 EST,42047.01528,21.8
12/2/2015 00:23:00 EST,42047.01597,21.8
12/2/2015 00:24:00 EST,42047.01667,21.8
12/2/2015 00:25:00 EST,42047.01736,21.7
12/2/2015 00:26:00 EST,42047.01806,21.7
12/2/2015 00:27:00 EST,42047.01875,21.7
12/2/2015 00:28:00 EST,42047.01944,21.7
12/2/2015 00:29:00 EST,42047.02014,21.7
12/2/2015 00:30:00 EST,42047.02083,21.7
12/2/2015 00:31:00 EST,42047.02153,21.7
12/2/2015 00:32:00 EST,42047.02222,21.6
12/2/2015 00:33:00 EST,42047.02292,21.6
12/2/2015 00:34:00 EST,42047.02361,21.6
12/2/2015 00:35:00 EST,42047.02431,21.7
12/2/2015 00:36:00 EST,42047.025,21.6
12/2/2015 00:37:00 EST,42047.02569,21.6
12/2/2015 00:38:00 EST,42047.02639,21.6
12/2/2015 00:39:00 EST,42047.02708,21.6
12/2/2015 00:40:00 EST,42047.02778,21.6
12/2/2015 00:41:00 EST,42047.02847,21.6
12/2/2015 00:42:00 EST,42047.02917,21.6
12/2/2015 00:43:00 EST,42047.02986,21.6
12/2/2015 00:44:00 EST,42047.03056,21.6
12/2/2015 00:45:00 EST,42047.03125,21.6
12/2/2015 00:46:00 EST,42047.03194,21.6
12/2/2015 00:47:00 EST,42047.03264,21.6
12/2/2015 00:48:00 EST,42047.03333,21.6
12/2/2015 00:49:00 EST,42047.03403,21.5
12/2/2015 00:50:00 EST,42047.03472,21.6
12/2/2015 00:51:00 EST,42047.03542,21.5
12/2/2015 00:52:00 EST,42047.03611,21.6
12/2/2015 00:53:00 EST,42047.03681,21.5
12/2/2015 00:54:00 EST,42047.0375,21.6
12/2/2015 00:55:00 EST,42047.03819,21.5
12/2/2015 00:56:00 EST,42047.03889,21.5
12/2/2015 00:57:00 EST,42047.03958,21.5
12/2/2015 00:58:00 EST,42047.04028,21.5
12/2/2015 00:59:00 EST,42047.04097,21.5
12/2/2015 01:00:00 EST,42047.04167,21.5
12/2/2015 01:01:00 EST,42047.04236,21.5
12/2/2015 01:02:00 EST,42047.04306,21.5
12/2/2015 01:03:00 EST,42047.04375,21.5
12/2/2015 01:04:00 EST,42047.04444,21.5
12/2/2015 01:05:00 EST,42047.04514,21.5
12/2/2015 01:06:00 EST,42047.04583,21.5
12/2/2015 01:07:00 EST,42047.04653,21.4
12/2/2015 01:08:00 EST,42047.04722,21.4
12/2/2015 01:09:00 EST,42047.04792,21.4
12/2/2015 01:10:00 EST,42047.04861,21.4
12/2/2015 01:11:00 EST,42047.04931,21.4
12/2/2015 01:12:00 EST,42047.05,21.4
12/2/2015 01:13:00 EST,42047.05069,21.4
12/2/2015 01:14:00 EST,42047.05139,21.4
12/2/2015 01:15:00 EST,42047.05208,21.4
12/2/2015 01:16:00 EST,42047.05278,21.3
12/2/2015 01:17:00 EST,42047.05347,21.3
12/2/2015 01:18:00 EST,42047.05417,21.2
12/2/2015 01:19:00 EST,42047.05486,21.3
12/2/2015 01:20:00 EST,42047.05556,21.2
12/2/2015 01:21:00 EST,42047.05625,21.2
12/2/2015 01:22:00 EST,42047.05694,21.2
12/2/2015 01:23:00 EST,42047.05764,21.2
12/2/2015 01:24:00 EST,42047.05833,21.1
12/2/2015 01:25:00 EST,42047.05903,21.2
12/2/2015 01:26:00 EST,42047.05972,21.1
12/2/2015 01:27:00 EST,42047.06042,21.1
12/2/2015 01:28:00 EST,42047.06111,21.1
12/2/2015 01:29:00 EST,42047.06181,21.1
12/2/2015 01:30:00 EST,42047.0625,21.1
12/2/2015 01:31:00 EST,42047.06319,21.1
12/2/2015 01:32:00 EST,42047.06389,21.1
12/2/2015 01:33:00 EST,42047.06458,21.1
12/2/2015 01:34:00 EST,42047.06528,21.1
12/2/2015 01:35:00 EST,42047.06597,21.1
12/2/2015 01:36:00 EST,42047.06667,21.2
12/2/2015 01:37:00 EST,42047.06736,21.1
12/2/2015 01:38:00 EST,42047.06806,21.1
12/2/2015 01:39:00 EST,42047.06875,21.1
12/2/2015 01:40:00 EST,42047.06944,21.1
12/2/2015 01:41:00 EST,42047.07014,21.1
12/2/2015 01:42:00 EST,42047.07083,21.1
12/2/2015 01:43:00 EST,42047.07153,21.1
12/2/2015 01:44:00 EST,42047.07222,21.1
12/2/2015 01:45:00 EST,42047.07292,21.1
12/2/2015 01:46:00 EST,42047.07361,21.1
12/2/2015 01:47:00 EST,42047.07431,21.2
12/2/2015 01:48:00 EST,42047.075,21
12/2/2015 01:49:00 EST,42047.07569,21
12/2/2015 01:50:00 EST,42047.07639,21
12/2/2015 01:51:00 EST,42047.07708,21.1
12/2/2015 01:52:00 EST,42047.07778,21.1
12/2/2015 01:53:00 EST,42047.07847,21
12/2/2015 01:54:00 EST,42047.07917,21
12/2/2015 01:55:00 EST,42047.07986,21
12/2/2015 01:56:00 EST,42047.08056,21.1
12/2/2015 01:57:00 EST,42047.08125,21
12/2/2015 01:58:00 EST,42047.08194,21
12/2/2015 01:59:00 EST,42047.08264,21
12/2/2015 02:00:00 EST,42047.08333,21
12/2/2015 02:01:00 EST,42047.08403,21.1
12/2/2015 02:02:00 EST,42047.08472,21.1
12/2/2015 02:03:00 EST,42047.08542,21.1
12/2/2015 02:04:00 EST,42047.08611,21.1
12/2/2015 02:05:00 EST,42047.08681,21.1
12/2/2015 02:06:00 EST,42047.0875,21.1
12/2/2015 02:07:00 EST,42047.08819,21
12/2/2015 02:08:00 EST,42047.08889,21
12/2/2015 02:09:00 EST,42047.08958,21.1
12/2/2015 02:10:00 EST,42047.09028,21
12/2/2015 02:11:00 EST,42047.09097,21
12/2/2015 02:12:00 EST,42047.09167,21
12/2/2015 02:13:00 EST,42047.09236,21
12/2/2015 02:14:00 EST,42047.09306,21
12/2/2015 02:15:00 EST,42047.09375,21
12/2/2015 02:16:00 EST,42047.09444,21
12/2/2015 02:17:00 EST,42047.09514,20.9
12/2/2015 02:18:00 EST,42047.09583,20.9
12/2/2015 02:19:00 EST,42047.09653,21
12/2/2015 02:20:00 EST,42047.09722,20.9
12/2/2015 02:21:00 EST,42047.09792,21
12/2/2015 02:22:00 EST,42047.09861,20.9
12/2/2015 02:23:00 EST,42047.09931,20.9
12/2/2015 02:24:00 EST,42047.1,20.8
12/2/2015 02:25:00 EST,42047.10069,20.8
12/2/2015 02:26:00 EST,42047.10139,20.8
12/2/2015 02:27:00 EST,42047.10208,20.9
12/2/2015 02:28:00 EST,42047.10278,20.9
12/2/2015 02:29:00 EST,42047.10347,20.9
12/2/2015 02:30:00 EST,42047.10417,20.9
12/2/2015 02:31:00 EST,42047.10486,20.9
12/2/2015 02:32:00 EST,42047.10556,20.8
12/2/2015 02:33:00 EST,42047.10625,20.9
12/2/2015 02:34:00 EST,42047.10694,20.8
12/2/2015 02:35:00 EST,42047.10764,20.8
12/2/2015 02:36:00 EST,42047.10833,20.8
12/2/2015 02:37:00 EST,42047.10903,20.8
12/2/2015 02:38:00 EST,42047.10972,20.8
12/2/2015 02:39:00 EST,42047.11042,20.8
12/2/2015 02:40:00 EST,42047.11111,20.7
12/2/2015 02:41:00 EST,42047.11181,20.8
12/2/2015 02:42:00 EST,42047.1125,20.7
12/2/2015 02:43:00 EST,42047.11319,20.7
12/2/2015 02:44:00 EST,42047.11389,20.7
12/2/2015 02:45:00 EST,42047.11458,20.8
12/2/2015 02:46:00 EST,42047.11528,20.8
12/2/2015 02:47:00 EST,42047.11597,20.7
12/2/2015 02:48:00 EST,42047.11667,20.7
12/2/2015 02:49:00 EST,42047.11736,20.7
12/2/2015 02:50:00 EST,42047.11806,20.7
12/2/2015 02:51:00 EST,42047.11875,20.7
12/2/2015 02:52:00 EST,42047.11944,20.7
12/2/2015 02:53:00 EST,42047.12014,20.7
12/2/2015 02:54:00 EST,42047.12083,20.8
12/2/2015 02:55:00 EST,42047.12153,20.7
12/2/2015 02:56:00 EST,42047.12222,20.7
12/2/2015 02:57:00 EST,42047.12292,20.7
12/2/2015 02:58:00 EST,42047.12361,20.7
12/2/2015 02:59:00 EST,42047.12431,20.8
12/2/2015 03:00:00 EST,42047.125,20.8
12/2/2015 03:01:00 EST,42047.12569,20.7
12/2/2015 03:02:00 EST,42047.12639,20.8
12/2/2015 03:03:00 EST,42047.12708,20.7
12/2/2015 03:04:00 EST,42047.12778,20.7
12/2/2015 03:05:00 EST,42047.12847,20.7
12/2/2015 03:06:00 EST,42047.12917,20.7
12/2/2015 03:07:00 EST,42047.12986,20.7
12/2/2015 03:08:00 EST,42047.13056,20.7
12/2/2015 03:09:00 EST,42047.13125,20.7
12/2/2015 03:10:00 EST,42047.13194,20.7
12/2/2015 03:11:00 EST,42047.13264,20.7
12/2/2015 03:12:00 EST,42047.13333,20.7
12/2/2015 03:13:00 EST,42047.13403,20.7
12/2/2015 03:14:00 EST,42047.13472,20.7
12/2/2015 03:15:00 EST,42047.13542,20.7
12/2/2015 03:16:00 EST,42047.13611,20.7
12/2/2015 03:17:00 EST,42047.13681,20.7
12/2/2015 03:18:00 EST,42047.1375,20.7
12/2/2015 03:19:00 EST,42047.13819,20.7
12/2/2015 03:20:00 EST,42047.13889,20.7
12/2/2015 03:21:00 EST,42047.13958,20.7
12/2/2015 03:22:00 EST,42047.14028,20.7
12/2/2015 03:23:00 EST,42047.14097,20.7
12/2/2015 03:24:00 EST,42047.14167,20.7
12/2/2015 03:25:00 EST,42047.14236,20.7
12/2/2015 03:26:00 EST,42047.14306,20.7
12/2/2015 03:27:00 EST,42047.14375,20.7
12/2/2015 03:28:00 EST,42047.14444,20.8
12/2/2015 03:29:00 EST,42047.14514,20.7
12/2/2015 03:30:00 EST,42047.14583,20.7
12/2/2015 03:31:00 EST,42047.14653,20.7
12/2/2015 03:32:00 EST,42047.14722,20.6
12/2/2015 03:33:00 EST,42047.14792,20.6
12/2/2015 03:34:00 EST,42047.14861,20.6
12/2/2015 03:35:00 EST,42047.14931,20.6
12/2/2015 03:36:00 EST,42047.15,20.6
12/2/2015 03:37:00 EST,42047.15069,20.6
12/2/2015 03:38:00 EST,42047.15139,20.6
12/2/2015 03:39:00 EST,42047.15208,20.7
12/2/2015 03:40:00 EST,42047.15278,20.6
12/2/2015 03:41:00 EST,42047.15347,20.6
12/2/2015 03:42:00 EST,42047.15417,20.7
12/2/2015 03:43:00 EST,42047.15486,20.6
12/2/2015 03:44:00 EST,42047.15556,20.7
12/2/2015 03:45:00 EST,42047.15625,20.6
12/2/2015 03:46:00 EST,42047.15694,20.7
12/2/2015 03:47:00 EST,42047.15764,20.6
12/2/2015 03:48:00 EST,42047.15833,20.5
12/2/2015 03:49:00 EST,42047.15903,20.5
12/2/2015 03:50:00 EST,42047.15972,20.5
12/2/2015 03:51:00 EST,42047.16042,20.5
12/2/2015 03:52:00 EST,42047.16111,20.5
12/2/2015 03:53:00 EST,42047.16181,20.5
12/2/2015 03:54:00 EST,42047.1625,20.5
12/2/2015 03:55:00 EST,42047.16319,20.5
12/2/2015 03:56:00 EST,42047.16389,20.5
12/2/2015 03:57:00 EST,42047.16458,20.5
12/2/2015 03:58:00 EST,42047.16528,20.5
12/2/2015 03:59:00 EST,42047.16597,20.5
12/2/2015 04:00:00 EST,42047.16667,20.4
12/2/2015 04:01:00 EST,42047.16736,20.4
12/2/2015 04:02:00 EST,42047.16806,20.5
12/2/2015 04:03:00 EST,42047.16875,20.4
12/2/2015 04:04:00 EST,42047.16944,20.4
12/2/2015 04:05:00 EST,42047.17014,20.4
12/2/2015 04:06:00 EST,42047.17083,20.4
12/2/2015 04:07:00 EST,42047.17153,20.4
12/2/2015 04:08:00 EST,42047.17222,20.4
12/2/2015 04:09:00 EST,42047.17292,20.3
12/2/2015 04:10:00 EST,42047.17361,20.3
12/2/2015 04:11:00 EST,42047.17431,20.4
12/2/2015 04:12:00 EST,42047.175,20.3
12/2/2015 04:13:00 EST,42047.17569,20.3
12/2/2015 04:14:00 EST,42047.17639,20.4
12/2/2015 04:15:00 EST,42047.17708,20.3
12/2/2015 04:16:00 EST,42047.17778,20.3
12/2/2015 04:17:00 EST,42047.17847,20.4
12/2/2015 04:18:00 EST,42047.17917,20.3
12/2/2015 04:19:00 EST,42047.17986,20.3
12/2/2015 04:20:00 EST,42047.18056,20.3
12/2/2015 04:21:00 EST,42047.18125,20.4
12/2/2015 04:22:00 EST,42047.18194,20.4
12/2/2015 04:23:00 EST,42047.18264,20.3
12/2/2015 04:24:00 EST,42047.18333,20.5
12/2/2015 04:25:00 EST,42047.18403,20.4
12/2/2015 04:26:00 EST,42047.18472,20.4
12/2/2015 04:27:00 EST,42047.18542,20.4
12/2/2015 04:28:00 EST,42047.18611,20.4
12/2/2015 04:29:00 EST,42047.18681,20.4
12/2/2015 04:30:00 EST,42047.1875,20.3
12/2/2015 04:31:00 EST,42047.18819,20.3
12/2/2015 04:32:00 EST,42047.18889,20.3
12/2/2015 04:33:00 EST,42047.18958,20.3
12/2/2015 04:34:00 EST,42047.19028,20.3
12/2/2015 04:35:00 EST,42047.19097,20.3
12/2/2015 04:36:00 EST,42047.19167,20.3
12/2/2015 04:37:00 EST,42047.19236,20.3
12/2/2015 04:38:00 EST,42047.19306,20.3
12/2/2015 04:39:00 EST,42047.19375,20.3
12/2/2015 04:40:00 EST,42047.19444,20.3
12/2/2015 04:41:00 EST,42047.19514,20.4
12/2/2015 04:42:00 EST,42047.19583,20.4
12/2/2015 04:43:00 EST,42047.19653,20.4
12/2/2015 04:44:00 EST,42047.19722,20.3
12/2/2015 04:45:00 EST,42047.19792,20.3
12/2/2015 04:46:00 EST,42047.19861,20.3
12/2/2015 04:47:00 EST,42047.19931,20.4
12/2/2015 04:48:00 EST,42047.2,20.3
12/2/2015 04:49:00 EST,42047.20069,20.3
12/2/2015 04:50:00 EST,42047.20139,20.4
12/2/2015 04:51:00 EST,42047.20208,20.3
12/2/2015 04:52:00 EST,42047.20278,20.4
12/2/2015 04:53:00 EST,42047.20347,20.3
12/2/2015 04:54:00 EST,42047.20417,20.3
12/2/2015 04:55:00 EST,42047.20486,20.3
12/2/2015 04:56:00 EST,42047.20556,20.3
12/2/2015 04:57:00 EST,42047.20625,20.3
12/2/2015 04:58:00 EST,42047.20694,20.3
12/2/2015 04:59:00 EST,42047.20764,20.3
12/2/2015 05:00:00 EST,42047.20833,20.4
12/2/2015 05:01:00 EST,42047.20903,20.3
12/2/2015 05:02:00 EST,42047.20972,20.4
12/2/2015 05:03:00 EST,42047.21042,20.3
12/2/2015 05:04:00 EST,42047.21111,20.3
12/2/2015 05:05:00 EST,42047.21181,20.2
12/2/2015 05:06:00 EST,42047.2125,20.2
12/2/2015 05:07:00 EST,42047.21319,20.3
12/2/2015 05:08:00 EST,42047.21389,20.2
12/2/2015 05:09:00 EST,42047.21458,20.2
12/2/2015 05:10:00 EST,42047.21528,20.2
12/2/2015 05:11:00 EST,42047.21597,20.2
12/2/2015 05:12:00 EST,42047.21667,20.2
12/2/2015 05:13:00 EST,42047.21736,20.3
12/2/2015 05:14:00 EST,42047.21806,20.2
12/2/2015 05:15:00 EST,42047.21875,20.3
12/2/2015 05:16:00 EST,42047.21944,20.2
12/2/2015 05:17:00 EST,42047.22014,20.2
12/2/2015 05:18:00 EST,42047.22083,20.2
12/2/2015 05:19:00 EST,42047.22153,20.2
12/2/2015 05:20:00 EST,42047.22222,20.2
12/2/2015 05:21:00 EST,42047.22292,20.2
12/2/2015 05:22:00 EST,42047.22361,20.2
12/2/2015 05:23:00 EST,42047.22431,20.2
12/2/2015 05:24:00 EST,42047.225,20.2
12/2/2015 05:25:00 EST,42047.22569,20.2
12/2/2015 05:26:00 EST,42047.22639,20.2
12/2/2015 05:27:00 EST,42047.22708,20.2
12/2/2015 05:28:00 EST,42047.22778,20.2
12/2/2015 05:29:00 EST,42047.22847,20.3
12/2/2015 05:30:00 EST,42047.22917,20.2
12/2/2015 05:31:00 EST,42047.22986,20.2
12/2/2015 05:32:00 EST,42047.23056,20.2
12/2/2015 05:33:00 EST,42047.23125,20.2
12/2/2015 05:34:00 EST,42047.23194,20.2
12/2/2015 05:35:00 EST,42047.23264,20.2
12/2/2015 05:36:00 EST,42047.23333,20.1
12/2/2015 05:37:00 EST,42047.23403,20.1
12/2/2015 05:38:00 EST,42047.23472,20.1
12/2/2015 05:39:00 EST,42047.23542,20.1
12/2/2015 05:40:00 EST,42047.23611,20.1
12/2/2015 05:41:00 EST,42047.23681,20.1
12/2/2015 05:42:00 EST,42047.2375,20.1
12/2/2015 05:43:00 EST,42047.23819,20.1
12/2/2015 05:44:00 EST,42047.23889,20.2
12/2/2015 05:45:00 EST,42047.23958,20.1
12/2/2015 05:46:00 EST,42047.24028,20.1
12/2/2015 05:47:00 EST,42047.24097,20.2
12/2/2015 05:48:00 EST,42047.24167,20.2
12/2/2015 05:49:00 EST,42047.24236,20.2
12/2/2015 05:50:00 EST,42047.24306,20.2
12/2/2015 05:51:00 EST,42047.24375,20.2
12/2/2015 05:52:00 EST,42047.24444,20.2
12/2/2015 05:53:00 EST,42047.24514,20.2
12/2/2015 05:54:00 EST,42047.24583,20.2
12/2/2015 05:55:00 EST,42047.24653,20.2
12/2/2015 05:56:00 EST,42047.24722,20.2
12/2/2015 05:57:00 EST,42047.24792,20.2
12/2/2015 05:58:00 EST,42047.24861,20.2
12/2/2015 05:59:00 EST,42047.24931,20.2
12/2/2015 06:00:00 EST,42047.25,20.2
12/2/2015 06:01:00 EST,42047.25069,20.1
12/2/2015 06:02:00 EST,42047.25139,20.1
12/2/2015 06:03:00 EST,42047.25208,20.1
12/2/2015 06:04:00 EST,42047.25278,20.1
12/2/2015 06:05:00 EST,42047.25347,20.1
12/2/2015 06:06:00 EST,42047.25417,20.1
12/2/2015 06:07:00 EST,42047.25486,20.1
12/2/2015 06:08:00 EST,42047.25556,20.1
12/2/2015 06:09:00 EST,42047.25625,20.1
12/2/2015 06:10:00 EST,42047.25694,20.1
12/2/2015 06:11:00 EST,42047.25764,20.1
12/2/2015 06:12:00 EST,42047.25833,20.1
12/2/2015 06:13:00 EST,42047.25903,20.1
12/2/2015 06:14:00 EST,42047.25972,20.2
12/2/2015 06:15:00 EST,42047.26042,20.1
12/2/2015 06:16:00 EST,42047.26111,20.2
12/2/2015 06:17:00 EST,42047.26181,20.2
12/2/2015 06:18:00 EST,42047.2625,20.3
12/2/2015 06:19:00 EST,42047.26319,20.3
12/2/2015 06:20:00 EST,42047.26389,20.3
12/2/2015 06:21:00 EST,42047.26458,20.4
12/2/2015 06:22:00 EST,42047.26528,20.4
12/2/2015 06:23:00 EST,42047.26597,20.4
12/2/2015 06:24:00 EST,42047.26667,20.5
12/2/2015 06:25:00 EST,42047.26736,20.5
12/2/2015 06:26:00 EST,42047.26806,20.6
12/2/2015 06:27:00 EST,42047.26875,20.6
12/2/2015 06:28:00 EST,42047.26944,20.8
12/2/2015 06:29:00 EST,42047.27014,20.7
12/2/2015 06:30:00 EST,42047.27083,20.8
12/2/2015 06:31:00 EST,42047.27153,20.8
12/2/2015 06:32:00 EST,42047.27222,20.9
12/2/2015 06:33:00 EST,42047.27292,20.9
12/2/2015 06:34:00 EST,42047.27361,21
12/2/2015 06:35:00 EST,42047.27431,21
12/2/2015 06:36:00 EST,42047.275,21
12/2/2015 06:37:00 EST,42047.27569,21.1
12/2/2015 06:38:00 EST,42047.27639,21.1
12/2/2015 06:39:00 EST,42047.27708,21.1
12/2/2015 06:40:00 EST,42047.27778,21.1
12/2/2015 06:41:00 EST,42047.27847,21.2
12/2/2015 06:42:00 EST,42047.27917,21.2
12/2/2015 06:43:00 EST,42047.27986,21.3
12/2/2015 06:44:00 EST,42047.28056,21.3
12/2/2015 06:45:00 EST,42047.28125,21.2
12/2/2015 06:46:00 EST,42047.28194,21.2
12/2/2015 06:47:00 EST,42047.28264,21.2
12/2/2015 06:48:00 EST,42047.28333,21.3
12/2/2015 06:49:00 EST,42047.28403,21.3
12/2/2015 06:50:00 EST,42047.28472,21.3
12/2/2015 06:51:00 EST,42047.28542,21.4
12/2/2015 06:52:00 EST,42047.28611,21.3
12/2/2015 06:53:00 EST,42047.28681,21.3
12/2/2015 06:54:00 EST,42047.2875,21.4
12/2/2015 06:55:00 EST,42047.28819,21.4
12/2/2015 06:56:00 EST,42047.28889,21.4
12/2/2015 06:57:00 EST,42047.28958,21.4
12/2/2015 06:58:00 EST,42047.29028,21.4
12/2/2015 06:59:00 EST,42047.29097,21.4
12/2/2015 07:00:00 EST,42047.29167,21.4
12/2/2015 07:01:00 EST,42047.29236,21.5
12/2/2015 07:02:00 EST,42047.29306,21.5
12/2/2015 07:03:00 EST,42047.29375,21.5
12/2/2015 07:04:00 EST,42047.29444,21.5
12/2/2015 07:05:00 EST,42047.29514,21.5
12/2/2015 07:06:00 EST,42047.29583,21.5
12/2/2015 07:07:00 EST,42047.29653,21.5
12/2/2015 07:08:00 EST,42047.29722,21.5
12/2/2015 07:09:00 EST,42047.29792,21.5
12/2/2015 07:10:00 EST,42047.29861,21.6
12/2/2015 07:11:00 EST,42047.29931,21.6
12/2/2015 07:12:00 EST,42047.3,21.7
12/2/2015 07:13:00 EST,42047.30069,21.7
12/2/2015 07:14:00 EST,42047.30139,21.8
12/2/2015 07:15:00 EST,42047.30208,21.8
12/2/2015 07:16:00 EST,42047.30278,21.8
12/2/2015 07:17:00 EST,42047.30347,21.9
12/2/2015 07:18:00 EST,42047.30417,21.9
12/2/2015 07:19:00 EST,42047.30486,22
12/2/2015 07:20:00 EST,42047.30556,22
12/2/2015 07:21:00 EST,42047.30625,22
12/2/2015 07:22:00 EST,42047.30694,22
12/2/2015 07:23:00 EST,42047.30764,22.1
12/2/2015 07:24:00 EST,42047.30833,22.1
12/2/2015 07:25:00 EST,42047.30903,22.1
12/2/2015 07:26:00 EST,42047.30972,22.1
12/2/2015 07:27:00 EST,42047.31042,22.1
12/2/2015 07:28:00 EST,42047.31111,22.1
12/2/2015 07:29:00 EST,42047.31181,22.2
12/2/2015 07:30:00 EST,42047.3125,22.2
12/2/2015 07:31:00 EST,42047.31319,22.2
12/2/2015 07:32:00 EST,42047.31389,22.2
12/2/2015 07:33:00 EST,42047.31458,22.2
12/2/2015 07:34:00 EST,42047.31528,22.3
12/2/2015 07:35:00 EST,42047.31597,22.4
12/2/2015 07:36:00 EST,42047.31667,22.3
12/2/2015 07:37:00 EST,42047.31736,22.3
12/2/2015 07:38:00 EST,42047.31806,22.3
12/2/2015 07:39:00 EST,42047.31875,22.3
12/2/2015 07:40:00 EST,42047.31944,22.4
12/2/2015 07:41:00 EST,42047.32014,22.4
12/2/2015 07:42:00 EST,42047.32083,22.4
12/2/2015 07:43:00 EST,42047.32153,22.4
12/2/2015 07:44:00 EST,42047.32222,22.4
12/2/2015 07:45:00 EST,42047.32292,22.4
12/2/2015 07:46:00 EST,42047.32361,22.5
12/2/2015 07:47:00 EST,42047.32431,22.5
12/2/2015 07:48:00 EST,42047.325,22.5
12/2/2015 07:49:00 EST,42047.32569,22.6
12/2/2015 07:50:00 EST,42047.32639,22.6
12/2/2015 07:51:00 EST,42047.32708,22.6
12/2/2015 07:52:00 EST,42047.32778,22.7
12/2/2015 07:53:00 EST,42047.32847,22.8
12/2/2015 07:54:00 EST,42047.32917,22.8
12/2/2015 07:55:00 EST,42047.32986,22.9
12/2/2015 07:56:00 EST,42047.33056,22.9
12/2/2015 07:57:00 EST,42047.33125,23
12/2/2015 07:58:00 EST,42047.33194,23.1
12/2/2015 07:59:00 EST,42047.33264,23.1
12/2/2015 08:00:00 EST,42047.33333,23.2
12/2/2015 08:01:00 EST,42047.33403,23.3
12/2/2015 08:02:00 EST,42047.33472,23.4
12/2/2015 08:03:00 EST,42047.33542,23.4
12/2/2015 08:04:00 EST,42047.33611,23.5
12/2/2015 08:05:00 EST,42047.33681,23.6
12/2/2015 08:06:00 EST,42047.3375,23.7
12/2/2015 08:07:00 EST,42047.33819,23.8
12/2/2015 08:08:00 EST,42047.33889,23.9
12/2/2015 08:09:00 EST,42047.33958,24.1
12/2/2015 08:10:00 EST,42047.34028,24.3
12/2/2015 08:11:00 EST,42047.34097,24.5
12/2/2015 08:12:00 EST,42047.34167,24.6
12/2/2015 08:13:00 EST,42047.34236,24.6
12/2/2015 08:14:00 EST,42047.34306,24.7
12/2/2015 08:15:00 EST,42047.34375,24.8
12/2/2015 08:16:00 EST,42047.34444,24.9
12/2/2015 08:17:00 EST,42047.34514,25
12/2/2015 08:18:00 EST,42047.34583,25.1
12/2/2015 08:19:00 EST,42047.34653,25.4
12/2/2015 08:20:00 EST,42047.34722,25.4
12/2/2015 08:21:00 EST,42047.34792,25.6
12/2/2015 08:22:00 EST,42047.34861,25.7
12/2/2015 08:23:00 EST,42047.34931,25.8
12/2/2015 08:24:00 EST,42047.35,26
12/2/2015 08:25:00 EST,42047.35069,26.2
12/2/2015 08:26:00 EST,42047.35139,26.4
12/2/2015 08:27:00 EST,42047.35208,26.6
12/2/2015 08:28:00 EST,42047.35278,26.8
12/2/2015 08:29:00 EST,42047.35347,27
12/2/2015 08:30:00 EST,42047.35417,27.2
12/2/2015 08:31:00 EST,42047.35486,27.4
12/2/2015 08:32:00 EST,42047.35556,27.7
12/2/2015 08:33:00 EST,42047.35625,27.8
12/2/2015 08:34:00 EST,42047.35694,28
12/2/2015 08:35:00 EST,42047.35764,28.2
12/2/2015 08:36:00 EST,42047.35833,28.4
12/2/2015 08:37:00 EST,42047.35903,28.5
12/2/2015 08:38:00 EST,42047.35972,28.7
12/2/2015 08:39:00 EST,42047.36042,28.9
12/2/2015 08:40:00 EST,42047.36111,29
12/2/2015 08:41:00 EST,42047.36181,29.2
12/2/2015 08:42:00 EST,42047.3625,29.3
12/2/2015 08:43:00 EST,42047.36319,29.5
12/2/2015 08:44:00 EST,42047.36389,29.8
12/2/2015 08:45:00 EST,42047.36458,29.8
12/2/2015 08:46:00 EST,42047.36528,30.1
12/2/2015 08:47:00 EST,42047.36597,30.2
12/2/2015 08:48:00 EST,42047.36667,30.4
12/2/2015 08:49:00 EST,42047.36736,30.6
12/2/2015 08:50:00 EST,42047.36806,30.8
12/2/2015 08:51:00 EST,42047.36875,30.9
12/2/2015 08:52:00 EST,42047.36944,31.1
12/2/2015 08:53:00 EST,42047.37014,31.3
12/2/2015 08:54:00 EST,42047.37083,31.5
12/2/2015 08:55:00 EST,42047.37153,31.6
12/2/2015 08:56:00 EST,42047.37222,31.8
12/2/2015 08:57:00 EST,42047.37292,32.1
12/2/2015 08:58:00 EST,42047.37361,32.2
12/2/2015 08:59:00 EST,42047.37431,32.3
12/2/2015 09:00:00 EST,42047.375,32.4
12/2/2015 09:01:00 EST,42047.37569,32.6
12/2/2015 09:02:00 EST,42047.37639,32.8
12/2/2015 09:03:00 EST,42047.37708,32.9
12/2/2015 09:04:00 EST,42047.37778,33
12/2/2015 09:05:00 EST,42047.37847,33.2
12/2/2015 09:06:00 EST,42047.37917,33.4
12/2/2015 09:07:00 EST,42047.37986,33.6
12/2/2015 09:08:00 EST,42047.38056,33.6
12/2/2015 09:09:00 EST,42047.38125,33.7
12/2/2015 09:10:00 EST,42047.38194,33.9
12/2/2015 09:11:00 EST,42047.38264,34.1
12/2/2015 09:12:00 EST,42047.38333,34.2
12/2/2015 09:13:00 EST,42047.38403,34.4
12/2/2015 09:14:00 EST,42047.38472,34.5
12/2/2015 09:15:00 EST,42047.38542,34.7
12/2/2015 09:16:00 EST,42047.38611,34.9
12/2/2015 09:17:00 EST,42047.38681,35
12/2/2015 09:18:00 EST,42047.3875,35.1
12/2/2015 09:19:00 EST,42047.38819,35.3
12/2/2015 09:20:00 EST,42047.38889,35.4
12/2/2015 09:21:00 EST,42047.38958,35.6
12/2/2015 09:22:00 EST,42047.39028,35.8
12/2/2015 09:23:00 EST,42047.39097,35.9
12/2/2015 09:24:00 EST,42047.39167,36.1
12/2/2015 09:25:00 EST,42047.39236,36.2
12/2/2015 09:26:00 EST,42047.39306,36.5
12/2/2015 09:27:00 EST,42047.39375,36.6
12/2/2015 09:28:00 EST,42047.39444,36.7
12/2/2015 09:29:00 EST,42047.39514,36.8
12/2/2015 09:30:00 EST,42047.39583,36.9
12/2/2015 09:31:00 EST,42047.39653,37.1
12/2/2015 09:32:00 EST,42047.39722,37.2
12/2/2015 09:33:00 EST,42047.39792,37.3
12/2/2015 09:34:00 EST,42047.39861,37.4
12/2/2015 09:35:00 EST,42047.39931,37.6
12/2/2015 09:36:00 EST,42047.4,37.7
12/2/2015 09:37:00 EST,42047.40069,37.8
12/2/2015 09:38:00 EST,42047.40139,38
12/2/2015 09:39:00 EST,42047.40208,38.2
12/2/2015 09:40:00 EST,42047.40278,38.2
12/2/2015 09:41:00 EST,42047.40347,38.3
12/2/2015 09:42:00 EST,42047.40417,38.5
12/2/2015 09:43:00 EST,42047.40486,38.6
12/2/2015 09:44:00 EST,42047.40556,38.8
12/2/2015 09:45:00 EST,42047.40625,38.9
12/2/2015 09:46:00 EST,42047.40694,39
12/2/2015 09:47:00 EST,42047.40764,39.1
12/2/2015 09:48:00 EST,42047.40833,39.3
12/2/2015 09:49:00 EST,42047.40903,39.4
12/2/2015 09:50:00 EST,42047.40972,39.5
12/2/2015 09:51:00 EST,42047.41042,39.6
12/2/2015 09:52:00 EST,42047.41111,39.7
12/2/2015 09:53:00 EST,42047.41181,39.9
12/2/2015 09:54:00 EST,42047.4125,40
12/2/2015 09:55:00 EST,42047.41319,40.1
12/2/2015 09:56:00 EST,42047.41389,40.3
12/2/2015 09:57:00 EST,42047.41458,40.3
12/2/2015 09:58:00 EST,42047.41528,40.4
12/2/2015 09:59:00 EST,42047.41597,40.5
12/2/2015 10:00:00 EST,42047.41667,40.6
12/2/2015 10:01:00 EST,42047.41736,40.7
12/2/2015 10:02:00 EST,42047.41806,40.8
12/2/2015 10:03:00 EST,42047.41875,40.9
12/2/2015 10:04:00 EST,42047.41944,41
12/2/2015 10:05:00 EST,42047.42014,41.1
12/2/2015 10:06:00 EST,42047.42083,41.3
12/2/2015 10:07:00 EST,42047.42153,41.3
12/2/2015 10:08:00 EST,42047.42222,41.4
12/2/2015 10:09:00 EST,42047.42292,41.5
12/2/2015 10:10:00 EST,42047.42361,41.8
12/2/2015 10:11:00 EST,42047.42431,41.8
12/2/2015 10:12:00 EST,42047.425,42
12/2/2015 10:13:00 EST,42047.42569,42.1
12/2/2015 10:14:00 EST,42047.42639,42.3
12/2/2015 10:15:00 EST,42047.42708,42.5
12/2/2015 10:16:00 EST,42047.42778,42.6
12/2/2015 10:17:00 EST,42047.42847,42.8
12/2/2015 10:18:00 EST,42047.42917,43
12/2/2015 10:19:00 EST,42047.42986,43.2
12/2/2015 10:20:00 EST,42047.43056,43.4
12/2/2015 10:21:00 EST,42047.43125,43.5
12/2/2015 10:22:00 EST,42047.43194,43.6
12/2/2015 10:23:00 EST,42047.43264,43.9
12/2/2015 10:24:00 EST,42047.43333,43.9
12/2/2015 10:25:00 EST,42047.43403,44
12/2/2015 10:26:00 EST,42047.43472,44.2
12/2/2015 10:27:00 EST,42047.43542,44.4
12/2/2015 10:28:00 EST,42047.43611,44.5
12/2/2015 10:29:00 EST,42047.43681,44.6
12/2/2015 10:30:00 EST,42047.4375,44.7
12/2/2015 10:31:00 EST,42047.43819,44.7
12/2/2015 10:32:00 EST,42047.43889,44.9
12/2/2015 10:33:00 EST,42047.43958,45
12/2/2015 10:34:00 EST,42047.44028,45.1
12/2/2015 10:35:00 EST,42047.44097,45.3
12/2/2015 10:36:00 EST,42047.44167,45.4
12/2/2015 10:37:00 EST,42047.44236,45.4
12/2/2015 10:38:00 EST,42047.44306,45.5
12/2/2015 10:39:00 EST,42047.44375,45.6
12/2/2015 10:40:00 EST,42047.44444,45.6
12/2/2015 10:41:00 EST,42047.44514,45.6
12/2/2015 10:42:00 EST,42047.44583,45.6
12/2/2015 10:43:00 EST,42047.44653,45.5
12/2/2015 10:44:00 EST,42047.44722,45.4
12/2/2015 10:45:00 EST,42047.44792,45.2
12/2/2015 10:46:00 EST,42047.44861,45.1
12/2/2015 10:47:00 EST,42047.44931,45.1
12/2/2015 10:48:00 EST,42047.45,45.1
12/2/2015 10:49:00 EST,42047.45069,45.2
12/2/2015 10:50:00 EST,42047.45139,45.3
12/2/2015 10:51:00 EST,42047.45208,45.4
12/2/2015 10:52:00 EST,42047.45278,45.6
12/2/2015 10:53:00 EST,42047.45347,45.6
12/2/2015 10:54:00 EST,42047.45417,45.6
12/2/2015 10:55:00 EST,42047.45486,45.8
12/2/2015 10:56:00 EST,42047.45556,45.9
12/2/2015 10:57:00 EST,42047.45625,46
12/2/2015 10:58:00 EST,42047.45694,46.2
12/2/2015 10:59:00 EST,42047.45764,46.2
12/2/2015 11:00:00 EST,42047.45833,46.3
12/2/2015 11:01:00 EST,42047.45903,46.5
12/2/2015 11:02:00 EST,42047.45972,46.5
12/2/2015 11:03:00 EST,42047.46042,46.6
12/2/2015 11:04:00 EST,42047.46111,46.7
12/2/2015 11:05:00 EST,42047.46181,46.8
12/2/2015 11:06:00 EST,42047.4625,46.9
12/2/2015 11:07:00 EST,42047.46319,46.9
12/2/2015 11:08:00 EST,42047.46389,47.1
12/2/2015 11:09:00 EST,42047.46458,47.1
12/2/2015 11:10:00 EST,42047.46528,47.2
12/2/2015 11:11:00 EST,42047.46597,47.3
12/2/2015 11:12:00 EST,42047.46667,47.2
12/2/2015 11:13:00 EST,42047.46736,47.3
12/2/2015 11:14:00 EST,42047.46806,47.4
12/2/2015 11:15:00 EST,42047.46875,47.5
12/2/2015 11:16:00 EST,42047.46944,47.5
12/2/2015 11:17:00 EST,42047.47014,47.5
12/2/2015 11:18:00 EST,42047.47083,47.6
12/2/2015 11:19:00 EST,42047.47153,47.7
12/2/2015 11:20:00 EST,42047.47222,47.6
12/2/2015 11:21:00 EST,42047.47292,47.7
12/2/2015 11:22:00 EST,42047.47361,47.8
12/2/2015 11:23:00 EST,42047.47431,47.8
12/2/2015 11:24:00 EST,42047.475,47.9
12/2/2015 11:25:00 EST,42047.47569,48
12/2/2015 11:26:00 EST,42047.47639,48.2
12/2/2015 11:27:00 EST,42047.47708,48.2
12/2/2015 11:28:00 EST,42047.47778,48.3
12/2/2015 11:29:00 EST,42047.47847,48.4
12/2/2015 11:30:00 EST,42047.47917,48.5
12/2/2015 11:31:00 EST,42047.47986,48.6
12/2/2015 11:32:00 EST,42047.48056,48.8
12/2/2015 11:33:00 EST,42047.48125,48.8
12/2/2015 11:34:00 EST,42047.48194,49
12/2/2015 11:35:00 EST,42047.48264,49
12/2/2015 11:36:00 EST,42047.48333,49.1
12/2/2015 11:37:00 EST,42047.48403,49.1
12/2/2015 11:38:00 EST,42047.48472,49.3
12/2/2015 11:39:00 EST,42047.48542,49.4
12/2/2015 11:40:00 EST,42047.48611,49.4
12/2/2015 11:41:00 EST,42047.48681,49.3
12/2/2015 11:42:00 EST,42047.4875,49.3
12/2/2015 11:43:00 EST,42047.48819,49.4
12/2/2015 11:44:00 EST,42047.48889,49.2
12/2/2015 11:45:00 EST,42047.48958,49
12/2/2015 11:46:00 EST,42047.49028,48.8
12/2/2015 11:47:00 EST,42047.49097,48.6
12/2/2015 11:48:00 EST,42047.49167,48.3
12/2/2015 11:49:00 EST,42047.49236,48.1
12/2/2015 11:50:00 EST,42047.49306,47.9
12/2/2015 11:51:00 EST,42047.49375,47.6
12/2/2015 11:52:00 EST,42047.49444,47.3
12/2/2015 11:53:00 EST,42047.49514,47.1
12/2/2015 11:54:00 EST,42047.49583,46.8
12/2/2015 11:55:00 EST,42047.49653,46.7
12/2/2015 11:56:00 EST,42047.49722,46.6
12/2/2015 11:57:00 EST,42047.49792,46.6
12/2/2015 11:58:00 EST,42047.49861,46.4
12/2/2015 11:59:00 EST,42047.49931,46.3
12/2/2015 12:00:00 EST,42047.5,46.2
12/2/2015 12:01:00 EST,42047.50069,46
12/2/2015 12:02:00 EST,42047.50139,45.9
12/2/2015 12:03:00 EST,42047.50208,46
12/2/2015 12:04:00 EST,42047.50278,45.9
12/2/2015 12:05:00 EST,42047.50347,45.8
12/2/2015 12:06:00 EST,42047.50417,45.6
12/2/2015 12:07:00 EST,42047.50486,45.5
12/2/2015 12:08:00 EST,42047.50556,45.5
12/2/2015 12:09:00 EST,42047.50625,45.5
12/2/2015 12:10:00 EST,42047.50694,45.7
12/2/2015 12:11:00 EST,42047.50764,45.9
12/2/2015 12:12:00 EST,42047.50833,46.2
12/2/2015 12:13:00 EST,42047.50903,46.3
12/2/2015 12:14:00 EST,42047.50972,46.5
12/2/2015 12:15:00 EST,42047.51042,46.5
12/2/2015 12:16:00 EST,42047.51111,46.5
12/2/2015 12:17:00 EST,42047.51181,46.4
12/2/2015 12:18:00 EST,42047.5125,46.4
12/2/2015 12:19:00 EST,42047.51319,46.1
12/2/2015 12:20:00 EST,42047.51389,45.9
12/2/2015 12:21:00 EST,42047.51458,45.9
12/2/2015 12:22:00 EST,42047.51528,45.9
12/2/2015 12:23:00 EST,42047.51597,46.1
12/2/2015 12:24:00 EST,42047.51667,46.3
12/2/2015 12:25:00 EST,42047.51736,46.3
12/2/2015 12:26:00 EST,42047.51806,46.4
12/2/2015 12:27:00 EST,42047.51875,46.4
12/2/2015 12:28:00 EST,42047.51944,46.5
12/2/2015 12:29:00 EST,42047.52014,46.6
12/2/2015 12:30:00 EST,42047.52083,46.9
12/2/2015 12:31:00 EST,42047.52153,47.1
12/2/2015 12:32:00 EST,42047.52222,47.3
12/2/2015 12:33:00 EST,42047.52292,47.5
12/2/2015 12:34:00 EST,42047.52361,47.6
12/2/2015 12:35:00 EST,42047.52431,47.8
12/2/2015 12:36:00 EST,42047.525,48
12/2/2015 12:37:00 EST,42047.52569,48.1
12/2/2015 12:38:00 EST,42047.52639,48.4
12/2/2015 12:39:00 EST,42047.52708,48.5
12/2/2015 12:40:00 EST,42047.52778,48.7
12/2/2015 12:41:00 EST,42047.52847,48.9
12/2/2015 12:42:00 EST,42047.52917,49
12/2/2015 12:43:00 EST,42047.52986,49.1
12/2/2015 12:44:00 EST,42047.53056,49.2
12/2/2015 12:45:00 EST,42047.53125,49.3
12/2/2015 12:46:00 EST,42047.53194,49.4
12/2/2015 12:47:00 EST,42047.53264,49.6
12/2/2015 12:48:00 EST,42047.53333,49.9
12/2/2015 12:49:00 EST,42047.53403,50
12/2/2015 12:50:00 EST,42047.53472,50.1
12/2/2015 12:51:00 EST,42047.53542,50.2
12/2/2015 12:52:00 EST,42047.53611,50.3
12/2/2015 12:53:00 EST,42047.53681,50.5
12/2/2015 12:54:00 EST,42047.5375,50.5
12/2/2015 12:55:00 EST,42047.53819,50.7
12/2/2015 12:56:00 EST,42047.53889,50.6
12/2/2015 12:57:00 EST,42047.53958,50.6
12/2/2015 12:58:00 EST,42047.54028,50.3
12/2/2015 12:59:00 EST,42047.54097,50.1
12/2/2015 13:00:00 EST,42047.54167,50
12/2/2015 13:01:00 EST,42047.54236,50.1
12/2/2015 13:02:00 EST,42047.54306,50
12/2/2015 13:03:00 EST,42047.54375,50
12/2/2015 13:04:00 EST,42047.54444,50.1
12/2/2015 13:05:00 EST,42047.54514,50.2
12/2/2015 13:06:00 EST,42047.54583,50.3
12/2/2015 13:07:00 EST,42047.54653,50.4
12/2/2015 13:08:00 EST,42047.54722,50.4
12/2/2015 13:09:00 EST,42047.54792,50.4
12/2/2015 13:10:00 EST,42047.54861,50.5
12/2/2015 13:11:00 EST,42047.54931,50.6
12/2/2015 13:12:00 EST,42047.55,50.6
12/2/2015 13:13:00 EST,42047.55069,50.6
12/2/2015 13:14:00 EST,42047.55139,50.8
12/2/2015 13:15:00 EST,42047.55208,50.9
12/2/2015 13:16:00 EST,42047.55278,51
12/2/2015 13:17:00 EST,42047.55347,51.1
12/2/2015 13:18:00 EST,42047.55417,51.1
12/2/2015 13:19:00 EST,42047.55486,51.2
12/2/2015 13:20:00 EST,42047.55556,51.2
12/2/2015 13:21:00 EST,42047.55625,51.3
12/2/2015 13:22:00 EST,42047.55694,51.4
12/2/2015 13:23:00 EST,42047.55764,51.5
12/2/2015 13:24:00 EST,42047.55833,51.6
12/2/2015 13:25:00 EST,42047.55903,51.7
12/2/2015 13:26:00 EST,42047.55972,51.7
12/2/2015 13:27:00 EST,42047.56042,51.7
12/2/2015 13:28:00 EST,42047.56111,51.8
12/2/2015 13:29:00 EST,42047.56181,51.8
12/2/2015 13:30:00 EST,42047.5625,51.9
12/2/2015 13:31:00 EST,42047.56319,52.1
12/2/2015 13:32:00 EST,42047.56389,52.1
12/2/2015 13:33:00 EST,42047.56458,52.2
12/2/2015 13:34:00 EST,42047.56528,52.3
12/2/2015 13:35:00 EST,42047.56597,52.1
12/2/2015 13:36:00 EST,42047.56667,51.8
12/2/2015 13:37:00 EST,42047.56736,51.5
12/2/2015 13:38:00 EST,42047.56806,51.2
12/2/2015 13:39:00 EST,42047.56875,50.8
12/2/2015 13:40:00 EST,42047.56944,50.5
12/2/2015 13:41:00 EST,42047.57014,50.2
12/2/2015 13:42:00 EST,42047.57083,50
12/2/2015 13:43:00 EST,42047.57153,50
12/2/2015 13:44:00 EST,42047.57222,49.8
12/2/2015 13:45:00 EST,42047.57292,49.6
12/2/2015 13:46:00 EST,42047.57361,49.6
12/2/2015 13:47:00 EST,42047.57431,49.7
12/2/2015 13:48:00 EST,42047.575,49.6
12/2/2015 13:49:00 EST,42047.57569,49.7
12/2/2015 13:50:00 EST,42047.57639,49.9
12/2/2015 13:51:00 EST,42047.57708,50.1
12/2/2015 13:52:00 EST,42047.57778,50.3
12/2/2015 13:53:00 EST,42047.57847,50.3
12/2/2015 13:54:00 EST,42047.57917,50.3
12/2/2015 13:55:00 EST,42047.57986,50.4
12/2/2015 13:56:00 EST,42047.58056,50.3
12/2/2015 13:57:00 EST,42047.58125,50.1
12/2/2015 13:58:00 EST,42047.58194,49.9
12/2/2015 13:59:00 EST,42047.58264,49.8
12/2/2015 14:00:00 EST,42047.58333,49.6
12/2/2015 14:01:00 EST,42047.58403,49.4
12/2/2015 14:02:00 EST,42047.58472,49.3
12/2/2015 14:03:00 EST,42047.58542,49
12/2/2015 14:04:00 EST,42047.58611,48.7
12/2/2015 14:05:00 EST,42047.58681,48.4
12/2/2015 14:06:00 EST,42047.5875,48
12/2/2015 14:07:00 EST,42047.58819,47.7
12/2/2015 14:08:00 EST,42047.58889,47.5
12/2/2015 14:09:00 EST,42047.58958,47.2
12/2/2015 14:10:00 EST,42047.59028,47
12/2/2015 14:11:00 EST,42047.59097,46.6
12/2/2015 14:12:00 EST,42047.59167,46.4
12/2/2015 14:13:00 EST,42047.59236,46.2
12/2/2015 14:14:00 EST,42047.59306,46.2
12/2/2015 14:15:00 EST,42047.59375,46.1
12/2/2015 14:16:00 EST,42047.59444,46.2
12/2/2015 14:17:00 EST,42047.59514,46.3
12/2/2015 14:18:00 EST,42047.59583,46.3
12/2/2015 14:19:00 EST,42047.59653,46.3
12/2/2015 14:20:00 EST,42047.59722,46.1
12/2/2015 14:21:00 EST,42047.59792,46.1
12/2/2015 14:22:00 EST,42047.59861,46.2
12/2/2015 14:23:00 EST,42047.59931,46.2
12/2/2015 14:24:00 EST,42047.6,46.1
12/2/2015 14:25:00 EST,42047.60069,45.8
12/2/2015 14:26:00 EST,42047.60139,45.7
12/2/2015 14:27:00 EST,42047.60208,45.5
12/2/2015 14:28:00 EST,42047.60278,45.1
12/2/2015 14:29:00 EST,42047.60347,44.9
12/2/2015 14:30:00 EST,42047.60417,44.6
12/2/2015 14:31:00 EST,42047.60486,44.3
12/2/2015 14:32:00 EST,42047.60556,44.1
12/2/2015 14:33:00 EST,42047.60625,43.7
12/2/2015 14:34:00 EST,42047.60694,43.5
12/2/2015 14:35:00 EST,42047.60764,43.2
12/2/2015 14:36:00 EST,42047.60833,43
12/2/2015 14:37:00 EST,42047.60903,42.7
12/2/2015 14:38:00 EST,42047.60972,42.6
12/2/2015 14:39:00 EST,42047.61042,42.4
12/2/2015 14:40:00 EST,42047.61111,42.3
12/2/2015 14:41:00 EST,42047.61181,42.2
12/2/2015 14:42:00 EST,42047.6125,42.1
12/2/2015 14:43:00 EST,42047.61319,42.1
12/2/2015 14:44:00 EST,42047.61389,42.1
12/2/2015 14:45:00 EST,42047.61458,42.1
12/2/2015 14:46:00 EST,42047.61528,42
12/2/2015 14:47:00 EST,42047.61597,42
12/2/2015 14:48:00 EST,42047.61667,42
12/2/2015 14:49:00 EST,42047.61736,42.1
12/2/2015 14:50:00 EST,42047.61806,42
12/2/2015 14:51:00 EST,42047.61875,42
12/2/2015 14:52:00 EST,42047.61944,41.9
12/2/2015 14:53:00 EST,42047.62014,41.8
12/2/2015 14:54:00 EST,42047.62083,41.8
12/2/2015 14:55:00 EST,42047.62153,41.6
12/2/2015 14:56:00 EST,42047.62222,41.5
12/2/2015 14:57:00 EST,42047.62292,41.4
12/2/2015 14:58:00 EST,42047.62361,41.3
12/2/2015 14:59:00 EST,42047.62431,41.2
12/2/2015 15:00:00 EST,42047.625,41.1
12/2/2015 15:01:00 EST,42047.62569,41
12/2/2015 15:02:00 EST,42047.62639,40.7
12/2/2015 15:03:00 EST,42047.62708,40.6
12/2/2015 15:04:00 EST,42047.62778,40.4
12/2/2015 15:05:00 EST,42047.62847,40.3
12/2/2015 15:06:00 EST,42047.62917,40.1
12/2/2015 15:07:00 EST,42047.62986,40
12/2/2015 15:08:00 EST,42047.63056,39.9
12/2/2015 15:09:00 EST,42047.63125,39.8
12/2/2015 15:10:00 EST,42047.63194,39.6
12/2/2015 15:11:00 EST,42047.63264,39.5
12/2/2015 15:12:00 EST,42047.63333,39.4
12/2/2015 15:13:00 EST,42047.63403,39.3
12/2/2015 15:14:00 EST,42047.63472,39.2
12/2/2015 15:15:00 EST,42047.63542,39.1
12/2/2015 15:16:00 EST,42047.63611,39
12/2/2015 15:17:00 EST,42047.63681,38.8
12/2/2015 15:18:00 EST,42047.6375,38.7
12/2/2015 15:19:00 EST,42047.63819,38.6
12/2/2015 15:20:00 EST,42047.63889,38.5
12/2/2015 15:21:00 EST,42047.63958,38.3
12/2/2015 15:22:00 EST,42047.64028,38.3
12/2/2015 15:23:00 EST,42047.64097,38.1
12/2/2015 15:24:00 EST,42047.64167,38.1
12/2/2015 15:25:00 EST,42047.64236,38
12/2/2015 15:26:00 EST,42047.64306,37.9
12/2/2015 15:27:00 EST,42047.64375,37.8
12/2/2015 15:28:00 EST,42047.64444,37.7
12/2/2015 15:29:00 EST,42047.64514,37.6
12/2/2015 15:30:00 EST,42047.64583,37.6
12/2/2015 15:31:00 EST,42047.64653,37.6
12/2/2015 15:32:00 EST,42047.64722,37.6
12/2/2015 15:33:00 EST,42047.64792,37.5
12/2/2015 15:34:00 EST,42047.64861,37.4
12/2/2015 15:35:00 EST,42047.64931,37.4
12/2/2015 15:36:00 EST,42047.65,37.4
12/2/2015 15:37:00 EST,42047.65069,37.3
12/2/2015 15:38:00 EST,42047.65139,37.3
12/2/2015 15:39:00 EST,42047.65208,37.3
12/2/2015 15:40:00 EST,42047.65278,37.2
12/2/2015 15:41:00 EST,42047.65347,37.2
12/2/2015 15:42:00 EST,42047.65417,37.2
12/2/2015 15:43:00 EST,42047.65486,37.1
12/2/2015 15:44:00 EST,42047.65556,37.1
12/2/2015 15:45:00 EST,42047.65625,37.1
12/2/2015 15:46:00 EST,42047.65694,37
12/2/2015 15:47:00 EST,42047.65764,37.1
12/2/2015 15:48:00 EST,42047.65833,37.2
12/2/2015 15:49:00 EST,42047.65903,37.3
12/2/2015 15:50:00 EST,42047.65972,37.4
12/2/2015 15:51:00 EST,42047.66042,37.5
12/2/2015 15:52:00 EST,42047.66111,37.6
12/2/2015 15:53:00 EST,42047.66181,37.7
12/2/2015 15:54:00 EST,42047.6625,37.7
12/2/2015 15:55:00 EST,42047.66319,37.8
12/2/2015 15:56:00 EST,42047.66389,37.8
12/2/2015 15:57:00 EST,42047.66458,37.8
12/2/2015 15:58:00 EST,42047.66528,37.8
12/2/2015 15:59:00 EST,42047.66597,37.7
12/2/2015 16:00:00 EST,42047.66667,37.8
12/2/2015 16:01:00 EST,42047.66736,37.8
12/2/2015 16:02:00 EST,42047.66806,37.7
12/2/2015 16:03:00 EST,42047.66875,37.7
12/2/2015 16:04:00 EST,42047.66944,37.7
12/2/2015 16:05:00 EST,42047.67014,37.7
12/2/2015 16:06:00 EST,42047.67083,37.9
12/2/2015 16:07:00 EST,42047.67153,37.9
12/2/2015 16:08:00 EST,42047.67222,38.1
12/2/2015 16:09:00 EST,42047.67292,38.2
12/2/2015 16:10:00 EST,42047.67361,38.2
12/2/2015 16:11:00 EST,42047.67431,38.5
12/2/2015 16:12:00 EST,42047.675,38.5
12/2/2015 16:13:00 EST,42047.67569,38.6
12/2/2015 16:14:00 EST,42047.67639,38.8
12/2/2015 16:15:00 EST,42047.67708,38.8
12/2/2015 16:16:00 EST,42047.67778,38.8
12/2/2015 16:17:00 EST,42047.67847,38.8
12/2/2015 16:18:00 EST,42047.67917,38.8
12/2/2015 16:19:00 EST,42047.67986,38.8
12/2/2015 16:20:00 EST,42047.68056,38.8
12/2/2015 16:21:00 EST,42047.68125,38.8
12/2/2015 16:22:00 EST,42047.68194,38.8
12/2/2015 16:23:00 EST,42047.68264,38.7
12/2/2015 16:24:00 EST,42047.68333,38.6
12/2/2015 16:25:00 EST,42047.68403,38.4
12/2/2015 16:26:00 EST,42047.68472,38.3
12/2/2015 16:27:00 EST,42047.68542,38.2
12/2/2015 16:28:00 EST,42047.68611,38.1
12/2/2015 16:29:00 EST,42047.68681,38.1
12/2/2015 16:30:00 EST,42047.6875,38.1
12/2/2015 16:31:00 EST,42047.68819,38.2
12/2/2015 16:32:00 EST,42047.68889,38.2
12/2/2015 16:33:00 EST,42047.68958,38.3
12/2/2015 16:34:00 EST,42047.69028,38.2
12/2/2015 16:35:00 EST,42047.69097,38.1
12/2/2015 16:36:00 EST,42047.69167,38
12/2/2015 16:37:00 EST,42047.69236,37.8
12/2/2015 16:38:00 EST,42047.69306,37.7
12/2/2015 16:39:00 EST,42047.69375,37.6
