"chamber","month","year","leaf","type","Photo","Cond","Ci","Trmmol","VpdL","CTleaf","xsi","Delta","Ci.Ca","gm","gm.bar.1.","id","temp","ID","drydown","Cc"
"ch01","Oct",2013,"shade","high",17.78786017,0.222504378,219.8805808,2.772372033,1.340097347,21.76467133,"11.40663893",14.19504479,0.60645541,0.400484019,0.393849173,"ee","ambient","shade-high","control",175.46467572989
"ch01","Oct",2013,"shade","high",18.24901064,0.225349121,217.5609763,2.722963552,1.301184465,21.46208,"11.25047164",11.86389248,0.601136535,0.243564131,0.239527819,"ee","ambient","shade-high","control",142.636107169742
"ch01","Oct",2013,"shade","high",18.26995368,0.229109846,219.5651049,2.711913009,1.276298643,21.29592896,"11.17285147",12.13055346,0.606778923,0.249525368,0.245403653,"ee","ambient","shade-high","control",146.346282194967
"ch01","Oct",2013,"shade","high",18.22420115,0.230695891,220.9908959,2.663423714,1.245811138,21.03989029,"11.15949757",12.99657963,0.610581315,0.290160305,0.285366731,"ee","ambient","shade-high","control",158.183541358516
"ch01","Oct",2013,"shade","high",18.16972783,0.233694151,223.1902964,2.655113283,1.227274367,20.91140938,"11.20398949",11.30447686,0.616463538,0.206462695,0.2030585,"ee","ambient","shade-high","control",135.185401229955
"ch01","Feb",2014,"shade","high",16.59309448,0.171077497,215.7265753,2.220367401,1.372,21.98253059,"13.36597601",12.95691571,0.55962815,0.317138932,0.311910167,"q","ambient","shade-high","control",163.405359562287
"ch01","Mar",2014,"shade","high",16.49791996,0.173581063,218.5486396,2.317591665,1.407713116,25.79952049,"13.0416224",10.80641827,0.567118958,0.200970364,0.197046438,"k","ambient","shade-high","control",136.457332047808
"ch01","Dec",2013,"shade","high",17.84764456,0.192158649,199.239294,2.283783324,1.244348639,24.27406311,"11.47993492",12.35690355,0.550228424,0.368973715,0.36718424,"y","ambient","shade-high","control",150.868247948657
"ch01","Dec",2013,"shade","high",17.87855225,0.193676579,200.5528053,2.143214012,1.159873481,23.71801758,"11.39242195",12.36831012,0.553787082,0.358653378,0.356912438,"y","ambient","shade-high","control",150.703693743605
"ch01","Dec",2013,"shade","high",17.93550339,0.201475826,205.5918656,2.195426833,1.144880021,23.75841331,"11.31784482",12.79003256,0.568051614,0.369462692,0.367676234,"y","ambient","shade-high","control",157.047036099326
"ch01","Dec",2013,"shade","high",18.03090279,0.203762851,206.1566139,2.233343222,1.152139749,23.90213585,"11.27838853",13.06017119,0.56992895,0.398430132,0.396519925,"y","ambient","shade-high","control",160.901746504579
"ch01","Dec",2013,"shade","high",18.09340339,0.205485416,206.5420094,2.238263495,1.145493974,23.93312263,"11.87747449",10.82018233,0.571490816,0.236032586,0.234910742,"y","ambient","shade-high","control",129.885630310038
"ch01","Feb",2014,"shade","high",16.60405105,0.168060171,212.7498709,2.265662524,1.423,22.34267044,"14.12814554",11.24901811,0.551712669,0.224538595,0.220824646,"q","ambient","shade-high","control",138.802445291498
"ch01","Feb",2014,"shade","high",16.13423524,0.16323231,213.044937,2.275655856,1.469,22.63006783,"13.80359558",10.47151561,0.551951009,0.189678712,0.186544032,"q","ambient","shade-high","control",127.984072394382
"ch01","Feb",2014,"shade","high",16.42577187,0.167471748,214.0255957,2.228075136,1.405,22.20190239,"13.59936248",10.53747538,0.555070488,0.192323408,0.189144027,"q","ambient","shade-high","control",128.61856157548
"ch01","Mar",2014,"shade","high",16.42790707,0.153292835,198.4157616,2.311738916,1.578208032,26.57163239,"12.91683693",12.13899094,0.51513348,0.372325336,0.36504813,"k","ambient","shade-high","control",154.293308783628
"ch01","Mar",2014,"shade","high",16.48771668,0.153037491,197.6773964,2.214501097,1.515196779,26.09341812,"12.86134726",12.06411222,0.513359033,0.366405806,0.359249351,"k","ambient","shade-high","control",152.678882702867
"ch01","Mar",2014,"shade","high",16.44286289,0.156182251,201.9226474,2.19013874,1.470533909,25.78249359,"12.74940569",10.83594475,0.524203118,0.245917898,0.241106528,"k","ambient","shade-high","control",135.059425878808
"ch01","Mar",2014,"shade","high",16.32238721,0.156149063,203.1584846,2.233726492,1.499859438,25.91503716,"12.80214759",12.51883364,0.527227804,0.376372193,0.369024779,"k","ambient","shade-high","control",159.790808896073
"ch01","Apr",2014,"shade","high",15.6868213,0.135595623,189.7948456,1.329853115,1.01813343,20.82155228,"13.5211675",12.28016062,0.490203957,0.409912637,0.405690236,"c","ambient","shade-high","control",151.526151531903
"ch01","Apr",2014,"shade","high",15.78662487,0.135035255,187.8104823,1.353115361,1.039737712,21.05151939,"13.52660052",11.75493463,0.484953118,0.359344459,0.355660618,"c","ambient","shade-high","control",143.878749182612
"ch01","Jan",2014,"shade","high",20.93189493,0.330256114,256.9801702,4.041124513,1.35169449,25.9098835,"11:47:00",10.34294371,0.685,0.235352329,0.232,"v","ambient","shade-high","control",168.04161998918
"ch01","Jan",2014,"shade","high",20.91908281,0.333386091,258.0181912,4.052197522,1.343962445,25.88894653,"11:49:00",10.81923323,0.688,0.404312312,0.398,"v","ambient","shade-high","control",206.278280766602
"ch01","Jan",2014,"shade","high",20.9231993,0.336562337,258.9424895,4.069661155,1.3382851,25.88598061,"11:51:00",10.44684511,0.69,0.265992391,0.262,"v","ambient","shade-high","control",180.281595399462
"ch01","Jan",2014,"shade","high",20.90673202,0.323170991,254.7815095,4.040917005,1.378123463,26.02764893,"11:43:00",10.56448055,0.679,0.233278585,0.23,"v","ambient","shade-high","control",165.160201054563
"ch01","Apr",2014,"shade","high",15.52692803,0.14862147,208.3851519,1.571856646,1.101972119,21.51466942,"13.8420314",12.05216951,0.536650717,0.269901658,0.267132244,"c","ambient","shade-high","control",150.857057611672
"ch01","Apr",2014,"shade","high",15.79773664,0.127565302,176.6300385,1.289676815,1.046692668,20.89912796,"13.66500808",12.19361703,0.456254595,0.570669457,0.564807775,"c","ambient","shade-high","control",148.947224138341
"ch01","Feb",2014,"shade","high",16.65440868,0.174653557,218.2623419,2.257691664,1.368,22.01173973,"13.28498228",10.404992,0.566269352,0.182396726,0.179393844,"q","ambient","shade-high","control",126.95363781723
"ch01","Jan",2014,"shade","high",20.95394495,0.327042994,255.7773772,4.035679466,1.361763224,25.94775009,"11:45:00",10.40725278,0.682,0.239704144,0.236,"v","ambient","shade-high","control",168.361512791748
"ch02","Apr",2014,"shade","high",20.27672884,0.251966831,225.4435474,3.782747137,1.606808462,28.06225014,"9.742322391",12.97788239,0.606520649,0.343524268,0.339075404,"d","elevated","shade-high","control",166.417939229575
"ch02","Oct",2013,"shade","high",14.92581215,0.141785288,186.3320251,1.859328409,1.369261826,23.88083458,"13.75304669",12.54588335,0.506296592,0.473845521,0.465747634,"ee","elevated","shade-high","control",154.832704143034
"ch02","Oct",2013,"shade","high",14.8968388,0.132169821,174.9851948,1.770824214,1.394514034,23.94686317,"13.93171643",11.11049157,0.474773956,0.342362153,0.336498082,"ee","elevated","shade-high","control",131.473262568402
"ch02","Oct",2013,"shade","high",14.86055546,0.13710759,181.8884962,1.775701577,1.35046404,23.71655846,"13.91647241",11.73437226,0.493709209,0.360774456,0.354602407,"ee","elevated","shade-high","control",140.697787676002
"ch02","Oct",2013,"shade","high",14.7347478,0.140179499,187.0430357,1.816861552,1.352761466,23.76739311,"13.84110241",13.96510006,0.507807618,1.010708562,0.993426896,"ee","elevated","shade-high","control",172.464404080572
"ch02","Jan",2014,"shade","high",22.76460994,0.426048238,262.1773119,7.72247607,2.021855093,33.07155609,"12:30:20",9.649721653,0.711,0.325994184,0.323,"u","elevated","shade-high","control",192.345974234172
"ch02","Jan",2014,"shade","high",22.93759522,0.443763326,264.7557159,7.811289402,1.974244026,32.9600296,"12:31:40",9.617659615,0.718,0.381935012,0.378,"u","elevated","shade-high","control",204.699438001078
"ch02","Jan",2014,"shade","high",22.70224437,0.426286558,262.7390157,7.656050724,2.003862589,32.95756531,"12:33:00",9.486216681,0.712,0.31825483,0.315,"u","elevated","shade-high","control",191.405473425088
"ch02","Apr",2014,"shade","high",19.57498415,0.22754367,218.8417497,3.42702053,1.600655724,27.66287231,"10.0828776",11.9505759,0.585834281,0.290847818,0.287070858,"d","elevated","shade-high","control",151.538565909225
"ch02","Apr",2014,"shade","high",19.76407828,0.23691381,222.2816699,3.587540622,1.613593366,27.88750458,"10.02367852",11.47954961,0.595898402,0.256599363,0.253264084,"d","elevated","shade-high","control",145.258570353178
"ch02","Apr",2014,"shade","high",19.89175875,0.243575839,224.3339351,3.735000684,1.636730463,28.14263344,"9.927946675",12.0267071,0.602314645,0.279875844,0.276242885,"d","elevated","shade-high","control",153.260424554374
"ch02","Dec",2013,"shade","high",15.3962299,0.259576416,254.8229187,4.485827829,1.836443292,28.58469963,"13.31274545",14.90585858,0.695455804,0.261981393,0.261000332,"bb","elevated","shade-high","control",196.054508761818
"ch02","Dec",2013,"shade","high",15.45194123,0.264289374,256.360247,4.442749116,1.789776914,28.34660149,"13.21537775",16.28590956,0.699669154,0.376218173,0.374783911,"bb","elevated","shade-high","control",215.288490399874
"ch02","Feb",2014,"shade","high",19.9341828,0.331396267,259.8876193,5.964919461,1.952,32.29125595,"10.62224309",14.3505656,0.691529765,0.294879928,0.291971043,"n","elevated","shade-high","control",192.286603065351
"ch02","Feb",2014,"shade","high",19.97217015,0.333078064,260.5208924,5.853259942,1.908,32.03074646,"10.65232789",13.86784313,0.692982423,0.265702283,0.263095475,"n","elevated","shade-high","control",185.353415762247
"ch02","Feb",2014,"shade","high",19.89471264,0.333262633,261.1776232,5.818336552,1.896,31.95371819,"10.64639184",16.11814362,0.694465206,0.451793157,0.447362132,"n","elevated","shade-high","control",217.142621049669
"ch02","Feb",2014,"shade","high",19.8779314,0.334561166,261.7571971,5.865235232,1.904,32.02881241,"10.70493313",13.5408898,0.69568016,0.246186838,0.243773873,"n","elevated","shade-high","control",181.013922758095
"ch02","Mar",2014,"shade","high",16.59521916,0.301245749,277.395291,5.041873155,1.820286782,30.87630844,"12.83290932",15.89136378,0.723909181,0.310613389,0.304823757,"l","elevated","shade-high","control",223.968041088374
"ch02","Mar",2014,"shade","high",16.6658285,0.311464383,279.6590106,5.186744196,1.816812662,30.94915581,"12.71987771",15.25192428,0.730241396,0.256481795,0.251681862,"l","elevated","shade-high","control",214.680408512472
"ch02","Mar",2014,"shade","high",16.75600338,0.327937534,283.3386786,5.377700625,1.797861086,31.02885818,"12.6476281",16.89650306,0.74021959,0.383031569,0.3758674,"l","elevated","shade-high","control",239.592928285618
"ch02","Apr",2014,"shade","high",19.24591551,0.214200564,213.3216355,3.465331182,1.710762858,28.16306496,"10.32914741",11.7503641,0.569671405,0.298494472,0.294647035,"d","elevated","shade-high","control",148.845012596243
"ch02","Jan",2014,"shade","high",22.37213367,0.40438369,259.9403576,7.566572845,2.07337569,33.15278625,"12:27:40",9.566446292,0.703,0.450611903,0.446,"u","elevated","shade-high","control",210.292016042542
"ch02","Apr",2014,"shade","high",20.18112099,0.248797736,224.5907436,3.768089905,1.619310849,28.10343552,"9.824224443",12.55129566,0.603936093,0.314530301,0.310447647,"d","elevated","shade-high","control",160.42801929065
"ch02","Dec",2013,"shade","high",15.43441813,0.268910548,258.3519323,4.384319741,1.738951195,28.08898926,"13.20482555",14.50355596,0.705029722,0.226797603,0.225944811,"bb","elevated","shade-high","control",190.298223063928
"ch02","Jan",2014,"shade","high",22.69982213,0.415946538,260.4031906,7.694630969,2.056862097,33.17703629,"12:29:00",9.683824217,0.705,0.313953893,0.311,"u","elevated","shade-high","control",188.100146630419
"ch02","Mar",2014,"shade","high",16.75766634,0.31759735,280.6824221,5.259409292,1.810060567,30.96388054,"12.72934795",15.85503339,0.733196496,0.293936337,0.288437664,"l","elevated","shade-high","control",223.671211743929
"ch02","Feb",2014,"shade","high",20.21538686,0.360877989,266.6951718,5.867369154,1.781,31.60329056,"10.64006332",15.10242799,0.710554403,0.316574277,0.313483449,"n","elevated","shade-high","control",202.838477404075
"ch02","Dec",2013,"shade","high",15.37267585,0.274234587,260.7261837,4.288173545,1.671575342,27.71023941,"13.12560976",16.38166139,0.711734238,0.347289625,0.345969566,"bb","elevated","shade-high","control",216.461469918239
"ch02","Mar",2014,"shade","high",16.73868702,0.322479309,282.0709955,5.302919345,1.800089347,30.95982742,"12.67864421",16.68327006,0.736876937,0.364630026,0.357813358,"l","elevated","shade-high","control",236.165047480239
"ch02","Dec",2013,"shade","high",15.33480004,0.275327801,261.3775359,4.331134256,1.681721614,27.79348946,"13.16065162",15.92983202,0.713276704,0.300683507,0.299585683,"bb","elevated","shade-high","control",210.377731510995
"ch03","Apr",2014,"shade","high",15.8560551,0.169826896,219.178132,1.443865834,0.895753392,19.84589195,"11.34837955",13.69729672,0.576026351,0.339458415,0.335135724,"a","ambient","shade-high","control",172.468271824638
"ch03","Apr",2014,"shade","high",15.86942509,0.177279599,225.0994822,1.496550675,0.891487944,19.89592171,"11.33790306",15.38595957,0.59191855,0.567887123,0.560678998,"a","ambient","shade-high","control",197.154800154445
"ch03","Apr",2014,"shade","high",16.05616832,0.184486735,228.318113,1.549114315,0.888697364,19.97893524,"11.23036411",14.86671038,0.601430608,0.417179559,0.41190737,"a","ambient","shade-high","control",189.830684808438
"ch03","Dec",2013,"shade","high",20.02222354,0.333917891,244.5264448,4.109888009,1.347576114,25.19613838,"10.13164617",14.92030226,0.685641803,0.363000321,0.361152731,"bb","ambient","shade-high","control",189.368852969661
"ch03","Dec",2013,"shade","high",20.02735383,0.341768838,247.2904217,4.012864651,1.289249029,24.8016777,"10.0687068",14.90521638,0.692746751,0.344727021,0.342990402,"bb","ambient","shade-high","control",189.194152449322
"ch03","Dec",2013,"shade","high",20.12669102,0.344590226,247.5129839,4.066007959,1.296640918,24.89896965,"10.10000125",14.5155443,0.693365898,0.316726947,0.315117604,"bb","ambient","shade-high","control",183.967108783791
"ch03","Dec",2013,"shade","high",20.16133643,0.350560349,248.8220014,4.134108185,1.298088709,24.98119164,"10.01633778",14.39481253,0.697205205,0.304041508,0.302508081,"bb","ambient","shade-high","control",182.510869862
"ch03","Dec",2013,"shade","high",20.18837534,0.356222705,250.1136402,4.176730999,1.29284881,24.98480988,"10.02175816",13.95785391,0.700923184,0.274858675,0.273477288,"bb","ambient","shade-high","control",176.663619603051
"ch03","Oct",2013,"shade","high",16.6808978,0.160669406,184.9875635,2.006771324,1.306363557,24.59318161,"12.32883392",11.565559,0.506941508,0.369876211,0.364618189,"ff","ambient","shade-high","control",139.888967526765
"ch03","Oct",2013,"shade","high",17.03410966,0.160623123,181.1005376,1.914426691,1.246868258,24.2937336,"12.20884774",10.72024796,0.496912285,0.315971513,0.31148969,"ff","ambient","shade-high","control",127.190267340921
"ch03","Oct",2013,"shade","high",17.17638958,0.165306759,184.5017315,1.837425805,1.165041421,23.86310387,"12.01723624",13.50651867,0.506651114,0.930591702,0.91740602,"ff","ambient","shade-high","control",166.044238763835
"ch03","Oct",2013,"shade","high",17.25231271,0.170092128,188.3154951,1.847934376,1.140424332,23.83769035,"11.92522698",12.49015083,0.51739147,0.477302901,0.470555716,"ff","ambient","shade-high","control",152.170077433662
"ch03","Oct",2013,"shade","high",17.37438713,0.176008714,192.3198036,1.88475306,1.126057806,23.89322472,"11.86128771",12.88736699,0.528848186,0.481829028,0.475019504,"ff","ambient","shade-high","control",156.260566567066
"ch03","Apr",2014,"shade","high",15.8391805,0.1774855,226.0532915,1.538432891,0.915279028,20.13509178,"11.7483814",14.24950609,0.593447253,0.354975929,0.350450145,"a","ambient","shade-high","control",181.432856123944
"ch03","Apr",2014,"shade","high",15.84306442,0.164556774,214.6878388,1.44704304,0.924715022,20.05577469,"11.55028415",14.03236797,0.563824395,0.420899265,0.415534929,"a","ambient","shade-high","control",177.046850237095
"ch03","Feb",2014,"shade","high",18.81089791,0.368726588,284.7613764,2.693501245,0.815,20.82317162,"11.55914737",15.35519141,0.749813615,0.227726447,0.225904229,"m","ambient","shade-high","control",202.158331572273
"ch03","Feb",2014,"shade","high",18.57036173,0.325720601,275.478124,2.726631566,0.921,21.55314636,"11.48859221",15.99034047,0.724024655,0.288166918,0.28586096,"m","ambient","shade-high","control",211.035051009921
"ch03","Feb",2014,"shade","high",18.68322851,0.338464962,278.330028,2.621584636,0.856,21.03408813,"11.40736096",15.0982868,0.732140753,0.233006371,0.231150512,"m","ambient","shade-high","control",198.146690395038
"ch03","Jan",2014,"shade","high",19.75201718,0.344778742,268.9914931,4.317152824,1.39007173,24.9993,"11:13:00",10.99498287,0.713,0.287836579,0.284,"s","ambient","shade-high","control",200.369161467855
"ch03","Jan",2014,"shade","high",19.74971461,0.353171371,271.1165647,4.355388902,1.372707676,24.94667244,"11:14:20",10.9501273,0.719,0.209197251,0.206,"s","ambient","shade-high","control",176.709422562171
"ch03","Jan",2014,"shade","high",19.77825244,0.356985192,272.036327,4.390651306,1.370567634,24.97321892,"11:15:40",10.88868562,0.721,0.2591039,0.255,"s","ambient","shade-high","control",195.703039697107
"ch03","Mar",2014,"shade","high",14.42932581,0.208358739,265.9000913,2.231173962,1.142898658,22.85064697,"15.01389931",12.70006758,0.682437411,0.14841492,0.145994831,"g","ambient","shade-high","control",168.677212292957
"ch03","Mar",2014,"shade","high",14.10280879,0.183915745,254.1776046,2.240982131,1.289140904,23.70179176,"14.94135548",14.34007577,0.651235397,0.229789523,0.226034445,"g","ambient","shade-high","control",192.804881397124
"ch03","Mar",2014,"shade","high",13.99362429,0.182089644,254.7695997,2.092584763,1.215939381,23.09556007,"14.97587234",12.14760093,0.652016964,0.1476559,0.145245037,"g","ambient","shade-high","control",159.997739652416
"ch03","Mar",2014,"shade","high",13.82967252,0.180092507,255.265538,2.027467255,1.190896674,22.82029343,"14.97620187",14.25038969,0.652953028,0.215647603,0.212108041,"g","ambient","shade-high","control",191.134648866027
"ch03","Mar",2014,"shade","high",13.78290897,0.17752487,254.0135575,2.037905499,1.213308097,22.89833069,"15.16326716",13.9280469,0.649439923,0.203687758,0.200340637,"g","ambient","shade-high","control",186.346707487345
"ch03","Jan",2014,"shade","high",19.6121857,0.328550851,265.300912,4.252616179,1.429573779,25.15030861,"11:10:20",11.15191546,0.703,0.268402611,0.264,"s","ambient","shade-high","control",192.230886239334
"ch03","Jan",2014,"shade","high",19.65659062,0.337442542,267.6179593,4.277692856,1.404127941,25.03742409,"11:11:40",11.09240916,0.709,0.222075041,0.219,"s","ambient","shade-high","control",179.104677791701
"ch03","Feb",2014,"shade","high",18.64423662,0.348393955,281.1899008,2.622420342,0.834,20.92240906,"11.29509338",16.16269459,0.739567464,0.275574501,0.273370758,"m","ambient","shade-high","control",213.534016266619
"ch03","Feb",2014,"shade","high",18.63330197,0.355733909,283.0060941,2.633287756,0.822,20.87809372,"11.33426727",17.49875674,0.744457293,0.370149489,0.367202918,"m","ambient","shade-high","control",232.666157064453
"ch03","Feb",2014,"shade","high",18.7189955,0.365634189,284.7447062,2.660616913,0.811,20.85392761,"11.16563822",13.94830507,0.749358927,0.18277439,0.181323245,"m","ambient","shade-high","control",182.328850783932
"ch04","Dec",2013,"shade","high",16.95922701,0.248087794,230.7509135,6.374857452,2.675168595,34.36634064,"12.18211091",13.13564897,0.638508353,0.285635809,0.286035427,"aa","elevated","shade-high","control",171.377310906636
"ch04","Oct",2013,"shade","high",12.82906009,0.110884138,174.0044905,1.766982447,1.633523516,27.88171768,"15.99446178",9.974567731,0.467113826,0.240509019,0.236700079,"ff","elevated","shade-high","control",120.663205656125
"ch04","Oct",2013,"shade","high",13.0295094,0.113136082,174.6278116,1.795313517,1.627690651,27.91763687,"15.81146825",8.198994918,0.46897485,0.163726607,0.161138545,"ff","elevated","shade-high","control",95.046919778306
"ch04","Apr",2014,"shade","high",14.18025463,0.197633997,259.1562885,2.343394393,1.252735386,24.0512104,"13.59772637",15.61448625,0.669145505,0.273315679,0.270193749,"b","elevated","shade-high","control",207.273957117174
"ch04","Apr",2014,"shade","high",13.82084638,0.181205494,252.4763804,2.222218278,1.288945674,24.09378052,"13.45847506",14.74929484,0.651042861,0.238030875,0.235283927,"b","elevated","shade-high","control",194.413129655743
"ch04","Apr",2014,"shade","high",13.82730826,0.184321738,254.4077355,2.235998374,1.276306518,24.02368927,"13.45786276",16.16555966,0.656225902,0.350209258,0.346194786,"b","elevated","shade-high","control",214.924746560856
"ch04","Feb",2014,"shade","high",13.55676365,0.158048468,236.5134,3.227833676,2.121,29.53966713,"17.36138131",12.18312063,0.604837168,0.180877548,0.17823918,"r","elevated","shade-high","control",161.563447394495
"ch04","Dec",2013,"shade","high",17.17523872,0.25469046,232.1342762,6.38808223,2.61756426,34.16662598,"12.06805163",11.26699798,0.642790894,0.197847112,0.198131327,"aa","elevated","shade-high","control",145.323614440126
"ch04","Dec",2013,"shade","high",17.27277497,0.258433965,233.0841733,6.391686511,2.584877342,34.03840637,"12.03089961",12.98064093,0.645616957,0.26911691,0.269497865,"aa","elevated","shade-high","control",168.901008555726
"ch04","Dec",2013,"shade","high",17.35779167,0.261775591,233.9044934,6.430308616,2.570276096,33.98768997,"11.96319875",13.23117513,0.647964574,0.281958482,0.282357961,"aa","elevated","shade-high","control",172.342977155208
"ch04","Dec",2013,"shade","high",17.42802083,0.264960725,234.7659001,6.465668946,2.5560059,33.9281044,"11.92089333",12.91219406,0.65036883,0.260774343,0.261167433,"aa","elevated","shade-high","control",167.934092072015
"ch04","Apr",2014,"shade","high",13.83987293,0.182528563,253.1967397,2.217903642,1.277743242,24.00794411,"13.41895675",15.21786934,0.652967045,0.265950427,0.26289375,"b","elevated","shade-high","control",201.157443933049
"ch04","Jan",2014,"shade","high",13.68422209,0.179314565,253.0066953,2.890973776,1.690029674,27.96098518,"9:41:00",15.85356636,0.648,0.268481738,0.264,"s","elevated","shade-high","control",202.037783254295
"ch04","Jan",2014,"shade","high",13.79053571,0.182194565,253.7364532,2.95768323,1.703178501,28.022892,"9:42:20",15.77042244,0.65,0.21806279,0.215,"s","elevated","shade-high","control",190.495330264721
"ch04","Jan",2014,"shade","high",14.07728551,0.19268581,257.3683039,3.055531448,1.669589179,27.91921997,"9:43:40",15.42147633,0.66,0.186969939,0.184,"s","elevated","shade-high","control",182.076598798679
"ch04","Oct",2013,"shade","high",13.12760534,0.115324816,176.516616,1.811381659,1.612186375,27.89806747,"15.63407291",8.512436726,0.47436258,0.170885019,0.168188034,"ff","elevated","shade-high","control",99.6953392326082
"ch04","Oct",2013,"shade","high",13.23524738,0.117677603,178.4010631,1.830523932,1.59768981,27.87684822,"15.46338639",11.59198771,0.479793957,0.386190629,0.380139294,"ff","elevated","shade-high","control",144.129782581694
"ch04","Oct",2013,"shade","high",13.31257262,0.120200983,180.9130495,1.856398516,1.58758752,27.85170174,"15.28394262",9.354974038,0.486831655,0.193487059,0.190459015,"ff","elevated","shade-high","control",112.109623116843
"ch04","Apr",2014,"shade","high",13.91989669,0.186920418,255.1095287,2.269853637,1.278490705,24.11454391,"13.4331661",15.78045821,0.658226283,0.304913552,0.301424605,"b","elevated","shade-high","control",209.457583751354
"ch04","Apr",2014,"shade","high",14.02213944,0.188850854,255.1259237,2.277875602,1.270391101,24.13276482,"13.39304932",15.93143293,0.658829475,0.321450716,0.317825878,"b","elevated","shade-high","control",211.504495151059
"ch04","Jan",2014,"shade","high",13.44212356,0.173703443,251.7428111,2.842740349,1.712036977,28.0778141,"9:39:40",15.93826163,0.644,0.237229942,0.234,"s","elevated","shade-high","control",195.079965564254
"ch04","Feb",2014,"shade","high",12.6230362,0.147365225,237.0977,3.336022712,2.34,30.57777023,"16.97124236",12.19383774,0.604621957,0.171233111,0.168726657,"r","elevated","shade-high","control",163.379269456505
"ch04","Jan",2014,"shade","high",14.25643788,0.196974988,258.1985852,3.11931963,1.669508781,27.95177078,"9:45:00",15.25665814,0.663,0.268144141,0.264,"s","elevated","shade-high","control",205.031516820908
"ch04","Mar",2014,"shade","high",15.91148981,0.203835867,244.3160684,3.315138981,1.727718568,25.66797066,"12.97398245",14.74976811,0.633620262,0.311228682,0.306442482,"g","elevated","shade-high","control",193.191314383916
"ch04","Feb",2014,"shade","high",12.79931119,0.146310768,234.4978,3.181522462,2.248,30.20358086,"16.84012047",14.02620373,0.598177724,0.286548645,0.282342713,"r","elevated","shade-high","control",189.830650413583
"ch04","Feb",2014,"shade","high",12.81275284,0.148037995,236.1857,3.154951585,2.205,30.0289669,"16.81344364",13.63879231,0.60245915,0.246180124,0.24257166,"r","elevated","shade-high","control",184.139447720104
"ch04","Feb",2014,"shade","high",12.7358273,0.144508075,234.2818,3.033590593,2.169,29.9669323,"16.88603101",13.89496121,0.597017164,0.274858142,0.270840254,"r","elevated","shade-high","control",187.945798427232
"ch04","Mar",2014,"shade","high",16.51729745,0.228953891,252.4516954,3.656448789,1.708837636,26.11588287,"13.13824713",12.30816475,0.656489939,0.177082628,0.174359537,"g","elevated","shade-high","control",159.17717357621
"ch04","Mar",2014,"shade","high",16.31186412,0.21184632,244.1565255,3.600371812,1.807872761,26.52728081,"13.04009942",12.48613483,0.635305556,0.196318069,0.193286625,"g","elevated","shade-high","control",161.067565817944
"ch04","Mar",2014,"shade","high",16.39479439,0.211993802,244.3035474,3.359463721,1.68783091,25.64043999,"12.9494521",13.57243987,0.635494686,0.239802434,0.236097895,"g","elevated","shade-high","control",175.935624203691
"ch04","Mar",2014,"shade","high",16.04522055,0.205466906,244.0662642,3.280665661,1.697472216,25.53233337,"12.90480296",14.45209359,0.633461383,0.28982665,0.285338735,"g","elevated","shade-high","control",188.704824698146
"ch05","Apr",2014,"shade","high",15.66170802,0.22544405,261.9697512,2.373868548,1.130405749,20.89938545,"13.57142506",15.09183356,0.677779743,0.257540759,0.254050798,"e","ambient","shade-high","control",201.157209989776
"ch05","Apr",2014,"shade","high",15.76000346,0.226456298,261.7053253,2.390853989,1.13375104,20.92435455,"13.54238623",14.04972021,0.677103734,0.207706532,0.204892558,"e","ambient","shade-high","control",185.829023730437
"ch05","Jan",2014,"shade","high",16.11260655,0.235035099,263.1033739,2.277088732,1.046201425,21.24159813,"9:55:40",13.20479602,0.682,0.226400032,0.223,"x","ambient","shade-high","control",191.934627112897
"ch05","Oct",2013,"shade","high",16.55932023,0.19886825,220.5546225,1.548902473,0.83560822,18.18941689,"11.40657569",10.51492399,0.603197066,0.169841194,0.166603178,"gg","ambient","shade-high","control",123.05577760846
"ch05","Oct",2013,"shade","high",16.74485949,0.199861946,219.3881636,1.569089938,0.842534147,18.2896328,"11.27129687",12.08945308,0.600386639,0.223872406,0.219591353,"gg","ambient","shade-high","control",144.591721335472
"ch05","Oct",2013,"shade","high",16.87854272,0.201366709,219.1162572,1.570010574,0.837140545,18.26823807,"11.21356909",12.62633519,0.599929973,0.250958248,0.246160253,"gg","ambient","shade-high","control",151.859879477758
"ch05","Oct",2013,"shade","high",16.86964731,0.203006211,220.3667715,1.559194258,0.825054157,18.173666,"11.1455808",13.98157132,0.603278514,0.338801737,0.332364782,"gg","ambient","shade-high","control",170.574679347887
"ch05","Apr",2014,"shade","high",15.72487224,0.217405497,257.0291223,2.32392969,1.144474052,20.99422646,"13.57567962",14.0041491,0.665527913,0.217269638,0.214320555,"e","ambient","shade-high","control",184.654204273027
"ch05","Apr",2014,"shade","high",15.7448967,0.224298487,260.7808711,2.333304468,1.116460969,20.79035378,"13.52408403",13.65721596,0.674827966,0.194574609,0.191936882,"e","ambient","shade-high","control",179.861285646792
"ch05","Dec",2013,"shade","high",15.07006561,0.170428667,206.2514119,4.126220335,2.479048895,31.00935364,"13.59507045",13.11842078,0.562503117,0.421509046,0.42205081,"aa","ambient","shade-high","control",170.498761386303
"ch05","Oct",2013,"shade","high",16.92287535,0.206276215,222.0556876,1.551373326,0.808826311,18.04934692,"11.1555214",12.22711441,0.607978148,0.224029519,0.21977579,"gg","ambient","shade-high","control",146.517091500974
"ch05","Mar",2014,"shade","high",22.64252236,0.354271915,241.1216761,4.556808647,1.426298261,24.88877487,"7.985657339",16.09144473,0.667623216,0.609672971,0.60342465,"i","ambient","shade-high","control",203.982876387654
"ch05","Mar",2014,"shade","high",22.66948515,0.357593645,241.9572111,4.528818004,1.405973691,24.78106117,"7.970987403",10.79695222,0.670069324,0.206132898,0.2040203,"i","ambient","shade-high","control",131.982115567214
"ch05","Jan",2014,"shade","high",15.71541119,0.235543654,267.4735193,2.192839128,1.005927059,20.88925362,"10:03:40",13.54544822,0.691,0.272215111,0.268,"x","ambient","shade-high","control",209.741929263472
"ch05","Mar",2014,"shade","high",21.83366955,0.321035967,235.9109981,4.709075357,1.60833768,25.77510262,"8.143763207",12.8336627,0.649950969,0.289488281,0.286519017,"i","ambient","shade-high","control",160.489397354787
"ch05","Mar",2014,"shade","high",22.3663588,0.335261837,236.9847433,4.616626655,1.517435862,25.29308891,"8.078892906",11.18305494,0.655055845,0.224288339,0.221982564,"i","ambient","shade-high","control",137.263291441551
"ch05","Mar",2014,"shade","high",22.54605824,0.34491331,238.9487027,4.587740023,1.470458058,25.08333778,"8.015728991",13.65837554,0.661054709,0.331417291,0.328008279,"i","ambient","shade-high","control",170.919487410807
"ch05","Jan",2014,"shade","high",15.5634689,0.235226244,268.771342,2.193743332,1.007381077,20.90171432,"10:05:40",13.62679456,0.694,0.204049553,0.201,"x","ambient","shade-high","control",192.498355016294
"ch05","Apr",2014,"shade","high",15.09885574,0.200859184,253.219223,2.370407308,1.255785991,21.81745338,"14.02887143",14.46466502,0.653993389,0.248253693,0.244879482,"e","ambient","shade-high","control",192.398956612261
"ch05","Apr",2014,"shade","high",15.64325476,0.209658021,253.207712,2.359274472,1.201337531,21.41825104,"13.65046931",14.16254561,0.655544417,0.236264842,0.233052914,"e","ambient","shade-high","control",186.997036608864
"ch05","Dec",2013,"shade","high",14.82901071,0.165842413,205.3982452,4.099879534,2.527087541,31.15972137,"13.65912605",11.82586892,0.558884141,0.279648744,0.280009266,"aa","ambient","shade-high","control",152.370970705965
"ch05","Dec",2013,"shade","high",14.92992927,0.167293527,205.1622739,4.10729054,2.510901524,31.11205101,"13.74630194",12.92735342,0.55908845,0.401091928,0.401627024,"aa","ambient","shade-high","control",167.939063389516
"ch05","Dec",2013,"shade","high",14.97320374,0.168514896,205.6036351,4.118608224,2.500715673,31.09168243,"13.67591895",12.08584808,0.56060609,0.300450783,0.300837135,"aa","ambient","shade-high","control",155.767839731146
"ch05","Dec",2013,"shade","high",14.99881946,0.170129927,206.6435653,4.13239741,2.486660435,31.0500927,"13.64585519",12.44131841,0.563602177,0.327920839,0.328347457,"aa","ambient","shade-high","control",160.904418298123
"ch05","Feb",2014,"shade","high",23.77649437,0.476421688,269.2220933,6.180814792,1.480808827,28.99407578,"9.219226799",12.43361446,0.731369557,0.223012368,0.220750281,"n","ambient","shade-high","control",162.606955389801
"ch05","Feb",2014,"shade","high",22.97825862,0.425242377,262.1659181,6.396411514,1.688727572,29.82712173,"9.185966277",13.23379493,0.711891884,0.260095325,0.25746454,"n","ambient","shade-high","control",173.82039085917
"ch05","Jan",2014,"shade","high",16.02059597,0.236559878,264.7464092,2.235949105,1.021467469,21.03906059,"9:57:40",13.26569961,0.686,0.269280477,0.265,"x","ambient","shade-high","control",205.252322779468
"ch05","Jan",2014,"shade","high",15.82751509,0.23734049,267.1296074,2.205229558,1.004551753,20.88766861,"9:59:40",13.30155114,0.691,0.233650087,0.23,"x","ambient","shade-high","control",199.389358324039
"ch05","Jan",2014,"shade","high",15.73508588,0.237739659,268.1631233,2.195415922,0.998563352,20.83744812,"10:01:40",13.44688741,0.693,0.162647395,0.16,"x","ambient","shade-high","control",171.419576439013
"ch05","Feb",2014,"shade","high",23.06930941,0.424680328,262.1323108,5.977285376,1.581721049,29.12224579,"8.880035578",12.19699051,0.711965293,0.223016214,0.22076339,"n","ambient","shade-high","control",158.690013954265
"ch05","Feb",2014,"shade","high",23.06866478,0.426702864,262.8126958,5.960009982,1.572036787,28.72223282,"9.198150007",12.96450726,0.713386272,0.245961841,0.243480484,"n","ambient","shade-high","control",169.023087272879
"ch05","Feb",2014,"shade","high",23.00271422,0.423214839,262.2827368,6.033341993,1.602078352,28.96432877,"9.193778675",13.00086918,0.711846371,0.248559783,0.246057235,"n","ambient","shade-high","control",169.738746205995
"ch05","Feb",2014,"shade","high",22.98154867,0.424394449,262.5288182,6.095177484,1.614054421,29.09252548,"9.204546824",14.25188345,0.71255249,0.305545857,0.30249387,"n","ambient","shade-high","control",187.314089727998
"ch06","Apr",2014,"shade","high",5.458876449,0.031793317,121.7449722,0.447027861,1.402443985,24.6217041,"29.05999801",5.57198177,0.300546101,0.076976991,0.076179251,"c","elevated","shade-high","control",50.8292819647192
"ch06","Apr",2014,"shade","high",5.774909602,0.043167408,181.0098871,0.54174411,1.257085482,24.04678726,"29.68974605",7.245669254,0.448276807,0.05878969,0.058183089,"c","elevated","shade-high","control",82.7799151100133
"ch06","Dec",2013,"shade","high",13.82535877,0.158129423,211.1019929,3.783117648,2.422087521,33.33586502,"14.82436318",11.42060742,0.571629859,0.224753951,0.225119458,"dd","elevated","shade-high","control",149.588685977089
"ch06","Dec",2013,"shade","high",13.87205432,0.156095571,209.0951878,3.69752968,2.397293251,33.19562912,"14.69968566",12.95425903,0.565952795,0.368890322,0.36947744,"dd","elevated","shade-high","control",171.490367362342
"ch06","Apr",2014,"shade","high",5.610791247,0.030027285,97.80919328,0.39854614,1.324023719,24.02671051,"28.84243903",4.582644429,0.241580527,0.085953077,0.085060985,"c","elevated","shade-high","control",32.5318181954524
"ch06","Apr",2014,"shade","high",6.069086101,0.039344543,148.0303105,0.518972729,1.320198785,23.96606445,"28.39897275",6.276337007,0.366723554,0.07195898,0.071212308,"c","elevated","shade-high","control",63.6893970935009
"ch06","Oct",2013,"shade","high",16.99312726,0.172234635,188.2957512,3.476744844,2.104239458,27.64528465,"12.23520085",10.34729677,0.517678695,0.259729455,0.257293945,"hh","elevated","shade-high","control",122.869489631015
"ch06","Oct",2013,"shade","high",17.19139966,0.175727697,189.1872471,3.532583651,2.098080464,27.63681984,"12.03694204",10.44844198,0.520653612,0.264602194,0.262103817,"hh","elevated","shade-high","control",124.216509706946
"ch06","Oct",2013,"shade","high",17.42050248,0.179772106,190.2889755,3.591291788,2.087381605,27.61659622,"11.89811957",11.73654363,0.524124808,0.359528158,0.356192764,"hh","elevated","shade-high","control",141.835183794484
"ch06","Oct",2013,"shade","high",17.52619825,0.182226279,191.1014451,3.581778844,2.056105125,27.42570114,"11.79213003",10.96745582,0.526992327,0.29208807,0.289366473,"hh","elevated","shade-high","control",131.098315735627
"ch06","Jan",2014,"shade","high",19.39952617,0.283613688,246.6958114,5.815049844,2.190446678,33.86017609,"14:19:00",10.97920986,0.655,0.275559078,0.272,"w","elevated","shade-high","control",176.295205073396
"ch06","Feb",2014,"shade","high",14.30952135,0.132605495,204.6374122,1.520579983,1.188849879,25.04153633,"15.20017572",12.46930859,0.524887925,0.322045653,0.316835389,"q","elevated","shade-high","control",160.204204619955
"ch06","Feb",2014,"shade","high",14.31359714,0.136300527,209.1173371,1.548582928,1.179254633,25.04701614,"14.95757029",11.97396486,0.536593623,0.256618389,0.252479405,"q","elevated","shade-high","control",153.339584009983
"ch06","Feb",2014,"shade","high",14.3051295,0.136860677,209.9621824,1.560307758,1.183408656,25.09679985,"14.74454011",10.45833377,0.538646295,0.181583707,0.178661685,"q","elevated","shade-high","control",131.182374804157
"ch06","Feb",2014,"shade","high",14.36080152,0.136817008,209.1902946,1.567245083,1.188911134,25.14991188,"14.73540863",11.2864759,0.536695095,0.218014081,0.214511526,"q","elevated","shade-high","control",143.319312991248
"ch06","Dec",2013,"shade","high",13.87881985,0.155319307,208.5067358,3.620790096,2.359732599,33.00379181,"14.5801967",12.9797731,0.564361492,0.37560993,0.376178883,"dd","elevated","shade-high","control",171.556648111956
"ch06","Dec",2013,"shade","high",13.90177749,0.156071139,209.093928,3.584541524,2.326581941,32.80717087,"14.65545692",11.50937841,0.565963597,0.23539381,0.235731008,"dd","elevated","shade-high","control",150.036395900919
"ch06","Dec",2013,"shade","high",13.82312754,0.154081727,208.2064832,3.563721386,2.341586894,32.76433182,"14.69243234",11.86043594,0.563324197,0.259916598,0.260317485,"dd","elevated","shade-high","control",155.0235481879
"ch06","Feb",2014,"shade","high",14.09572287,0.131032642,205.2834949,1.536880032,1.215301412,25.17170334,"15.3630984",12.15723189,0.526356856,0.285247962,0.280617343,"q","elevated","shade-high","control",155.867811888039
"ch06","Jan",2014,"shade","high",19.67679614,0.289048485,246.5867736,5.882132008,2.177886124,33.90028381,"14:11:00",10.96947858,0.656,0.355504094,0.351,"w","elevated","shade-high","control",191.237773484125
"ch06","Jan",2014,"shade","high",19.58059159,0.285676749,246.1181943,5.833283766,2.183081017,33.88272858,"14:13:00",10.92399324,0.654,0.320810039,0.317,"w","elevated","shade-high","control",185.083347475895
"ch06","Jan",2014,"shade","high",19.38836069,0.283732005,246.6419029,5.865426206,2.208237904,33.98344421,"14:15:00",10.95046183,0.655,0.406933952,0.402,"w","elevated","shade-high","control",198.99692121511
"ch06","Jan",2014,"shade","high",19.37829916,0.282782059,246.4102348,5.807406754,2.19335968,33.8894577,"14:17:00",10.9873196,0.654,0.341052657,0.337,"w","elevated","shade-high","control",189.591151991916
"ch06","Mar",2014,"shade","high",12.09475484,0.115899182,214.9693415,1.42287853,1.272342049,24.58973885,"17.37494335",11.64415879,0.545659113,0.187107052,0.183365705,"j","elevated","shade-high","control",150.328513104072
"ch06","Mar",2014,"shade","high",12.36346219,0.116469943,212.1961934,1.33764159,1.191146132,24.08923149,"17.28479681",11.66578168,0.538889458,0.198287948,0.194315955,"j","elevated","shade-high","control",149.84514123217
"ch06","Mar",2014,"shade","high",12.30339761,0.117640565,214.8583816,1.323739329,1.167551764,23.97374916,"17.23281947",11.73245876,0.545599516,0.192874953,0.189019713,"j","elevated","shade-high","control",151.068877475014
"ch06","Oct",2013,"shade","high",16.91059786,0.169206046,186.36784,3.446848713,2.121233478,27.72649765,"12.39620126",12.40416734,0.512203625,0.478931403,0.474422593,"hh","elevated","shade-high","control",151.058821309488
"ch06","Mar",2014,"shade","high",12.41111009,0.14071136,241.0061684,1.511206057,1.122985661,23.85701561,"17.44024439",10.65810252,0.611996862,0.119982658,0.117589598,"j","elevated","shade-high","control",137.565302054132
"ch06","Jan",2014,"shade","high",19.72984118,0.293651746,247.8743964,6.035427681,2.201966001,34.08750534,"14:09:00",11.40398172,0.659,0.238440542,0.235,"w","elevated","shade-high","control",165.129067042378
"ch06","Mar",2014,"shade","high",12.28904243,0.118788623,216.7396958,1.321397963,1.154723927,23.91859627,"17.27315219",11.37955195,0.550351104,0.173650632,0.170177783,"j","elevated","shade-high","control",145.970921229689
"ch07","Oct",2013,"shade","high",13.3691651,0.17552505,234.6217704,2.905365082,1.734170068,24.25906181,"15.33495508",15.44694472,0.631744508,0.401051825,0.397691749,"hh","ambient","shade-high","control",201.286514788085
"ch07","Oct",2013,"shade","high",13.36779056,0.177489412,236.2406165,2.876482935,1.699439991,24.04685974,"15.44059676",13.62920243,0.635917295,0.219482305,0.217638228,"hh","ambient","shade-high","control",175.334610614924
"ch07","Oct",2013,"shade","high",13.34769488,0.179135741,237.6410342,2.84539897,1.6669469,23.83860588,"15.33180594",14.1665733,0.639754763,0.244004724,0.241946649,"hh","ambient","shade-high","control",182.938425737387
"ch07","Jan",2014,"shade","high",22.14938686,0.299744149,238.0057754,3.526514706,1.287354036,23.5239296,"9:47:40",9.687820763,0.638,0.239132356,0.236,"t","ambient","shade-high","control",145.381810870499
"ch07","Jan",2014,"shade","high",22.12905171,0.303329347,239.6223504,3.522346432,1.272234797,23.41871071,"9:49:40",9.682272303,0.642,0.20894867,0.206,"t","ambient","shade-high","control",133.715709740359
"ch07","Jan",2014,"shade","high",22.1983196,0.306495126,240.4334,3.520560693,1.259840554,23.3328743,"9:51:40",9.669900392,0.644,0.265855934,0.263,"t","ambient","shade-high","control",156.935848277118
"ch07","Apr",2014,"shade","high",18.8509395,0.274282846,246.1320299,3.275416779,1.295258234,24.99888802,"9.5290272",14.43715742,0.662393401,0.315035569,0.310551886,"d","ambient","shade-high","control",186.294534217092
"ch07","Apr",2014,"shade","high",18.91564249,0.278907401,247.4810291,3.298830785,1.284600657,24.97942352,"9.49993426",14.59586139,0.666224872,0.321233173,0.31670218,"d","ambient","shade-high","control",188.596567344862
"ch07","Oct",2013,"shade","high",13.18128958,0.169933184,232.352936,2.925029228,1.79943297,24.6304493,"15.66952317",11.07433893,0.625341603,0.141336699,0.140147161,"hh","ambient","shade-high","control",139.091315534391
"ch07","Oct",2013,"shade","high",13.33945497,0.173201817,233.1224958,2.92228248,1.766038191,24.44463539,"15.34611462",13.48148123,0.627737105,0.222858116,0.220983737,"hh","ambient","shade-high","control",173.266228460829
"ch07","Jan",2014,"shade","high",21.81235129,0.294876542,238.3520147,3.544683387,1.312981066,23.71580124,"9:43:40",9.77763963,0.638,0.222070577,0.219,"t","ambient","shade-high","control",140.129406443347
"ch07","Jan",2014,"shade","high",22.04365531,0.296274638,237.2453327,3.53859157,1.305233215,23.65229225,"9:45:40",9.716501348,0.636,0.224441955,0.222,"t","ambient","shade-high","control",139.029937499045
"ch07","Feb",2014,"shade","high",17.6644828,0.241145999,252.827,2.198144702,0.983,21.00598335,"12.09606183",12.97184886,0.659210954,0.204771982,0.202010733,"p","ambient","shade-high","control",166.562841068335
"ch07","Apr",2014,"shade","high",18.68284078,0.262288962,242.7479596,3.156191966,1.300570264,24.8555584,"9.605619325",13.63217302,0.652345613,0.274646716,0.270733421,"d","ambient","shade-high","control",174.722967158437
"ch07","Apr",2014,"shade","high",18.7733981,0.267890846,244.2519086,3.222538509,1.302239168,24.9590168,"9.570954544",14.60404918,0.656870935,0.336753876,0.331956697,"d","ambient","shade-high","control",188.503780848681
"ch07","Feb",2014,"shade","high",17.56033586,0.234319396,250.149,2.195816616,1.008,21.16363907,"12.18599444",13.73607021,0.652085398,0.241398044,0.238141405,"p","ambient","shade-high","control",177.404682900231
"ch07","Mar",2014,"shade","high",12.9135383,0.149924137,239.6030595,2.508439979,1.743068072,28.05879784,"16.53140595",13.77647676,0.610469745,0.260993211,0.256147088,"l","ambient","shade-high","control",190.124614254158
"ch07","Dec",2013,"shade","high",22.19426591,0.357004261,232.512168,6.284120148,1.913575804,30.06854057,"9.23132672",12.31463827,0.660918898,0.292419939,0.292735719,"dd","ambient","shade-high","control",156.613561407376
"ch07","Dec",2013,"shade","high",22.26027368,0.363845397,234.1487066,6.258633577,1.874485542,29.88380051,"9.200676843",13.42321953,0.665720004,0.356802614,0.357186828,"dd","ambient","shade-high","control",171.760504253478
"ch07","Dec",2013,"shade","high",22.27004884,0.371256712,236.0503912,6.286256829,1.849600053,29.79528809,"9.176039345",13.68982222,0.671318881,0.367783704,0.368182668,"dd","ambient","shade-high","control",175.498364022635
"ch07","Dec",2013,"shade","high",22.37089469,0.371525274,235.457116,6.361366072,1.870273202,29.92952728,"9.147643137",12.75014666,0.66980341,0.307184822,0.307485946,"dd","ambient","shade-high","control",162.63159505027
"ch07","Dec",2013,"shade","high",22.44488777,0.37539643,235.8614394,6.414330151,1.868450622,29.95745659,"9.1308081",13.32576591,0.671421232,0.343404397,0.343749452,"dd","ambient","shade-high","control",170.501508175823
"ch07","Apr",2014,"shade","high",18.33023645,0.263717379,244.8448608,3.220100882,1.319861253,25.03351784,"9.698865688",14.09151096,0.659253841,0.288897296,0.284811304,"d","ambient","shade-high","control",181.39588878193
"ch07","Apr",2014,"shade","high",18.97309137,0.25565931,236.8821617,3.129590785,1.320027849,24.92710304,"9.591584781",14.13938928,0.638172396,0.338681726,0.333891788,"d","ambient","shade-high","control",180.861745145255
"ch07","Mar",2014,"shade","high",12.51439355,0.14496406,240.0229002,2.490955661,1.786755176,28.26242828,"16.78078753",13.0216195,0.610326002,0.206602871,0.202765879,"l","ambient","shade-high","control",179.450685063648
"ch07","Mar",2014,"shade","high",13.17110478,0.162182372,246.6385216,2.6596936,1.71497341,28.10535431,"16.2773106",13.99763161,0.62963719,0.249581733,0.24495988,"l","ambient","shade-high","control",193.865810145192
"ch07","Feb",2014,"shade","high",17.15972543,0.214905218,242.8273,2.271653404,1.129,21.96565247,"12.42390095",12.94104808,0.631523394,0.223739484,0.220714544,"p","ambient","shade-high","control",166.132185113617
"ch07","Feb",2014,"shade","high",17.4481224,0.218239872,242.2139,2.191535021,1.074,21.53516006,"12.29650781",13.99215389,0.630912292,0.283299218,0.279466868,"p","ambient","shade-high","control",180.624875776149
"ch07","Feb",2014,"shade","high",17.50379955,0.225965873,246.1801,2.18754161,1.038,21.3175869,"12.26001475",12.74533765,0.641470776,0.21025239,0.207411996,"p","ambient","shade-high","control",162.928729825326
"ch07","Mar",2014,"shade","high",13.02876949,0.155602826,242.9580607,2.588403791,1.736058929,28.09802818,"16.57869609",12.43478016,0.619696654,0.178134281,0.174827744,"l","ambient","shade-high","control",169.81790251787
"ch07","Mar",2014,"shade","high",13.06479728,0.159963795,246.1388346,2.630513908,1.718600001,28.07296371,"16.38446529",14.43151912,0.628037251,0.286510142,0.281199422,"l","ambient","shade-high","control",200.539062149362
"ch08","Feb",2014,"shade","high",15.44661341,0.15751484,217.3234739,1.959105508,1.293234118,23.90283394,"14.23599759",13.06765613,0.560130902,0.316657522,0.314004539,"m","elevated","shade-high","control",168.543286041396
"ch08","Feb",2014,"shade","high",15.40327657,0.154772153,215.0845526,1.957940722,1.314174661,23.95214653,"14.37677639",13.89881382,0.554141139,0.44591338,0.442181529,"m","elevated","shade-high","control",180.541349231669
"ch08","Oct",2013,"shade","high",14.06855681,0.128871246,184.1308103,1.421402507,1.151748863,21.2195797,"14.71398041",12.46494339,0.496749867,0.41316626,0.405684107,"gg","elevated","shade-high","control",150.080215728217
"ch08","Oct",2013,"shade","high",14.05290273,0.129655814,185.6304367,1.383971611,1.115165204,20.95191002,"14.80172293",11.05664265,0.500669521,0.254007311,0.249411508,"gg","elevated","shade-high","control",130.305640438525
"ch08","Oct",2013,"shade","high",14.24226311,0.131383893,185.5301048,1.395306609,1.110024766,20.96939278,"14.7288074",12.43938354,0.500408922,0.39709241,0.389933037,"gg","elevated","shade-high","control",149.66373528163
"ch08","Jan",2014,"shade","high",18.75610229,0.26945916,252.4591178,3.441871062,1.378135941,25.81388474,"10:50:20",11.51077661,0.665,0.276369386,0.273,"t","elevated","shade-high","control",184.593054335214
"ch08","Dec",2013,"shade","high",19.47221519,0.327916357,241.5362139,6.469697564,2.119303708,32.58961868,"10.42319192",13.09300018,0.677883502,0.276156515,0.275673951,"cc","elevated","shade-high","control",171.024695495301
"ch08","Dec",2013,"shade","high",19.59650905,0.330212071,241.8317207,6.315911542,2.057169626,32.28811264,"10.4463215",13.42821808,0.678729076,0.294540318,0.29402254,"cc","elevated","shade-high","control",175.299202561006
"ch08","Mar",2014,"shade","high",16.41701142,0.235144701,256.5235663,3.566998526,1.621332515,29.28806877,"13.30651723",15.54739865,0.667196053,0.379712424,0.37231189,"k","elevated","shade-high","control",213.288185042104
"ch08","Mar",2014,"shade","high",16.41218956,0.234716414,256.2226217,3.59696967,1.637581764,29.35308075,"13.17626041",14.21437939,0.666504579,0.262539176,0.257423639,"k","elevated","shade-high","control",193.709324408323
"ch08","Mar",2014,"shade","high",16.49448605,0.237690965,257.1630051,3.566304259,1.605316292,29.15637398,"13.10774562",14.41861772,0.668991452,0.272133705,0.266835832,"k","elevated","shade-high","control",196.551306707109
"ch08","Mar",2014,"shade","high",16.57697626,0.243766431,259.4362861,3.563106192,1.567454593,28.94428444,"13.04488434",14.86212105,0.675053522,0.293756622,0.288041415,"k","elevated","shade-high","control",203.00529861404
"ch08","Mar",2014,"shade","high",16.58963942,0.247191917,260.7793221,3.577309946,1.553916837,28.83305931,"12.99301895",14.90482791,0.678785048,0.290030972,0.284388378,"k","elevated","shade-high","control",203.579777838913
"ch08","Oct",2013,"shade","high",13.93535909,0.128176478,184.777206,1.52700703,1.243092092,21.87282181,"15.26943402",11.13241095,0.498115073,0.264118784,0.25932078,"gg","elevated","shade-high","control",132.015494474022
"ch08","Oct",2013,"shade","high",14.09201139,0.129435463,184.327029,1.500674517,1.210469793,21.66887093,"14.93205077",11.70629616,0.497280497,0.31629145,0.310549116,"gg","elevated","shade-high","control",139.773148741776
"ch08","Jan",2014,"shade","high",18.52863375,0.249815371,245.3985492,3.429522933,1.471223559,26.24324799,"10:46:20",11.86397574,0.645,0.247399377,0.244,"t","elevated","shade-high","control",170.504933966684
"ch08","Jan",2014,"shade","high",18.63493034,0.2569335,247.8110943,3.454470392,1.444285333,26.14002037,"10:47:40",11.71344474,0.652,0.232112386,0.229,"t","elevated","shade-high","control",167.527010106406
"ch08","Jan",2014,"shade","high",18.71402127,0.260976938,249.0289663,3.462037311,1.426993347,26.06529999,"10:49:00",11.58393468,0.655,0.194489442,0.192,"t","elevated","shade-high","control",152.807695481608
"ch08","Jan",2014,"shade","high",18.84078949,0.272547199,252.9718534,3.493762397,1.384240534,25.90285683,"10:51:40",11.46470906,0.666,0.228341464,0.226,"t","elevated","shade-high","control",170.460385005456
"ch08","Apr",2014,"shade","high",14.54397168,0.236341632,272.2970447,2.179758138,0.989217342,22.85196877,"12.58252073",15.70139884,0.711045989,0.235085206,0.232030721,"a","elevated","shade-high","control",210.430235097357
"ch08","Apr",2014,"shade","high",14.45554564,0.219795028,265.6022816,2.140540481,1.038824891,23.10088921,"12.52791322",15.43060423,0.69312635,0.243082372,0.239906347,"a","elevated","shade-high","control",206.134597781282
"ch08","Apr",2014,"shade","high",14.48569172,0.225938057,268.0520379,2.172264614,1.027628026,23.04593658,"12.40648976",15.06896085,0.699929595,0.21603047,0.213213627,"a","elevated","shade-high","control",200.998109257434
"ch08","Apr",2014,"shade","high",14.57956549,0.229502671,268.7941584,2.185272378,1.018993288,22.96692085,"12.33233001",16.46189197,0.70222161,0.305309048,0.301330793,"a","elevated","shade-high","control",221.040691591509
"ch08","Apr",2014,"shade","high",14.62179506,0.232739062,269.7814339,2.200843916,1.013053922,22.92557335,"12.31040999",15.07196246,0.705059263,0.212316362,0.209557558,"a","elevated","shade-high","control",200.913472324811
"ch08","Dec",2013,"shade","high",19.58502185,0.338578832,244.3313336,6.248245665,1.990933889,32.01882935,"10.41900259",13.15270186,0.686131167,0.268628625,0.268153048,"cc","elevated","shade-high","control",171.423906664393
"ch08","Dec",2013,"shade","high",19.61630317,0.341482075,244.9445446,6.227321201,1.969431608,31.93135834,"10.37845762",12.32988626,0.688069123,0.230895008,0.230489008,"cc","elevated","shade-high","control",159.986869075027
"ch08","Dec",2013,"shade","high",19.66498774,0.34466532,245.5889168,6.239707266,1.956844229,31.89049911,"10.33855795",13.25989017,0.689892228,0.270306605,0.269875207,"cc","elevated","shade-high","control",172.838242653506
"ch08","Feb",2014,"shade","high",15.32056134,0.157571207,219.2562871,1.946644539,1.285185087,23.6372776,"14.87214294",10.80716367,0.564357558,0.183106465,0.181565598,"m","elevated","shade-high","control",135.586050005968
"ch08","Feb",2014,"shade","high",14.72046895,0.149126157,217.3523207,2.020385722,1.404325922,24.39732742,"14.69024759",12.28389575,0.55836991,0.247936722,0.245851639,"m","elevated","shade-high","control",157.980442136566
"ch08","Feb",2014,"shade","high",15.26971148,0.149875738,211.3764774,1.960392548,1.356491809,24.12485886,"14.57148836",9.527006506,0.544345286,0.16074318,0.159392999,"m","elevated","shade-high","control",116.382018039422
"ch08","Apr",2014,"shade","high",14.6018966,0.23453016,270.5344829,2.216410351,1.012985982,22.92446136,"12.27018922",16.35483879,0.70731519,0.286032657,0.282325136,"a","elevated","shade-high","control",219.484729514672
"ch08","Apr",2014,"shade","high",14.60843552,0.235225977,270.7595308,2.220672238,1.012160925,22.92027283,"12.25575754",17.03070345,0.70794956,0.35203688,0.347474737,"a","elevated","shade-high","control",229.262641269562
"ch09","Mar",2014,"shade","high",21.24628333,0.304195326,246.3684,3.614733698,1.303518579,24.48028946,"10.23328908",12.26651887,0.657306667,0.236104639,0.232582331,"h","ambient","shade-high","control",156.38167453799
"ch09","Apr",2014,"shade","high",13.6920855,0.217287646,275.4810323,2.04026034,1.010294877,17.89874649,"11.41938166",14.02423287,0.709600308,0.151114133,0.148877618,"f","ambient","shade-high","control",184.873454913443
"ch09","Oct",2013,"shade","high",17.7173264,0.203469257,207.4393647,2.989601985,1.554425613,23.56745338,"11.71358019",11.24886404,0.572377108,0.236430728,0.234413039,"ii","ambient","shade-high","control",132.502716025467
"ch09","Oct",2013,"shade","high",17.82371479,0.208552169,209.8156272,3.016602589,1.533023226,23.47071075,"11.56338483",11.96019563,0.57929488,0.263484184,0.261213433,"ii","ambient","shade-high","control",142.169385518943
"ch09","Apr",2014,"shade","high",14.14317229,0.26538229,291.7645156,1.953386287,0.805390137,16.11014938,"11.53877942",14.83366302,0.751619657,0.149043579,0.146837411,"f","ambient","shade-high","control",196.871650138147
"ch09","Oct",2013,"shade","high",17.58051169,0.198280176,205.2904547,2.9413633,1.566745543,23.58348656,"11.82318555",10.43696514,0.565881736,0.209745639,0.207955617,"ii","ambient","shade-high","control",121.472208114191
"ch09","Dec",2013,"shade","high",18.52996706,0.249112121,220.9338692,5.08998402,2.154364792,29.50559616,"11.28921154",11.42207188,0.615277434,0.236021261,0.23602326,"cc","ambient","shade-high","control",142.424132486069
"ch09","Dec",2013,"shade","high",18.81206466,0.256014538,222.0752562,5.122758137,2.114960486,29.33561134,"11.18198985",11.63348465,0.619052909,0.244429507,0.244429787,"cc","ambient","shade-high","control",145.112106820494
"ch09","Dec",2013,"shade","high",18.77669811,0.263707399,225.6805302,5.128989201,2.061852462,29.08659935,"11.09250765",11.8371878,0.629557869,0.241722202,0.241687978,"cc","ambient","shade-high","control",148.001699068055
"ch09","Dec",2013,"shade","high",19.02600023,0.265799048,224.7626863,5.145677402,2.053687141,29.0345192,"11.01139771",11.60648577,0.627439944,0.237174662,0.237157871,"cc","ambient","shade-high","control",144.543323617826
"ch09","Dec",2013,"shade","high",19.06382631,0.269666006,225.8886817,5.183609624,2.042228091,28.98542023,"10.96829882",12.70866849,0.631144845,0.287496332,0.287420065,"cc","ambient","shade-high","control",159.578874623922
"ch09","Apr",2014,"shade","high",14.07322487,0.219804349,273.4182682,1.996511227,0.978447889,17.53929901,"11.48079821",14.56967684,0.705100812,0.172908067,0.17034275,"f","ambient","shade-high","control",192.026895812499
"ch09","Apr",2014,"shade","high",14.09016931,0.226185475,276.5331959,1.960333353,0.93588202,17.09751892,"11.52054556",14.62044585,0.712855827,0.168251016,0.165754543,"f","ambient","shade-high","control",192.788267370118
"ch09","Apr",2014,"shade","high",13.94509904,0.233597665,281.3188343,1.945392044,0.901637631,16.77812386,"11.5241577",14.93339347,0.724419503,0.167019374,0.164543811,"f","ambient","shade-high","control",197.824933526548
"ch09","Apr",2014,"shade","high",14.09491126,0.238068656,281.8096358,2.010423767,0.915427459,17.04069519,"11.635972",11.17587188,0.725960677,0.101591821,0.10008064,"f","ambient","shade-high","control",143.069025372316
"ch09","Jan",2014,"shade","high",21.59729438,0.3081282,241.5274154,5.131888554,1.800215637,30.08039665,"13:59:40",10.18714679,0.647,0.25877423,0.256,"u","ambient","shade-high","control",158.067426435875
"ch09","Jan",2014,"shade","high",21.6042737,0.306206209,240.8364073,5.088035967,1.795509617,29.9363327,"14:01:00",10.11571842,0.646,0.298323184,0.296,"u","ambient","shade-high","control",168.417383708458
"ch09","Feb",2014,"shade","high",17.15247162,0.247947067,255.8894,3.56556864,1.538547244,27.21953392,"12.94948627",13.87041783,0.668564316,0.254749318,0.251591771,"o","ambient","shade-high","control",188.558614761156
"ch09","Feb",2014,"shade","high",17.30093964,0.257460706,259.0013,3.56294668,1.485438007,26.99111748,"12.76545923",13.7659004,0.677095439,0.240140943,0.237173309,"o","ambient","shade-high","control",186.956360791112
"ch09","Feb",2014,"shade","high",17.29270831,0.260570958,260.3303,3.543250863,1.461464564,26.7872715,"12.66948691",13.59431946,0.680785686,0.227354534,0.224552324,"o","ambient","shade-high","control",184.269761396446
"ch09","Mar",2014,"shade","high",21.42087054,0.302788351,244.3905169,3.527916812,1.277883893,24.26173019,"10.13479137",12.11148854,0.653085914,0.235959375,0.232442571,"h","ambient","shade-high","control",153.608489103902
"ch09","Mar",2014,"shade","high",21.42703655,0.308062421,246.4758596,3.466819907,1.236707467,23.97831917,"10.12354972",11.71077109,0.658663903,0.217503238,0.214261799,"h","ambient","shade-high","control",147.962215633008
"ch09","Mar",2014,"shade","high",21.42293584,0.312827976,248.2757669,3.459509366,1.217270848,23.85552216,"10.08976261",11.71725418,0.663471624,0.213958426,0.210773063,"h","ambient","shade-high","control",148.149138374513
"ch09","Feb",2014,"shade","high",17.44756484,0.248988655,254.4944,3.476479759,1.495,26.86668205,"12.92465519",15.47328568,0.665031105,0.405809033,0.40077866,"o","ambient","shade-high","control",211.499879372856
"ch09","Oct",2013,"shade","high",17.21968742,0.188017503,201.1705133,2.881194866,1.612808036,23.78240013,"12.01927098",12.54712961,0.553690435,0.335045604,0.332184608,"ii","ambient","shade-high","control",149.775457777946
"ch09","Oct",2013,"shade","high",17.42819602,0.19291344,202.9243423,2.891526303,1.580536398,23.59614944,"11.90774061",11.09664064,0.558927329,0.239619063,0.237543026,"ii","ambient","shade-high","control",130.191414452769
"ch09","Jan",2014,"shade","high",21.01867317,0.291790021,239.0777017,5.200644918,1.915119802,30.60555077,"13:55:40",10.29670235,0.639,0.265594601,0.263,"u","ambient","shade-high","control",159.939522343711
"ch09","Jan",2014,"shade","high",21.24480085,0.293467289,238.1520176,5.196746607,1.903925188,30.56024742,"13:57:00",10.16100177,0.637,0.315135335,0.312,"u","ambient","shade-high","control",170.737169150841
"ch09","Jan",2014,"shade","high",21.44748482,0.298029513,238.5946811,5.180909692,1.872108997,30.42021751,"13:58:20",10.21605605,0.639,0.266366527,0.264,"u","ambient","shade-high","control",158.075987322835
"ch09","Feb",2014,"shade","high",17.2808335,0.26133818,260.5708,3.616590413,1.48743443,26.97149277,"12.5670356",14.13330467,0.681435672,0.253791629,0.25064448,"o","ambient","shade-high","control",192.480163724522
"ch10","Oct",2013,"shade","high",12.80308597,0.115630946,177.8911114,2.647948561,2.343321935,29.74418259,"15.96660753",9.885132916,0.47866048,0.219006116,0.216085211,"jj","elevated","shade-high","control",119.431164235785
"ch10","Apr",2014,"shade","high",15.11766401,0.227018682,262.5927231,2.142076058,1.01700151,19.94054413,"14.17668324",15.95548285,0.68808444,0.287969539,0.283339738,"f","elevated","shade-high","control",210.095281660543
"ch10","Oct",2013,"shade","high",12.81528122,0.115646546,177.8612117,2.615374745,2.314949156,29.56111908,"15.96509268",11.31574559,0.478592171,0.334814302,0.330341739,"jj","elevated","shade-high","control",139.585423767858
"ch10","Oct",2013,"shade","high",12.84534412,0.115685468,177.5816086,2.595942631,2.297231143,29.43506813,"15.93346129",11.38113776,0.477831844,0.344961048,0.340391888,"jj","elevated","shade-high","control",140.344522863874
"ch10","Apr",2014,"shade","high",15.04925016,0.22159488,260.6748494,2.079488884,1.009925604,19.87582207,"14.01181782",15.82840513,0.682857993,0.286274341,0.281616027,"f","elevated","shade-high","control",208.105519897989
"ch10","Apr",2014,"shade","high",15.08507985,0.224650131,261.7983536,2.109714984,1.011654577,19.89081955,"14.12101659",15.93132241,0.685918061,0.289354235,0.284648945,"f","elevated","shade-high","control",209.664747019125
"ch10","Oct",2013,"shade","high",12.71454049,0.11762499,181.8829735,2.733468282,2.377975995,30.02750206,"15.85579343",10.64911678,0.489430358,0.250014968,0.24671814,"jj","elevated","shade-high","control",131.027856337575
"ch10","Oct",2013,"shade","high",12.88819864,0.116997031,178.4511422,2.699041122,2.361042815,29.89667511,"15.81390485",12.57239835,0.480446229,0.62285229,0.614550383,"jj","elevated","shade-high","control",157.758918944306
"ch10","Apr",2014,"shade","high",15.28192798,0.248603228,270.7320552,2.193425972,0.957647741,19.82619858,"14.28818763",13.48555069,0.709826635,0.160110715,0.157517727,"f","elevated","shade-high","control",175.286050977234
"ch10","Apr",2014,"shade","high",15.15650593,0.21549466,256.4553076,2.093930023,1.043301963,20.22199249,"14.06548981",15.34451164,0.672083641,0.272853354,0.268410447,"f","elevated","shade-high","control",200.907132333663
"ch10","Apr",2014,"shade","high",15.12823766,0.218472761,258.3277036,2.073464923,1.020273545,19.98760605,"13.94701793",15.7739582,0.676964956,0.295259251,0.2904444,"f","elevated","shade-high","control",207.090570102022
"ch10","Jan",2014,"shade","high",18.43267482,0.310951406,269.5786678,3.666742926,1.298586184,24.72108841,"9:57:00",11.6589477,0.709,0.187382992,0.184,"x","elevated","shade-high","control",171.209682315981
"ch10","Dec",2013,"shade","high",18.7860709,0.312629108,246.6644123,4.302734338,1.487411713,27.61837578,"10.77010946",13.66491094,0.686760516,0.255535658,0.254712282,"y","elevated","shade-high","control",173.147976092886
"ch10","Dec",2013,"shade","high",18.95219006,0.317937064,247.4161681,4.225869617,1.439395181,27.36614037,"10.71922903",14.25720474,0.689180238,0.285166015,0.284232553,"y","elevated","shade-high","control",180.955969257582
"ch10","Feb",2014,"shade","high",19.68075338,0.367624006,275.0617,4.737275125,1.421,30.05030251,"10.86224443",14.90628566,0.728280269,0.282634134,0.279258223,"o","elevated","shade-high","control",205.428378994265
"ch10","Jan",2014,"shade","high",18.54295246,0.316314033,270.6267449,3.607474273,1.258590559,24.41397095,"9:59:00",11.62737003,0.712,0.204309907,0.201,"x","elevated","shade-high","control",179.867795751244
"ch10","Jan",2014,"shade","high",18.60171414,0.325486446,273.2338786,3.505423599,1.192787007,23.87032318,"10:01:00",11.57337284,0.719,0.245160772,0.241,"x","elevated","shade-high","control",197.35830524359
"ch10","Jan",2014,"shade","high",18.57604693,0.329634243,274.6847987,3.472668462,1.168598042,23.66827011,"10:03:00",11.59824328,0.723,0.218600208,0.215,"x","elevated","shade-high","control",189.707537699407
"ch10","Jan",2014,"shade","high",18.54014292,0.343144088,278.5302042,3.56817486,1.158215861,23.68600845,"10:05:00",11.61043603,0.733,0.174059032,0.171,"x","elevated","shade-high","control",172.013795904681
"ch10","Jan",2014,"shade","high",18.44105202,0.339543473,278.0531612,3.636318062,1.191177912,23.92482376,"10:07:00",11.65110805,0.732,0.188521015,0.185,"x","elevated","shade-high","control",180.233551964393
"ch10","Feb",2014,"shade","high",19.42673453,0.32156483,264.1531,4.518545665,1.528,30.18854904,"11.00991984",14.4576569,0.698623103,0.293482532,0.289951294,"o","elevated","shade-high","control",197.959264211504
"ch10","Feb",2014,"shade","high",19.49900199,0.343647697,270.1396,4.581201668,1.46,29.99414825,"10.97843778",14.59398486,0.714730969,0.279444235,0.27608888,"o","elevated","shade-high","control",200.361806981654
"ch10","Dec",2013,"shade","high",19.04247325,0.334110151,251.6245645,4.235704661,1.380278855,27.1156826,"10.65862744",15.18947639,0.701262171,0.329075561,0.327997393,"y","elevated","shade-high","control",193.757996736252
"ch10","Dec",2013,"shade","high",19.102366,0.34140718,253.1698143,4.274718216,1.366343747,27.08787918,"10.61828148",15.56125317,0.705862974,0.351798751,0.35064464,"y","elevated","shade-high","control",198.870684625148
"ch10","Dec",2013,"shade","high",19.34134059,0.35031422,254.1059252,4.334185221,1.35368067,27.06754494,"10.54748872",14.79895691,0.708846705,0.2948135,0.293888194,"y","elevated","shade-high","control",188.50058287341
"ch10","Feb",2014,"shade","high",19.61942913,0.371581446,276.3416,4.633118931,1.378,29.65468025,"11.10558323",14.84398007,0.73195569,0.271643466,0.268405166,"o","elevated","shade-high","control",204.116674368989
"ch10","Feb",2014,"shade","high",19.60176203,0.356998998,272.8124,4.68324718,1.442,30.05228043,"10.912413",16.29692546,0.722335562,0.413734638,0.408788827,"o","elevated","shade-high","control",225.434781039317
"ch10","Mar",2014,"shade","high",17.91332396,0.476245028,297.1910435,5.308590142,1.275207433,28.1408596,"9.904585378",17.09257982,0.797085491,0.288699431,0.285386305,"i","elevated","shade-high","control",235.142691350667
"ch10","Mar",2014,"shade","high",17.98184142,0.49128494,298.7068329,5.325862107,1.245947593,28.0194397,"9.920846132",15.72164011,0.801621248,0.215869809,0.213396598,"i","elevated","shade-high","control",215.407359465991
"ch10","Mar",2014,"shade","high",17.97521378,0.49058164,298.7496699,5.316614481,1.245283859,28.00377083,"9.905420828",16.47369089,0.801520832,0.247806975,0.244979355,"i","elevated","shade-high","control",226.212511573444
"ch10","Mar",2014,"shade","high",17.98470495,0.476736652,296.7444047,5.294398779,1.270751821,28.10859299,"9.892317924",16.98065782,0.796456555,0.283380024,0.280125324,"i","elevated","shade-high","control",233.279433894577
"ch11","Feb",2014,"shade","high",13.58588929,0.140848362,223.5317503,1.90900155,1.400286727,27.6420269,"16.10480492",11.67332161,0.571154882,0.202158407,0.199270437,"r","ambient","shade-high","control",156.327573676269
"ch11","Feb",2014,"shade","high",13.78204166,0.137185904,217.3359433,1.730029791,1.302141817,27.11855316,"15.70242955",11.57141715,0.555680509,0.215741115,0.212655699,"r","ambient","shade-high","control",153.453629258933
"ch11","Oct",2013,"shade","high",20.50859013,0.274344735,218.9683273,3.920579219,1.550588091,25.96352196,"9.971699683",12.38136534,0.615804099,0.297213871,0.292715321,"jj","ambient","shade-high","control",149.965524500127
"ch11","Oct",2013,"shade","high",20.54200462,0.277553018,219.8983315,3.88924243,1.522319674,25.74986076,"9.909538848",11.84402735,0.619062269,0.265788317,0.261781289,"jj","ambient","shade-high","control",142.611245100337
"ch11","Jan",2014,"shade","high",16.54850714,0.173965473,212.4609589,3.822996171,2.283160396,31.40049553,"14:01:40",12.70576473,0.554,0.312455625,0.308,"w","ambient","shade-high","control",159.498215342415
"ch11","Dec",2013,"shade","high",18.91740937,0.341955981,252.3251293,5.509369834,1.747629565,28.95040321,"10.97498315",15.32946787,0.703538496,0.370567558,0.370748305,"z","ambient","shade-high","control",201.27530326531
"ch11","Dec",2013,"shade","high",18.94580591,0.347847468,253.7568143,5.574000127,1.741452971,28.94767952,"10.99738989",13.36977559,0.707402141,0.237959931,0.238063459,"z","ambient","shade-high","control",174.139183590568
"ch11","Dec",2013,"shade","high",19.06355082,0.355666726,254.8285604,5.696362996,1.744337075,29.01088715,"10.99304706",14.46716015,0.710848992,0.291712846,0.291880195,"z","ambient","shade-high","control",189.478161604055
"ch11","Mar",2014,"shade","high",15.37076931,0.162955924,224.0955972,1.657187618,1.076052645,21.06413269,"14.52723937",10.07879346,0.578085404,0.15188649,0.148854067,"j","ambient","shade-high","control",122.896541839645
"ch11","Mar",2014,"shade","high",15.33778295,0.147622437,208.6489624,1.624672601,1.158202742,21.54982376,"14.24402927",10.87490538,0.538073103,0.203302142,0.199237438,"j","ambient","shade-high","control",133.205669972712
"ch11","Feb",2014,"shade","high",13.91718878,0.14578179,225.3660499,1.710407783,1.215440589,26.73826981,"15.55731223",13.35444828,0.576585371,0.313079438,0.308594329,"r","ambient","shade-high","control",180.913469849055
"ch11","Feb",2014,"shade","high",13.97629007,0.156887412,235.027277,1.837024085,1.217249249,26.84334755,"15.38632641",11.93549081,0.601953029,0.187068861,0.184390853,"r","ambient","shade-high","control",160.315269906527
"ch11","Feb",2014,"shade","high",13.99493344,0.152795239,230.9184735,1.841650264,1.250829803,27.04206276,"15.20401308",12.73736259,0.591362011,0.238651877,0.235261113,"r","ambient","shade-high","control",172.27685032936
"ch11","Oct",2013,"shade","high",20.20651929,0.258457623,214.4969696,3.726721744,1.557178506,25.82905197,"10.16679615",11.76582019,0.601786986,0.27659985,0.272384327,"jj","ambient","shade-high","control",141.443714907346
"ch11","Oct",2013,"shade","high",20.37573839,0.259962283,213.7869342,3.757303665,1.561707346,25.87073517,"10.08306876",12.33313684,0.600306492,0.313889775,0.30907238,"jj","ambient","shade-high","control",148.873260634176
"ch11","Oct",2013,"shade","high",20.47781521,0.266781575,216.048978,3.86328736,1.567717975,26.00024033,"10.04993698",11.99400181,0.607049265,0.286630928,0.282245413,"jj","ambient","shade-high","control",144.605832094964
"ch11","Apr",2014,"shade","high",12.78484309,0.1368335,230.0766213,1.34271327,1.020787715,20.64432526,"16.84694866",12.36989506,0.588713016,0.177445606,0.175382329,"b","ambient","shade-high","control",158.027257113433
"ch11","Apr",2014,"shade","high",12.73661799,0.123904991,215.1199285,1.333666353,1.114378439,21.24130058,"16.43969666",11.78083849,0.549969242,0.19081709,0.188592062,"b","ambient","shade-high","control",148.37214406413
"ch11","Apr",2014,"shade","high",12.96246767,0.131433527,221.3130125,1.36710756,1.079666634,21.10404968,"15.84512165",14.40376857,0.566513203,0.380161181,0.375728246,"b","ambient","shade-high","control",187.21571819998
"ch11","Jan",2014,"shade","high",16.53052233,0.1730238,212.711138,3.610543708,2.169529613,30.84052086,"14:03:40",12.73134441,0.554,0.394723412,0.389,"w","ambient","shade-high","control",170.832389926146
"ch11","Jan",2014,"shade","high",16.38296111,0.171559814,213.0887901,3.558262907,2.15436906,30.89548683,"14:05:40",12.86333623,0.555,0.223849894,0.221,"w","ambient","shade-high","control",139.901526897633
"ch11","Jan",2014,"shade","high",16.29847636,0.169980332,212.7114276,3.53197631,2.157313259,30.89204216,"14:07:40",12.86482289,0.553,0.266308264,0.263,"w","ambient","shade-high","control",151.509885765759
"ch11","Dec",2013,"shade","high",18.79779035,0.332084446,250.3499468,5.475971265,1.782669762,29.15208626,"11.0962227",14.56749674,0.69768918,0.31584294,0.315981099,"z","ambient","shade-high","control",190.833687389547
"ch11","Dec",2013,"shade","high",18.78337821,0.336702982,251.7582406,5.487133054,1.764559528,29.04840469,"11.02389993",14.62633687,0.701577554,0.312720297,0.312871419,"z","ambient","shade-high","control",191.693772798602
"ch11","Apr",2014,"shade","high",13.58292168,0.154413374,236.7716881,1.507161373,1.020806321,20.9683094,"14.88849594",13.7138111,0.608381733,0.230677807,0.228004866,"b","ambient","shade-high","control",177.889033298275
"ch11","Mar",2014,"shade","high",15.56818755,0.151241117,210.0459225,1.582646058,1.102980776,21.17858124,"13.96911381",11.78275637,0.542076108,0.24364317,0.238758433,"j","ambient","shade-high","control",146.148430319119
"ch11","Mar",2014,"shade","high",15.59290104,0.156082581,215.0182709,1.563769204,1.057962246,20.88730812,"13.72273115",11.71787902,0.55497358,0.224358661,0.219861031,"j","ambient","shade-high","control",145.518386337933
"ch11","Mar",2014,"shade","high",15.64059932,0.162905534,221.2909274,1.569970919,1.020140042,20.66206741,"13.63411856",11.60248375,0.571256963,0.203204577,0.199131848,"j","ambient","shade-high","control",144.321207766175
"ch11","Apr",2014,"shade","high",13.43039555,0.14843102,233.1474268,1.481218045,1.041538525,21.07946968,"15.19589682",14.00530946,0.598439912,0.262840368,0.259788656,"b","ambient","shade-high","control",182.050269798607
"ch11","Apr",2014,"shade","high",13.51800233,0.154918,238.0015463,1.509970907,1.019561789,20.96097755,"14.61451419",14.18909791,0.61142586,0.250210274,0.247309344,"b","ambient","shade-high","control",183.974978510062
"ch11","Apr",2014,"shade","high",13.19779897,0.138880761,226.5178884,1.416902481,1.061545328,21.09359169,"15.51800697",15.68813236,0.580552977,0.653099062,0.645493661,"b","ambient","shade-high","control",206.3099295498
"ch12","Dec",2013,"shade","high",14.92028135,0.29393442,269.3860491,4.846551139,1.750105769,32.18053436,"13.86034568",14.40711666,0.734146102,0.206192011,0.205914619,"z","elevated","shade-high","control",197.024946079379
"ch12","Oct",2013,"shade","high",15.98478776,0.157478314,187.6217451,2.735995462,1.805256489,25.69413757,"12.71588239",11.41311538,0.512911608,0.30830637,0.305680663,"ii","elevated","shade-high","control",135.774656244846
"ch12","Oct",2013,"shade","high",16.25535444,0.159858251,187.1241868,2.686400586,1.748419703,25.27228928,"12.65638063",11.93070546,0.512037495,0.362804891,0.359727453,"ii","elevated","shade-high","control",142.319513976557
"ch12","Oct",2013,"shade","high",16.27100953,0.161900241,189.222921,2.606440318,1.677153041,24.81041336,"12.52643472",10.66436183,0.517903021,0.252981279,0.250814418,"ii","elevated","shade-high","control",124.905871160118
"ch12","Jan",2014,"shade","high",18.70090114,0.343258195,275.6422546,4.548721316,1.460945126,28.93601608,"11:45:40",11.57184925,0.726,0.266449768,0.262,"v","elevated","shade-high","control",205.456788572497
"ch12","Jan",2014,"shade","high",18.66955076,0.348172909,277.1451296,4.556355689,1.445027703,28.87000656,"11:47:40",11.48712505,0.73,0.278484551,0.274,"v","elevated","shade-high","control",210.105321851383
"ch12","Jan",2014,"shade","high",18.71204869,0.355224344,278.5469846,4.630602476,1.442282564,28.93910217,"11:49:40",11.45522883,0.734,0.257768756,0.254,"v","elevated","shade-high","control",205.954599935662
"ch12","Dec",2013,"shade","high",14.85066961,0.290281648,268.8576833,4.774148735,1.744303399,32.04874039,"13.89505845",14.63350238,0.732632565,0.215895742,0.215594996,"z","elevated","shade-high","control",200.071381761918
"ch12","Feb",2014,"shade","high",19.02607933,0.352733033,277.8963,3.764084063,1.188,23.67769241,"11.68995618",15.42409645,0.73210243,0.257516678,0.253975626,"p","elevated","shade-high","control",204.013398598173
"ch12","Feb",2014,"shade","high",18.41430809,0.326361641,274.7421,3.851388233,1.302,24.42698479,"11.68472428",14.89694472,0.721678752,0.237860092,0.234579131,"p","elevated","shade-high","control",197.325548382758
"ch12","Feb",2014,"shade","high",18.35964924,0.339011164,278.934,3.781238082,1.236,24.03284454,"11.57368924",16.77467798,0.732243401,0.336390128,0.331748079,"p","elevated","shade-high","control",224.355557555339
"ch12","Feb",2014,"shade","high",18.46113419,0.355922807,282.5934,3.782086847,1.184,23.77667618,"11.57123882",17.12757282,0.742236425,0.34765785,0.342862452,"p","elevated","shade-high","control",229.49195503047
"ch12","Feb",2014,"shade","high",18.30572964,0.360896087,284.5155,3.860989842,1.194,23.95299339,"11.59025471",16.59057029,0.747119033,0.294247611,0.290182113,"p","elevated","shade-high","control",222.303509296701
"ch12","Oct",2013,"shade","high",16.17016054,0.164290987,192.4851137,2.647444427,1.679871764,24.86398506,"12.47376225",10.32699155,0.526907867,0.225185612,0.22326524,"ii","elevated","shade-high","control",120.67697109096
"ch12","Oct",2013,"shade","high",16.51691138,0.167976556,192.1099938,2.705369409,1.681010016,24.85583115,"12.45912612",11.41226084,0.526408942,0.290553397,0.288083569,"ii","elevated","shade-high","control",135.263604975986
"ch12","Jan",2014,"shade","high",18.46850893,0.329968342,273.3230376,4.617269342,1.535593869,29.28830528,"11:41:40",11.74294012,0.72,0.224408955,0.221,"v","elevated","shade-high","control",191.024588636589
"ch12","Jan",2014,"shade","high",18.63915821,0.336439276,274.1167128,4.56205971,1.49152549,29.06730461,"11:43:40",11.60243683,0.722,0.255285943,0.251,"v","elevated","shade-high","control",201.103847340346
"ch12","Apr",2014,"shade","high",13.34143404,0.178393377,258.8937575,2.234112535,1.321103917,23.53792572,"16.33002273",16.60041274,0.660681607,0.422783387,0.416504707,"e","elevated","shade-high","control",227.337564777602
"ch12","Apr",2014,"shade","high",12.95269669,0.154429831,244.1530543,2.234141022,1.5126466,24.58533669,"16.26348042",16.66789163,0.622348185,0.815278982,0.803139729,"e","elevated","shade-high","control",228.26561334301
"ch12","Apr",2014,"shade","high",13.34261189,0.156720018,241.5194852,2.157323883,1.441067961,24.12177849,"16.05486879",16.76915009,0.61694802,1.014158608,0.99908468,"e","elevated","shade-high","control",228.363148720923
"ch12","Apr",2014,"shade","high",13.46585236,0.166638535,248.4269964,2.19549733,1.384117019,23.83693504,"15.97253115",15.80778375,0.63487859,0.395389835,0.38952412,"e","elevated","shade-high","control",214.369842755673
"ch12","Apr",2014,"shade","high",13.4026484,0.16930663,251.0867923,2.238010122,1.389760927,23.90573883,"15.92596088",16.11101727,0.641588333,0.421511237,0.415264621,"e","elevated","shade-high","control",219.290134883723
"ch12","Apr",2014,"shade","high",13.48965735,0.171815366,251.9520486,2.272790161,1.391730193,23.95677567,"15.86622156",15.72083705,0.643985734,0.351096025,0.34590887,"e","elevated","shade-high","control",213.530487575491
"ch12","Apr",2014,"shade","high",13.5027045,0.172535916,252.290732,2.283201432,1.392549095,23.97804451,"15.81566599",16.72150657,0.644935818,0.58738157,0.578704621,"e","elevated","shade-high","control",229.302771209879
"ch12","Dec",2013,"shade","high",14.8332872,0.278801539,265.7826032,4.551294205,1.725993934,31.82516479,"14.28338681",14.82025166,0.724157995,0.232972343,0.232638007,"z","elevated","shade-high","control",202.112868805819
"ch12","Dec",2013,"shade","high",14.81886944,0.28395706,267.4720374,4.599423219,1.715495007,31.79245186,"14.04898551",14.84396629,0.728715627,0.228513285,0.228182272,"z","elevated","shade-high","control",202.622987420258
"ch12","Dec",2013,"shade","high",14.82273599,0.287789622,268.4335698,4.700574509,1.731461571,31.92041588,"13.95068982",14.26173978,0.731393961,0.200574945,0.200291176,"z","elevated","shade-high","control",194.532335575556
"ch12","Mar",2014,"shade","high",17.09053443,0.327146368,283.772417,3.820627155,1.285930383,26.77817345,"12.6847826",15.16170594,0.742002928,0.223037232,0.219469249,"h","elevated","shade-high","control",207.146042664436
"ch12","Mar",2014,"shade","high",16.93826364,0.305556675,278.7537618,3.821522849,1.367098631,27.20554352,"12.60574747",15.21840465,0.728104252,0.239604899,0.235762693,"h","elevated","shade-high","control",208.061285516366
"ch12","Mar",2014,"shade","high",17.0119752,0.314327503,280.8725566,3.794604423,1.323541417,26.99851799,"12.54094805",14.99000632,0.733943228,0.223298253,0.219721311,"h","elevated","shade-high","control",204.687566473812
"ch12","Mar",2014,"shade","high",17.08985813,0.321514781,282.3354874,3.79317395,1.296529394,26.87861061,"12.48906426",15.44957857,0.738113678,0.240680763,0.236831955,"h","elevated","shade-high","control",211.329155539568
"ch12","Mar",2014,"shade","high",17.06453023,0.327400621,283.9310309,3.847549472,1.29374609,26.91736794,"12.4930093",14.9995117,0.742419565,0.216163003,0.21270732,"h","elevated","shade-high","control",204.988149864988
