"Date","chamber","PPFD_day"
2013-10-01,"C01",24.21791844
2013-10-01,"C02",22.91720802
2013-10-01,"C03",21.79000698
2013-10-01,"C04",17.32676898
2013-10-01,"C05",26.20079292
2013-10-01,"C06",25.76282958
2013-10-01,"C07",25.26289182
2013-10-01,"C08",19.7292550457143
2013-10-01,"C09",23.7441859328571
2013-10-01,"C10",26.6449863
2013-10-01,"C11",25.41869292
2013-10-01,"C12",22.51064634
2013-10-02,"C01",37.73293626
2013-10-02,"C02",37.16867424
2013-10-02,"C03",35.7936819
2013-10-02,"C04",26.60416566
2013-10-02,"C05",41.60718498
2013-10-02,"C06",40.61330742
2013-10-02,"C07",40.07089608
2013-10-02,"C08",31.2390471
2013-10-02,"C09",37.1965338692308
2013-10-02,"C10",41.98605204
2013-10-02,"C11",39.74002254
2013-10-02,"C12",34.7173455
2013-10-03,"C01",20.313639
2013-10-03,"C02",19.2305094
2013-10-03,"C03",18.67715022
2013-10-03,"C04",10.7738754
2013-10-03,"C05",22.04594472
2013-10-03,"C06",21.38194692
2013-10-03,"C07",20.52051786
2013-10-03,"C08",18.44800494
2013-10-03,"C09",17.3405007171429
2013-10-03,"C10",22.3753938
2013-10-03,"C11",21.56863134
2013-10-03,"C12",16.9384431
2013-10-04,"C01",38.58161832
2013-10-04,"C02",37.46283372
2013-10-04,"C03",36.9364713
2013-10-04,"C04",22.26572334
2013-10-04,"C05",43.03862262
2013-10-04,"C06",41.85405792
2013-10-04,"C07",40.22804718
2013-10-04,"C08",33.40217502
2013-10-04,"C09",34.2208398042857
2013-10-04,"C10",42.43788276
2013-10-04,"C11",41.29510692
2013-10-04,"C12",34.43353722
2013-10-05,"C01",34.93308486
2013-10-05,"C02",33.83783544
2013-10-05,"C03",32.83011822
2013-10-05,"C04",15.1536789
2013-10-05,"C05",38.84816268
2013-10-05,"C06",37.97681694
2013-10-05,"C07",32.25054288
2013-10-05,"C08",33.26814294
2013-10-05,"C09",31.5872136692308
2013-10-05,"C10",37.94660292
2013-10-05,"C11",37.61868984
2013-10-05,"C12",31.52857578
2013-10-06,"C01",38.9792118
2013-10-06,"C02",36.85531284
2013-10-06,"C03",36.9596206885714
2013-10-06,"C04",11.67753708
2013-10-06,"C05",42.76997862
2013-10-06,"C06",41.52984006
2013-10-06,"C07",29.38128108
2013-10-06,"C08",33.38552178
2013-10-06,"C09",38.1677772857143
2013-10-06,"C10",41.13143538
2013-10-06,"C11",40.798125
2013-10-06,"C12",34.2122685
2013-10-07,"C01",33.44849292
2013-10-07,"C02",30.7184751171429
2013-10-07,"C03",31.40641092
2013-10-07,"C04",12.99873168
2013-10-07,"C05",35.90827356
2013-10-07,"C06",35.64251112
2013-10-07,"C07",17.08617192
2013-10-07,"C08",30.11794908
2013-10-07,"C09",33.52425228
2013-10-07,"C10",34.9284207
2013-10-07,"C11",33.6510549
2013-10-07,"C12",27.63851592
2013-10-08,"C01",33.85442298
2013-10-08,"C02",31.89381306
2013-10-08,"C03",31.38795624
2013-10-08,"C04",10.4040477
2013-10-08,"C05",36.64110216
2013-10-08,"C06",36.09596076
2013-10-08,"C07",14.53123368
2013-10-08,"C08",30.45785112
2013-10-08,"C09",30.60150774
2013-10-08,"C10",35.70778572
2013-10-08,"C11",34.32359358
2013-10-08,"C12",27.50378406
2013-10-09,"C01",40.85065182
2013-10-09,"C02",37.78982166
2013-10-09,"C03",38.16141144
2013-10-09,"C04",11.3506323
2013-10-09,"C05",45.15384324
2013-10-09,"C06",43.89771342
2013-10-09,"C07",21.07821876
2013-10-09,"C08",34.65205278
2013-10-09,"C09",38.97600648
2013-10-09,"C10",45.24787434
2013-10-09,"C11",42.94070772
2013-10-09,"C12",34.7283339
2013-10-10,"C01",38.6772131657143
2013-10-10,"C02",36.26977278
2013-10-10,"C03",36.4502656028571
2013-10-10,"C04",9.63492024
2013-10-10,"C05",42.91848306
2013-10-10,"C06",41.89911114
2013-10-10,"C07",13.04510658
2013-10-10,"C08",29.91465732
2013-10-10,"C09",39.9521582014286
2013-10-10,"C10",41.16592506
2013-10-10,"C11",40.86979968
2013-10-10,"C12",33.08191704
2013-10-11,"C01",37.74219348
2013-10-11,"C02",34.90674702
2013-10-11,"C03",35.4564565542857
2013-10-11,"C04",12.43859118
2013-10-11,"C05",42.09349152
2013-10-11,"C06",40.6873509
2013-10-11,"C07",11.10559698
2013-10-11,"C08",28.44075816
2013-10-11,"C09",37.4711730257143
2013-10-11,"C10",41.58638076
2013-10-11,"C11",39.70150362
2013-10-11,"C12",33.94929078
2013-10-12,"C01",40.21770588
2013-10-12,"C02",38.15757066
2013-10-12,"C03",37.49483748
2013-10-12,"C04",14.07565218
2013-10-12,"C05",45.34889928
2013-10-12,"C06",43.32381372
2013-10-12,"C07",9.36885564
2013-10-12,"C08",29.03689956
2013-10-12,"C09",36.8537427514286
2013-10-12,"C10",42.4323615342857
2013-10-12,"C11",40.0055394
2013-10-12,"C12",36.03889362
2013-10-13,"C01",38.05629138
2013-10-13,"C02",36.6149987914286
2013-10-13,"C03",35.25987294
2013-10-13,"C04",14.6787892542857
2013-10-13,"C05",43.01231646
2013-10-13,"C06",41.51833308
2013-10-13,"C07",7.9066905
2013-10-13,"C08",27.90449508
2013-10-13,"C09",37.26290388
2013-10-13,"C10",39.8003310342857
2013-10-13,"C11",37.74916554
2013-10-13,"C12",34.4980938
2013-10-14,"C01",38.60461584
2013-10-14,"C02",36.83403288
2013-10-14,"C03",36.31705008
2013-10-14,"C04",14.74646226
2013-10-14,"C05",42.8941239
2013-10-14,"C06",41.64304632
2013-10-14,"C07",6.63740862
2013-10-14,"C08",27.1917657
2013-10-14,"C09",33.1432623171429
2013-10-14,"C10",40.0077486421978
2013-10-14,"C11",35.93436396
2013-10-14,"C12",33.5218446
2013-10-15,"C01",40.31608626
2013-10-15,"C02",38.5588440085714
2013-10-15,"C03",37.5492432
2013-10-15,"C04",14.22038082
2013-10-15,"C05",45.4317762
2013-10-15,"C06",43.73794488
2013-10-15,"C07",30.11452668
2013-10-15,"C08",31.67333292
2013-10-15,"C09",34.6615965
2013-10-15,"C10",44.6802758828571
2013-10-15,"C11",39.16532484
2013-10-15,"C12",37.22515836
2013-10-16,"C01",40.4087483485714
2013-10-16,"C02",38.65740876
2013-10-16,"C03",37.9939062
2013-10-16,"C04",19.26403392
2013-10-16,"C05",44.86390056
2013-10-16,"C06",41.73895302
2013-10-16,"C07",42.9602994
2013-10-16,"C08",45.46045476
2013-10-16,"C09",39.70158858
2013-10-16,"C10",47.54859696
2013-10-16,"C11",43.54359498
2013-10-16,"C12",44.09053722
2013-10-17,"C01",30.35383458
2013-10-17,"C02",29.35356414
2013-10-17,"C03",28.18155096
2013-10-17,"C04",33.14451096
2013-10-17,"C05",32.11468986
2013-10-17,"C06",31.61406558
2013-10-17,"C07",29.95018182
2013-10-17,"C08",32.06289906
2013-10-17,"C09",28.41281058
2013-10-17,"C10",33.41911056
2013-10-17,"C11",30.71374782
2013-10-17,"C12",31.0682547
2013-10-18,"C01",34.5227001
2013-10-18,"C02",33.50832618
2013-10-18,"C03",32.41522914
2013-10-18,"C04",38.48601984
2013-10-18,"C05",36.92530566
2013-10-18,"C06",36.53481936
2013-10-18,"C07",34.65184962
2013-10-18,"C08",37.08203382
2013-10-18,"C09",30.4769775728571
2013-10-18,"C10",38.28529878
2013-10-18,"C11",34.99429464
2013-10-18,"C12",35.92578846
2013-10-19,"C01",40.49005758
2013-10-19,"C02",38.5350843
2013-10-19,"C03",38.0006862
2013-10-19,"C04",45.02862774
2013-10-19,"C05",43.30581426
2013-10-19,"C06",42.79820454
2013-10-19,"C07",41.80622262
2013-10-19,"C08",44.42695542
2013-10-19,"C09",38.8150536771429
2013-10-19,"C10",45.9410394
2013-10-19,"C11",41.62196862
2013-10-19,"C12",42.74021172
2013-10-20,"C01",28.63597902
2013-10-20,"C02",28.0713186
2013-10-20,"C03",26.34217206
2013-10-20,"C04",31.46169498
2013-10-20,"C05",30.1883184
2013-10-20,"C06",29.89929252
2013-10-20,"C07",28.52028654
2013-10-20,"C08",30.23750562
2013-10-20,"C09",24.4369947642857
2013-10-20,"C10",31.4163627
2013-10-20,"C11",28.8119325
2013-10-20,"C12",29.40727842
2013-10-21,"C01",22.80775758
2013-10-21,"C02",21.91436778
2013-10-21,"C03",21.03612858
2013-10-21,"C04",25.32009132
2013-10-21,"C05",24.21931374
2013-10-21,"C06",24.06542448
2013-10-21,"C07",23.61527526
2013-10-21,"C08",24.80396208
2013-10-21,"C09",22.8831647571429
2013-10-21,"C10",24.94287816
2013-10-21,"C11",23.62536156
2013-10-21,"C12",24.57674832
2013-10-22,"C01",11.16523572
2013-10-22,"C02",10.89246414
2013-10-22,"C03",10.22786634
2013-10-22,"C04",12.82841712
2013-10-22,"C05",12.2301882
2013-10-22,"C06",12.1119828
2013-10-22,"C07",11.4859644
2013-10-22,"C08",12.3219141
2013-10-22,"C09",10.4300681446154
2013-10-22,"C10",12.80480388
2013-10-22,"C11",11.59704078
2013-10-22,"C12",12.02600622
2013-10-23,"C01",35.17969758
2013-10-23,"C02",33.82651416
2013-10-23,"C03",33.0115002
2013-10-23,"C04",38.89304424
2013-10-23,"C05",38.17393512
2013-10-23,"C06",37.56176208
2013-10-23,"C07",36.01399752
2013-10-23,"C08",38.30206434
2013-10-23,"C09",35.9503514314286
2013-10-23,"C10",39.59829462
2013-10-23,"C11",36.5624103
2013-10-23,"C12",37.33593024
2013-10-24,"C01",40.08754866
2013-10-24,"C02",39.11103516
2013-10-24,"C03",37.86614916
2013-10-24,"C04",45.03669132
2013-10-24,"C05",43.82125536
2013-10-24,"C06",43.1370168
2013-10-24,"C07",41.91919254
2013-10-24,"C08",44.16866808
2013-10-24,"C09",34.71015012
2013-10-24,"C10",46.78319364
2013-10-24,"C11",42.1561404
2013-10-24,"C12",43.07109042
2013-10-25,"C01",27.27198246
2013-10-25,"C02",NA
2013-10-25,"C03",24.9429813
2013-10-25,"C04",30.58027812
2013-10-25,"C05",NA
2013-10-25,"C06",29.15479164
2013-10-25,"C07",28.02901692
2013-10-25,"C08",29.7971922
2013-10-25,"C09",19.4148460414286
2013-10-25,"C10",30.57971232
2013-10-25,"C11",27.97072254
2013-10-25,"C12",29.09302578
2013-10-26,"C01",42.50408388
2013-10-26,"C02",41.14122192
2013-10-26,"C03",40.01098098
2013-10-26,"C04",47.57997708
2013-10-26,"C05",45.78045798
2013-10-26,"C06",45.13910046
2013-10-26,"C07",44.1027399
2013-10-26,"C08",47.02911396
2013-10-26,"C09",41.4122181171429
2013-10-26,"C10",49.36179702
2013-10-26,"C11",43.903311
2013-10-26,"C12",45.17061006
2013-10-27,"C01",32.07783252
2013-10-27,"C02",31.1071467
2013-10-27,"C03",29.86384362
2013-10-27,"C04",35.7194493
2013-10-27,"C05",34.5105411
2013-10-27,"C06",34.30168092
2013-10-27,"C07",32.82861072
2013-10-27,"C08",35.21932452
2013-10-27,"C09",32.22122184
2013-10-27,"C10",36.09120276
2013-10-27,"C11",33.12718836
2013-10-27,"C12",34.13546658
2013-10-28,"C01",24.76378206
2013-10-28,"C02",23.95310796
2013-10-28,"C03",22.12305906
2013-10-28,"C04",27.53503374
2013-10-28,"C05",26.97642444
2013-10-28,"C06",26.56697436
2013-10-28,"C07",25.5084738
2013-10-28,"C08",27.24995286
2013-10-28,"C09",23.3744142006594
2013-10-28,"C10",28.20535704
2013-10-28,"C11",25.35153972
2013-10-28,"C12",26.21409804
2013-10-29,"C01",14.54929848
2013-10-29,"C02",14.31707436
2013-10-29,"C03",13.26134814
2013-10-29,"C04",16.26769578
2013-10-29,"C05",15.5767305
2013-10-29,"C06",15.57627378
2013-10-29,"C07",14.76767184
2013-10-29,"C08",15.89116794
2013-10-29,"C09",12.6841628485714
2013-10-29,"C10",16.26560094
2013-10-29,"C11",14.71328628
2013-10-29,"C12",15.37201938
2013-10-30,"C01",39.82478472
2013-10-30,"C02",39.21232428
2013-10-30,"C03",36.38782752
2013-10-30,"C04",45.23087346
2013-10-30,"C05",44.13508518
2013-10-30,"C06",42.81072804
2013-10-30,"C07",42.48008286
2013-10-30,"C08",44.38892352
2013-10-30,"C09",32.9494572385714
2013-10-30,"C10",47.37410298
2013-10-30,"C11",41.74340706
2013-10-30,"C12",43.08750198
2013-10-31,"C01",43.3727577
2013-10-31,"C02",42.11571522
2013-10-31,"C03",39.85009974
2013-10-31,"C04",47.93122356
2013-10-31,"C05",46.72069962
2013-10-31,"C06",46.33043454
2013-10-31,"C07",44.24190936
2013-10-31,"C08",47.90383524
2013-10-31,"C09",39.6762716057143
2013-10-31,"C10",49.5034134
2013-10-31,"C11",44.25781134
2013-10-31,"C12",45.38172816
2013-11-01,"C01",32.75638344
2013-11-01,"C02",31.61124174
2013-11-01,"C03",29.59976688
2013-11-01,"C04",36.9281217
2013-11-01,"C05",35.80448232
2013-11-01,"C06",35.38388628
2013-11-01,"C07",34.30225896
2013-11-01,"C08",36.62874774
2013-11-01,"C09",31.4976854742857
2013-11-01,"C10",38.1145098
2013-11-01,"C11",34.21240932
2013-11-01,"C12",35.10441246
2013-11-02,"C01",37.55892558
2013-11-02,"C02",35.90724702
2013-11-02,"C03",34.13143188
2013-11-02,"C04",40.6106871
2013-11-02,"C05",39.3642312
2013-11-02,"C06",39.1153284
2013-11-02,"C07",36.80658492
2013-11-02,"C08",40.89830436
2013-11-02,"C09",33.8109781028571
2013-11-02,"C10",41.69264928
2013-11-02,"C11",37.94285472
2013-11-02,"C12",38.78044506
2013-11-03,"C01",28.64789724
2013-11-03,"C02",27.84917448
2013-11-03,"C03",25.3875449485714
2013-11-03,"C04",34.14405012
2013-11-03,"C05",33.38911608
2013-11-03,"C06",31.61713698
2013-11-03,"C07",31.65994194
2013-11-03,"C08",33.28326048
2013-11-03,"C09",29.3767282928571
2013-11-03,"C10",34.658889
2013-11-03,"C11",32.17508568
2013-11-03,"C12",33.03321522
2013-11-04,"C01",45.6067374
2013-11-04,"C02",43.84130832
2013-11-04,"C03",41.21482182
2013-11-04,"C04",50.33116614
2013-11-04,"C05",49.4093463
2013-11-04,"C06",48.67376322
2013-11-04,"C07",46.74769326
2013-11-04,"C08",50.09835288
2013-11-04,"C09",29.3397500571429
2013-11-04,"C10",52.33708224
2013-11-04,"C11",47.00334006
2013-11-04,"C12",47.55771006
2013-11-05,"C01",22.06199196
2013-11-05,"C02",20.88163098
2013-11-05,"C03",18.69954192
2013-11-05,"C04",26.34887856
2013-11-05,"C05",25.13233944
2013-11-05,"C06",24.2330601
2013-11-05,"C07",24.38416146
2013-11-05,"C08",25.95965442
2013-11-05,"C09",11.2524251614286
2013-11-05,"C10",27.04904952
2013-11-05,"C11",24.52078068
2013-11-05,"C12",25.6433529
2013-11-06,"C01",42.48382332
2013-11-06,"C02",41.288226
2013-11-06,"C03",38.85933966
2013-11-06,"C04",47.65186086
2013-11-06,"C05",45.6772512
2013-11-06,"C06",45.69797508
2013-11-06,"C07",43.73204688
2013-11-06,"C08",46.86936918
2013-11-06,"C09",33.4514852261538
2013-11-06,"C10",48.82915752
2013-11-06,"C11",44.09149314
2013-11-06,"C12",44.90284986
2013-11-07,"C01",41.9374164
2013-11-07,"C02",40.35136122
2013-11-07,"C03",38.24229612
2013-11-07,"C04",46.26695778
2013-11-07,"C05",44.58562152
2013-11-07,"C06",44.56623762
2013-11-07,"C07",42.36819924
2013-11-07,"C08",45.71095026
2013-11-07,"C09",36.9945569367033
2013-11-07,"C10",46.8682632
2013-11-07,"C11",42.95793414
2013-11-07,"C12",43.8513561
2013-11-08,"C01",36.11461962
2013-11-08,"C02",34.44702816
2013-11-08,"C03",32.8795641
2013-11-08,"C04",40.04010246
2013-11-08,"C05",38.2907787
2013-11-08,"C06",38.0764176
2013-11-08,"C07",36.51646158
2013-11-08,"C08",39.238722
2013-11-08,"C09",33.3899351314286
2013-11-08,"C10",40.46896824
2013-11-08,"C11",37.03683096
2013-11-08,"C12",38.09447424
2013-11-09,"C01",39.25301946
2013-11-09,"C02",37.88969544
2013-11-09,"C03",36.00503862
2013-11-09,"C04",44.3441838
2013-11-09,"C05",43.78479522
2013-11-09,"C06",43.07956176
2013-11-09,"C07",41.25867246
2013-11-09,"C08",43.70842644
2013-11-09,"C09",40.5721601657143
2013-11-09,"C10",45.9599301
2013-11-09,"C11",42.1114698
2013-11-09,"C12",42.20415792
2013-11-10,"C01",6.69262812
2013-11-10,"C02",6.2733258
2013-11-10,"C03",5.9376042
2013-11-10,"C04",7.7833746
2013-11-10,"C05",7.42382334
2013-11-10,"C06",7.24160946
2013-11-10,"C07",6.86583432
2013-11-10,"C08",7.43610846
2013-11-10,"C09",6.98968248
2013-11-10,"C10",7.75829754
2013-11-10,"C11",6.94081692
2013-11-10,"C12",7.22510772
2013-11-11,"C01",12.16980354
2013-11-11,"C02",11.25957624
2013-11-11,"C03",10.8723168
2013-11-11,"C04",14.05872342
2013-11-11,"C05",13.48632822
2013-11-11,"C06",13.10928036
2013-11-11,"C07",12.502761
2013-11-11,"C08",13.421544
2013-11-11,"C09",11.9617581
2013-11-11,"C10",14.18651268
2013-11-11,"C11",12.52855674
2013-11-11,"C12",13.03644684
2013-11-12,"C01",21.9723831
2013-11-12,"C02",20.56380744
2013-11-12,"C03",19.4462265
2013-11-12,"C04",26.15549844
2013-11-12,"C05",25.02375504
2013-11-12,"C06",24.5024196
2013-11-12,"C07",24.48036102
2013-11-12,"C08",25.97051886
2013-11-12,"C09",11.52525576
2013-11-12,"C10",27.90532188
2013-11-12,"C11",25.02636216
2013-11-12,"C12",25.17050868
2013-11-13,"C01",43.43664894
2013-11-13,"C02",41.81922396
2013-11-13,"C03",40.68246318
2013-11-13,"C04",49.19355192
2013-11-13,"C05",47.80904508
2013-11-13,"C06",46.9399989
2013-11-13,"C07",45.6082190485714
2013-11-13,"C08",48.9282705
2013-11-13,"C09",40.84000908
2013-11-13,"C10",51.3153573
2013-11-13,"C11",46.15882386
2013-11-13,"C12",46.64524176
2013-11-14,"C01",47.07332466
2013-11-14,"C02",45.94299804
2013-11-14,"C03",43.16965974
2013-11-14,"C04",53.70918432
2013-11-14,"C05",52.59790122
2013-11-14,"C06",51.28020654
2013-11-14,"C07",49.61569026
2013-11-14,"C08",53.25161868
2013-11-14,"C09",47.5835671542857
2013-11-14,"C10",55.70268366
2013-11-14,"C11",50.02101156
2013-11-14,"C12",50.64286752
2013-11-15,"C01",27.70994706
2013-11-15,"C02",26.5442445
2013-11-15,"C03",25.6606068
2013-11-15,"C04",30.9509457
2013-11-15,"C05",30.5598966
2013-11-15,"C06",30.24609702
2013-11-15,"C07",28.67599296
2013-11-15,"C08",30.45135126
2013-11-15,"C09",22.70541357
2013-11-15,"C10",32.36267052
2013-11-15,"C11",28.8778707
2013-11-15,"C12",29.357304
2013-11-16,"C01",15.62245782
2013-11-16,"C02",14.74143852
2013-11-16,"C03",14.11066926
2013-11-16,"C04",17.88566586
2013-11-16,"C05",16.89920118
2013-11-16,"C06",17.15872284
2013-11-16,"C07",15.78254724
2013-11-16,"C08",17.04417258
2013-11-16,"C09",14.8466794714286
2013-11-16,"C10",17.95106652
2013-11-16,"C11",16.11969876
2013-11-16,"C12",16.39182138
2013-11-17,"C01",8.60339286
2013-11-17,"C02",8.00242092
2013-11-17,"C03",7.60459362
2013-11-17,"C04",9.97949226
2013-11-17,"C05",9.55929942
2013-11-17,"C06",9.44361354
2013-11-17,"C07",8.86677108
2013-11-17,"C08",9.45946116
2013-11-17,"C09",8.5750632
2013-11-17,"C10",10.0824366
2013-11-17,"C11",8.96989356
2013-11-17,"C12",9.24211512
2013-11-18,"C01",7.79650818
2013-11-18,"C02",7.21907022
2013-11-18,"C03",6.8747814
2013-11-18,"C04",9.10694928
2013-11-18,"C05",8.68153644
2013-11-18,"C06",8.58358698
2013-11-18,"C07",8.05391232
2013-11-18,"C08",8.5429965
2013-11-18,"C09",8.05949106
2013-11-18,"C10",9.19482354
2013-11-18,"C11",8.13529656
2013-11-18,"C12",8.36860608
2013-11-19,"C01",36.22580742
2013-11-19,"C02",35.01154026
2013-11-19,"C03",32.0918535
2013-11-19,"C04",41.61387432
2013-11-19,"C05",40.7826477
2013-11-19,"C06",40.06948998
2013-11-19,"C07",39.3463413
2013-11-19,"C08",41.91992574
2013-11-19,"C09",36.6331612028571
2013-11-19,"C10",44.4285045
2013-11-19,"C11",39.50894136
2013-11-19,"C12",40.53214734
2013-11-20,"C01",46.57305636
2013-11-20,"C02",45.47572992
2013-11-20,"C03",43.02606612
2013-11-20,"C04",52.7108022
2013-11-20,"C05",51.68781648
2013-11-20,"C06",51.40745526
2013-11-20,"C07",49.10482524
2013-11-20,"C08",52.67277774
2013-11-20,"C09",46.50376548
2013-11-20,"C10",54.93198612
2013-11-20,"C11",49.71623112
2013-11-20,"C12",50.61556038
2013-11-21,"C01",33.32508852
2013-11-21,"C02",32.08463724
2013-11-21,"C03",30.70088466
2013-11-21,"C04",37.36410732
2013-11-21,"C05",37.10696556
2013-11-21,"C06",36.16728054
2013-11-21,"C07",35.23904778
2013-11-21,"C08",36.15423906
2013-11-21,"C09",29.7057606814286
2013-11-21,"C10",38.11449924
2013-11-21,"C11",33.88953762
2013-11-21,"C12",34.54956378
2013-11-22,"C01",14.14744902
2013-11-22,"C02",13.46016066
2013-11-22,"C03",13.08162222
2013-11-22,"C04",15.59533938
2013-11-22,"C05",15.35851752
2013-11-22,"C06",15.15620652
2013-11-22,"C07",14.31438264
2013-11-22,"C08",15.1420083
2013-11-22,"C09",10.61169468
2013-11-22,"C10",15.8963196
2013-11-22,"C11",14.27940312
2013-11-22,"C12",14.5571934
2013-11-23,"C01",24.47260464
2013-11-23,"C02",22.78924008
2013-11-23,"C03",21.55845522
2013-11-23,"C04",29.25644556
2013-11-23,"C05",27.30142314
2013-11-23,"C06",26.35799172
2013-11-23,"C07",25.7743779
2013-11-23,"C08",27.24352596
2013-11-23,"C09",19.34252943
2013-11-23,"C10",29.985264
2013-11-23,"C11",25.58358444
2013-11-23,"C12",27.37688766
2013-11-24,"C01",43.5424473
2013-11-24,"C02",42.48023886
2013-11-24,"C03",39.59270712
2013-11-24,"C04",50.39968674
2013-11-24,"C05",48.18351972
2013-11-24,"C06",48.28042356
2013-11-24,"C07",45.78899718
2013-11-24,"C08",47.8450779
2013-11-24,"C09",37.8302209457143
2013-11-24,"C10",51.68176188
2013-11-24,"C11",43.71838122
2013-11-24,"C12",46.28203974
2013-11-25,"C01",35.45760414
2013-11-25,"C02",34.13850144
2013-11-25,"C03",32.49762846
2013-11-25,"C04",39.05938314
2013-11-25,"C05",37.60485732
2013-11-25,"C06",37.5802104
2013-11-25,"C07",33.8431869
2013-11-25,"C08",37.8923478
2013-11-25,"C09",27.74372625
2013-11-25,"C10",40.29465168
2013-11-25,"C11",34.7985966
2013-11-25,"C12",35.73468786
2013-11-26,"C01",38.20673694
2013-11-26,"C02",38.31482268
2013-11-26,"C03",34.5130953
2013-11-26,"C04",46.245231
2013-11-26,"C05",44.22160086
2013-11-26,"C06",42.30180162
2013-11-26,"C07",41.31840612
2013-11-26,"C08",44.59714878
2013-11-26,"C09",26.5611572914286
2013-11-26,"C10",47.26313628
2013-11-26,"C11",41.23202346
2013-11-26,"C12",40.74020532
2013-11-27,"C01",47.2892454428572
2013-11-27,"C02",46.71217434
2013-11-27,"C03",42.35141508
2013-11-27,"C04",53.90237874
2013-11-27,"C05",52.7223408
2013-11-27,"C06",51.25924824
2013-11-27,"C07",49.20048492
2013-11-27,"C08",52.93373712
2013-11-27,"C09",40.8486670246154
2013-11-27,"C10",56.49152634
2013-11-27,"C11",50.2357902
2013-11-27,"C12",47.84919612
2013-11-28,"C01",43.04297736
2013-11-28,"C02",42.00210822
2013-11-28,"C03",39.53938026
2013-11-28,"C04",49.04983098
2013-11-28,"C05",47.0941317
2013-11-28,"C06",46.61123748
2013-11-28,"C07",43.38768882
2013-11-28,"C08",45.9850695
2013-11-28,"C09",35.6083018110989
2013-11-28,"C10",50.83986678
2013-11-28,"C11",45.52024956
2013-11-28,"C12",37.4480087828572
2013-11-29,"C01",9.12314298
2013-11-29,"C02",8.4533253
2013-11-29,"C03",7.93507824
2013-11-29,"C04",11.38085412
2013-11-29,"C05",10.54173336
2013-11-29,"C06",9.71686314
2013-11-29,"C07",10.02464064
2013-11-29,"C08",10.18368546
2013-11-29,"C09",4.84038394615385
2013-11-29,"C10",11.88526542
2013-11-29,"C11",10.67812926
2013-11-29,"C12",10.46422836
2013-11-30,"C01",27.74212068
2013-11-30,"C02",27.2655975
2013-11-30,"C03",23.83078386
2013-11-30,"C04",32.41771698
2013-11-30,"C05",31.96627662
2013-11-30,"C06",30.50591748
2013-11-30,"C07",28.11177024
2013-11-30,"C08",28.20282348
2013-11-30,"C09",10.5171652407692
2013-11-30,"C10",33.612915
2013-11-30,"C11",29.51135892
2013-11-30,"C12",28.7938872
2013-12-01,"C01",31.94370048
2013-12-01,"C02",31.67007318
2013-12-01,"C03",26.10057954
2013-12-01,"C04",37.81604892
2013-12-01,"C05",37.06920942
2013-12-01,"C06",35.71040478
2013-12-01,"C07",33.85955952
2013-12-01,"C08",33.0560322
2013-12-01,"C09",16.6349186785714
2013-12-01,"C10",39.27241596
2013-12-01,"C11",33.9134034
2013-12-01,"C12",33.76271784
2013-12-02,"C01",40.5779067
2013-12-02,"C02",39.16790232
2013-12-02,"C03",33.1936677
2013-12-02,"C04",47.86770624
2013-12-02,"C05",45.47735712
2013-12-02,"C06",44.7957087
2013-12-02,"C07",41.96113734
2013-12-02,"C08",37.29953976
2013-12-02,"C09",33.19895112
2013-12-02,"C10",49.47588834
2013-12-02,"C11",43.9369656
2013-12-02,"C12",41.72804376
2013-12-03,"C01",47.70632274
2013-12-03,"C02",46.2024762
2013-12-03,"C03",35.8530206314285
2013-12-03,"C04",54.78477522
2013-12-03,"C05",52.3144152
2013-12-03,"C06",52.66581294
2013-12-03,"C07",50.1758536542857
2013-12-03,"C08",39.4853294742857
2013-12-03,"C09",35.5299856928571
2013-12-03,"C10",57.6220251
2013-12-03,"C11",49.4309344114286
2013-12-03,"C12",45.5492128371429
2013-12-04,"C01",28.78328808
2013-12-04,"C02",32.04340392
2013-12-04,"C03",26.6353734257143
2013-12-04,"C04",38.94413022
2013-12-04,"C05",37.50460176
2013-12-04,"C06",37.84852806
2013-12-04,"C07",35.70910428
2013-12-04,"C08",23.07802596
2013-12-04,"C09",20.9617782323077
2013-12-04,"C10",40.31880588
2013-12-04,"C11",33.994269
2013-12-04,"C12",33.19399398
2013-12-05,"C01",41.26257258
2013-12-05,"C02",39.53558016
2013-12-05,"C03",36.77559504
2013-12-05,"C04",47.15060538
2013-12-05,"C05",43.91291634
2013-12-05,"C06",44.97040926
2013-12-05,"C07",42.58666458
2013-12-05,"C08",36.82758546
2013-12-05,"C09",13.7995345954945
2013-12-05,"C10",49.36034616
2013-12-05,"C11",40.80790326
2013-12-05,"C12",40.46095644
2013-12-06,"C01",47.33170692
2013-12-06,"C02",45.64764192
2013-12-06,"C03",41.9823907457143
2013-12-06,"C04",55.47111516
2013-12-06,"C05",53.18366196
2013-12-06,"C06",53.51452884
2013-12-06,"C07",49.31703654
2013-12-06,"C08",45.27867498
2013-12-06,"C09",18.8211266571428
2013-12-06,"C10",58.38550092
2013-12-06,"C11",47.78879604
2013-12-06,"C12",47.39405712
2013-12-07,"C01",37.75348224
2013-12-07,"C02",37.68682374
2013-12-07,"C03",35.84891778
2013-12-07,"C04",48.74475282
2013-12-07,"C05",46.2409750114286
2013-12-07,"C06",46.60085964
2013-12-07,"C07",43.58490294
2013-12-07,"C08",34.64875332
2013-12-07,"C09",20.4778195757143
2013-12-07,"C10",50.8880069571428
2013-12-07,"C11",39.40754658
2013-12-07,"C12",43.66280994
2013-12-08,"C01",41.44483644
2013-12-08,"C02",44.67116544
2013-12-08,"C03",41.48573526
2013-12-08,"C04",53.96123556
2013-12-08,"C05",51.45286428
2013-12-08,"C06",52.2659052
2013-12-08,"C07",44.72911884
2013-12-08,"C08",38.54401824
2013-12-08,"C09",24.0887414314286
2013-12-08,"C10",56.98750776
2013-12-08,"C11",41.56602672
2013-12-08,"C12",47.40657558
2013-12-09,"C01",20.7988104
2013-12-09,"C02",19.5433314
2013-12-09,"C03",18.45107202
2013-12-09,"C04",25.98850344
2013-12-09,"C05",23.98839102
2013-12-09,"C06",24.2380773
2013-12-09,"C07",21.11362398
2013-12-09,"C08",18.32688312
2013-12-09,"C09",8.97953482714286
2013-12-09,"C10",26.0486958
2013-12-09,"C11",18.84232656
2013-12-09,"C12",22.63896954
2013-12-10,"C01",41.4514038771429
2013-12-10,"C02",42.4745315828571
2013-12-10,"C03",39.6074755457143
2013-12-10,"C04",53.38885812
2013-12-10,"C05",46.7695367142857
2013-12-10,"C06",49.5213894085714
2013-12-10,"C07",46.54432116
2013-12-10,"C08",43.1387519914286
2013-12-10,"C09",27.83150388
2013-12-10,"C10",56.17315476
2013-12-10,"C11",43.68082428
2013-12-10,"C12",41.3486289
2013-12-11,"C01",38.4406112142857
2013-12-11,"C02",38.5928110714286
2013-12-11,"C03",40.1518942628571
2013-12-11,"C04",53.90713416
2013-12-11,"C05",47.19479376
2013-12-11,"C06",49.92460248
2013-12-11,"C07",47.15433864
2013-12-11,"C08",36.2691965314286
2013-12-11,"C09",22.3973674971429
2013-12-11,"C10",57.1145934
2013-12-11,"C11",44.85055554
2013-12-11,"C12",32.15940978
2013-12-12,"C01",26.74407162
2013-12-12,"C02",34.36132776
2013-12-12,"C03",32.0248177457143
2013-12-12,"C04",48.7194786
2013-12-12,"C05",42.2373756428571
2013-12-12,"C06",45.83948652
2013-12-12,"C07",42.7571337
2013-12-12,"C08",39.24267918
2013-12-12,"C09",21.3429081428572
2013-12-12,"C10",51.38711316
2013-12-12,"C11",40.79256258
2013-12-12,"C12",31.2273747771428
2013-12-13,"C01",41.03414964
2013-12-13,"C02",36.89606646
2013-12-13,"C03",34.7125497
2013-12-13,"C04",53.75770818
2013-12-13,"C05",42.31290792
2013-12-13,"C06",49.75826148
2013-12-13,"C07",47.43501252
2013-12-13,"C08",42.82122912
2013-12-13,"C09",21.68915652
2013-12-13,"C10",56.31818274
2013-12-13,"C11",39.0443561314286
2013-12-13,"C12",36.17288964
2013-12-14,"C01",18.30876222
2013-12-14,"C02",16.44676452
2013-12-14,"C03",17.30259534
2013-12-14,"C04",23.46833514
2013-12-14,"C05",20.19669036
2013-12-14,"C06",20.8232082
2013-12-14,"C07",20.71027518
2013-12-14,"C08",18.88384728
2013-12-14,"C09",3.62448405857143
2013-12-14,"C10",24.36613488
2013-12-14,"C11",17.53758384
2013-12-14,"C12",14.52758526
2013-12-15,"C01",28.5667941
2013-12-15,"C02",24.34540584
2013-12-15,"C03",25.9432887
2013-12-15,"C04",35.93129982
2013-12-15,"C05",31.9441986
2013-12-15,"C06",30.15968076
2013-12-15,"C07",30.4298535
2013-12-15,"C08",26.57599158
2013-12-15,"C09",11.7322224748352
2013-12-15,"C10",36.19651536
2013-12-15,"C11",26.11962504
2013-12-15,"C12",23.69167386
2013-12-16,"C01",30.89059464
2013-12-16,"C02",27.45207918
2013-12-16,"C03",26.35481694
2013-12-16,"C04",37.05028926
2013-12-16,"C05",33.34321758
2013-12-16,"C06",29.63449566
2013-12-16,"C07",25.75210362
2013-12-16,"C08",28.99207026
2013-12-16,"C09",11.34907584
2013-12-16,"C10",38.66100108
2013-12-16,"C11",26.96935866
2013-12-16,"C12",23.89307484
2013-12-17,"C01",45.19346004
2013-12-17,"C02",39.90574734
2013-12-17,"C03",37.0202557714286
2013-12-17,"C04",52.66941642
2013-12-17,"C05",47.09971956
2013-12-17,"C06",40.9126649485714
2013-12-17,"C07",37.6731104228571
2013-12-17,"C08",42.62225628
2013-12-17,"C09",21.13874796
2013-12-17,"C10",56.30114478
2013-12-17,"C11",41.57153124
2013-12-17,"C12",37.37417844
2013-12-18,"C01",38.35122108
2013-12-18,"C02",34.61188512
2013-12-18,"C03",32.40058476
2013-12-18,"C04",44.26946262
2013-12-18,"C05",36.28033842
2013-12-18,"C06",37.63527558
2013-12-18,"C07",32.24795172
2013-12-18,"C08",35.7149666228571
2013-12-18,"C09",16.3978835792308
2013-12-18,"C10",46.95674394
2013-12-18,"C11",20.52928944
2013-12-18,"C12",31.56975438
2013-12-19,"C01",43.8894042
2013-12-19,"C02",39.58194672
2013-12-19,"C03",37.04123802
2013-12-19,"C04",52.98517098
2013-12-19,"C05",44.52839286
2013-12-19,"C06",42.06894642
2013-12-19,"C07",36.5901357
2013-12-19,"C08",39.2165418857143
2013-12-19,"C09",20.3559485271428
2013-12-19,"C10",55.76080986
2013-12-19,"C11",17.71974846
2013-12-19,"C12",37.81151742
2013-12-20,"C01",36.82296672
2013-12-20,"C02",33.36880752
2013-12-20,"C03",32.22832746
2013-12-20,"C04",46.11685044
2013-12-20,"C05",30.4281480276923
2013-12-20,"C06",39.26391156
2013-12-20,"C07",36.63841242
2013-12-20,"C08",34.6624824342857
2013-12-20,"C09",19.2366070371429
2013-12-20,"C10",47.16617838
2013-12-20,"C11",35.58217002
2013-12-20,"C12",30.0003867
2013-12-21,"C01",22.8012315085714
2013-12-21,"C02",36.7363713
2013-12-21,"C03",31.53338952
2013-12-21,"C04",47.92648242
2013-12-21,"C05",39.4721154
2013-12-21,"C06",39.57139596
2013-12-21,"C07",39.65387406
2013-12-21,"C08",34.7608841142857
2013-12-21,"C09",21.6866703385714
2013-12-21,"C10",48.98100924
2013-12-21,"C11",40.2743196
2013-12-21,"C12",31.06324992
2013-12-22,"C01",24.78653724
2013-12-22,"C02",24.29814516
2013-12-22,"C03",21.33344076
2013-12-22,"C04",35.47201398
2013-12-22,"C05",27.55727208
2013-12-22,"C06",25.25106222
2013-12-22,"C07",28.63579464
2013-12-22,"C08",23.8678686
2013-12-22,"C09",13.72323714
2013-12-22,"C10",35.60067504
2013-12-22,"C11",27.13646946
2013-12-22,"C12",16.80986646
2013-12-23,"C01",17.50268358
2013-12-23,"C02",16.20953808
2013-12-23,"C03",15.94476714
2013-12-23,"C04",20.3912094
2013-12-23,"C05",18.47776584
2013-12-23,"C06",18.16443582
2013-12-23,"C07",17.49644994
2013-12-23,"C08",17.5000503
2013-12-23,"C09",11.6181655971429
2013-12-23,"C10",20.80444974
2013-12-23,"C11",16.89326262
2013-12-23,"C12",14.25193122
2013-12-24,"C01",9.41892822
2013-12-24,"C02",8.96816868
2013-12-24,"C03",8.54464548
2013-12-24,"C04",10.65361008
2013-12-24,"C05",10.59938424
2013-12-24,"C06",10.3199541
2013-12-24,"C07",9.5653317
2013-12-24,"C08",10.49697444
2013-12-24,"C09",4.93930247274725
2013-12-24,"C10",11.20640982
2013-12-24,"C11",9.7672743
2013-12-24,"C12",8.38463064
2013-12-25,"C01",6.63017688
2013-12-25,"C02",6.3331845
2013-12-25,"C03",6.01213116
2013-12-25,"C04",7.52174808
2013-12-25,"C05",7.49068872
2013-12-25,"C06",7.26315444
2013-12-25,"C07",6.73104186
2013-12-25,"C08",7.34631582
2013-12-25,"C09",6.02101824
2013-12-25,"C10",7.9990761
2013-12-25,"C11",6.90469224
2013-12-25,"C12",5.83814988
2013-12-26,"C01",39.61320936
2013-12-26,"C02",38.23984722
2013-12-26,"C03",35.91412962
2013-12-26,"C04",43.79448528
2013-12-26,"C05",45.05819412
2013-12-26,"C06",44.17361148
2013-12-26,"C07",42.31836666
2013-12-26,"C08",45.39154764
2013-12-26,"C09",36.0710931342857
2013-12-26,"C10",47.2474761
2013-12-26,"C11",41.83223052
2013-12-26,"C12",37.49911554
2013-12-27,"C01",35.93467614
2013-12-27,"C02",34.2989355
2013-12-27,"C03",33.49265874
2013-12-27,"C04",37.98527424
2013-12-27,"C05",36.6897609
2013-12-27,"C06",37.97400126
2013-12-27,"C07",33.43152792
2013-12-27,"C08",36.40098486
2013-12-27,"C09",23.8656754714286
2013-12-27,"C10",40.42613352
2013-12-27,"C11",36.4532424
2013-12-27,"C12",25.6220322
2013-12-28,"C01",39.92589102
2013-12-28,"C02",38.78801292
2013-12-28,"C03",35.9245507628571
2013-12-28,"C04",44.2057374
2013-12-28,"C05",44.77514304
2013-12-28,"C06",44.2748841
2013-12-28,"C07",41.40680766
2013-12-28,"C08",44.49435936
2013-12-28,"C09",36.003732272967
2013-12-28,"C10",47.71032852
2013-12-28,"C11",42.54493218
2013-12-28,"C12",37.56886668
2013-12-29,"C01",44.47505958
2013-12-29,"C02",42.53224854
2013-12-29,"C03",40.6348652142857
2013-12-29,"C04",49.05997194
2013-12-29,"C05",49.32296556
2013-12-29,"C06",49.24141848
2013-12-29,"C07",46.24379562
2013-12-29,"C08",49.15572744
2013-12-29,"C09",37.2820009328572
2013-12-29,"C10",52.31210172
2013-12-29,"C11",46.60348758
2013-12-29,"C12",38.96695452
2013-12-30,"C01",45.1779828
2013-12-30,"C02",43.52090298
2013-12-30,"C03",41.04147444
2013-12-30,"C04",48.87501366
2013-12-30,"C05",49.62067422
2013-12-30,"C06",49.81065834
2013-12-30,"C07",46.48516644
2013-12-30,"C08",49.23670776
2013-12-30,"C09",45.09856512
2013-12-30,"C10",52.02911988
2013-12-30,"C11",47.01512904
2013-12-30,"C12",41.4168114
2013-12-31,"C01",45.66941976
2013-12-31,"C02",43.29450618
2013-12-31,"C03",41.13515754
2013-12-31,"C04",47.97699984
2013-12-31,"C05",48.4986507
2013-12-31,"C06",48.83655396
2013-12-31,"C07",44.79356202
2013-12-31,"C08",47.4559816043478
2013-12-31,"C09",40.5756729857143
2013-12-31,"C10",50.5677182910638
2013-12-31,"C11",45.0172794
2013-12-31,"C12",40.2377119017391
2014-01-01,"C01",34.66254822
2014-01-01,"C02",32.49284736
2014-01-01,"C03",32.32773012
2014-01-01,"C04",36.53341944
2014-01-01,"C05",36.111759
2014-01-01,"C06",36.53462646
2014-01-01,"C07",33.04888566
2014-01-01,"C08",34.95985086
2014-01-01,"C09",31.0427617542857
2014-01-01,"C10",39.21524106
2014-01-01,"C11",34.20877266
2014-01-01,"C12",24.53643294
2014-01-02,"C01",18.949377
2014-01-02,"C02",18.35380596
2014-01-02,"C03",17.68590582
2014-01-02,"C04",21.38788476
2014-01-02,"C05",20.47656792
2014-01-02,"C06",20.30469372
2014-01-02,"C07",19.35507054
2014-01-02,"C08",20.25521202
2014-01-02,"C09",18.052626
2014-01-02,"C10",22.06266738
2014-01-02,"C11",19.59322476
2014-01-02,"C12",14.12210802
2014-01-03,"C01",30.49000086
2014-01-03,"C02",28.76378616
2014-01-03,"C03",26.61583722
2014-01-03,"C04",33.96751392
2014-01-03,"C05",33.40336956
2014-01-03,"C06",33.73618968
2014-01-03,"C07",31.02957036
2014-01-03,"C08",34.56329958
2014-01-03,"C09",30.3805749
2014-01-03,"C10",35.60170944
2014-01-03,"C11",32.80322508
2014-01-03,"C12",24.98347386
2014-01-04,"C01",44.22498144
2014-01-04,"C02",38.39136168
2014-01-04,"C03",40.1485831028571
2014-01-04,"C04",47.95303104
2014-01-04,"C05",48.47000376
2014-01-04,"C06",48.21769806
2014-01-04,"C07",45.46433202
2014-01-04,"C08",48.82381956
2014-01-04,"C09",43.1692179171428
2014-01-04,"C10",50.67233808
2014-01-04,"C11",46.3131513
2014-01-04,"C12",35.8551865114286
2014-01-05,"C01",43.17354396
2014-01-05,"C02",40.62913356
2014-01-05,"C03",39.58953756
2014-01-05,"C04",47.2252743
2014-01-05,"C05",46.66237422
2014-01-05,"C06",46.30502502
2014-01-05,"C07",44.01712584
2014-01-05,"C08",46.9841121
2014-01-05,"C09",37.9526703
2014-01-05,"C10",48.9646416
2014-01-05,"C11",45.13935738
2014-01-05,"C12",34.68228192
2014-01-06,"C01",47.28374376
2014-01-06,"C02",42.74605596
2014-01-06,"C03",41.86155714
2014-01-06,"C04",51.43991922
2014-01-06,"C05",51.0345828
2014-01-06,"C06",50.8008228
2014-01-06,"C07",48.48140256
2014-01-06,"C08",51.511977
2014-01-06,"C09",44.1437291485714
2014-01-06,"C10",53.38959942
2014-01-06,"C11",49.6577922
2014-01-06,"C12",38.34243042
2014-01-07,"C01",12.61643316
2014-01-07,"C02",10.08286266
2014-01-07,"C03",11.42020134
2014-01-07,"C04",10.181862
2014-01-07,"C05",14.22866448
2014-01-07,"C06",13.86916374
2014-01-07,"C07",12.7448514
2014-01-07,"C08",11.32931154
2014-01-07,"C09",6.49030280142857
2014-01-07,"C10",14.95745976
2014-01-07,"C11",13.18897494
2014-01-07,"C12",9.5489949
2014-01-08,"C01",11.00547366
2014-01-08,"C02",8.43066540857143
2014-01-08,"C03",10.01486514
2014-01-08,"C04",7.48980252
2014-01-08,"C05",12.39069792
2014-01-08,"C06",12.06901818
2014-01-08,"C07",11.23422606
2014-01-08,"C08",7.797471
2014-01-08,"C09",10.2067011
2014-01-08,"C10",13.22595258
2014-01-08,"C11",11.42281188
2014-01-08,"C12",7.2050781
2014-01-09,"C01",16.81661988
2014-01-09,"C02",14.9101932
2014-01-09,"C03",15.16636782
2014-01-09,"C04",14.09725524
2014-01-09,"C05",18.88309266
2014-01-09,"C06",18.54240654
2014-01-09,"C07",17.04837474
2014-01-09,"C08",14.29097538
2014-01-09,"C09",15.2205040971429
2014-01-09,"C10",19.98259512
2014-01-09,"C11",17.46765168
2014-01-09,"C12",10.97363106
2014-01-10,"C01",30.58560396
2014-01-10,"C02",29.26567098
2014-01-10,"C03",28.1932911
2014-01-10,"C04",32.74050684
2014-01-10,"C05",33.43939188
2014-01-10,"C06",32.63352126
2014-01-10,"C07",30.39761496
2014-01-10,"C08",32.57161806
2014-01-10,"C09",20.9094799242857
2014-01-10,"C10",35.43889986
2014-01-10,"C11",31.57233252
2014-01-10,"C12",20.2077087
2014-01-11,"C01",42.87999072
2014-01-11,"C02",35.51624406
2014-01-11,"C03",38.78026182
2014-01-11,"C04",43.31363292
2014-01-11,"C05",42.9766002
2014-01-11,"C06",43.74513072
2014-01-11,"C07",35.96858226
2014-01-11,"C08",41.9129289
2014-01-11,"C09",37.48901964
2014-01-11,"C10",44.331165
2014-01-11,"C11",43.38869868
2014-01-11,"C12",18.7077894
2014-01-12,"C01",42.33057408
2014-01-12,"C02",33.98707044
2014-01-12,"C03",39.03838836
2014-01-12,"C04",43.634067
2014-01-12,"C05",43.0102005
2014-01-12,"C06",43.86218262
2014-01-12,"C07",35.55133974
2014-01-12,"C08",40.81507146
2014-01-12,"C09",37.6617913628572
2014-01-12,"C10",43.0063059
2014-01-12,"C11",41.69123394
2014-01-12,"C12",17.20374066
2014-01-13,"C01",42.53820198
2014-01-13,"C02",33.90302082
2014-01-13,"C03",37.78940802
2014-01-13,"C04",46.68802704
2014-01-13,"C05",46.78799532
2014-01-13,"C06",47.18379756
2014-01-13,"C07",40.4674374942857
2014-01-13,"C08",44.31222204
2014-01-13,"C09",39.4998135685714
2014-01-13,"C10",47.0039043
2014-01-13,"C11",45.51115914
2014-01-13,"C12",15.77191416
2014-01-14,"C01",48.13351914
2014-01-14,"C02",34.69877082
2014-01-14,"C03",43.2320719628572
2014-01-14,"C04",52.03193922
2014-01-14,"C05",51.54550428
2014-01-14,"C06",52.0422285
2014-01-14,"C07",48.28907334
2014-01-14,"C08",49.97728602
2014-01-14,"C09",42.0986925985714
2014-01-14,"C10",52.13685192
2014-01-14,"C11",49.6219945457143
2014-01-14,"C12",19.153485
2014-01-15,"C01",47.20429938
2014-01-15,"C02",35.5559400728571
2014-01-15,"C03",42.9683686457143
2014-01-15,"C04",51.07131966
2014-01-15,"C05",51.01607418
2014-01-15,"C06",51.49862346
2014-01-15,"C07",46.52563728
2014-01-15,"C08",48.49599342
2014-01-15,"C09",44.4469871228571
2014-01-15,"C10",51.1182288
2014-01-15,"C11",46.62145434
2014-01-15,"C12",39.71310774
2014-01-16,"C01",48.0668803114286
2014-01-16,"C02",37.95329778
2014-01-16,"C03",43.44951684
2014-01-16,"C04",52.6199117742857
2014-01-16,"C05",52.09427514
2014-01-16,"C06",52.0137740657143
2014-01-16,"C07",46.0663573628571
2014-01-16,"C08",49.5447639771429
2014-01-16,"C09",48.2808355542857
2014-01-16,"C10",52.5154848171429
2014-01-16,"C11",47.59767576
2014-01-16,"C12",39.4396778314286
2014-01-17,"C01",46.28285268
2014-01-17,"C02",41.8514590542857
2014-01-17,"C03",42.4822719
2014-01-17,"C04",50.71181796
2014-01-17,"C05",51.07518918
2014-01-17,"C06",51.03060648
2014-01-17,"C07",41.8269992314286
2014-01-17,"C08",47.77041132
2014-01-17,"C09",45.70960836
2014-01-17,"C10",50.74998348
2014-01-17,"C11",47.77167144
2014-01-17,"C12",38.43352212
2014-01-18,"C01",47.63629002
2014-01-18,"C02",41.17929408
2014-01-18,"C03",43.17920436
2014-01-18,"C04",52.37343438
2014-01-18,"C05",52.36791684
2014-01-18,"C06",51.5077263
2014-01-18,"C07",44.45517768
2014-01-18,"C08",48.59360454
2014-01-18,"C09",44.7173383628572
2014-01-18,"C10",52.02404202
2014-01-18,"C11",48.7089498
2014-01-18,"C12",39.35743626
2014-01-19,"C01",39.8594598
2014-01-19,"C02",34.78067064
2014-01-19,"C03",37.2867882
2014-01-19,"C04",43.39230258
2014-01-19,"C05",43.76676954
2014-01-19,"C06",42.97810734
2014-01-19,"C07",32.5488779314286
2014-01-19,"C08",39.63893766
2014-01-19,"C09",38.2374442928572
2014-01-19,"C10",42.83850126
2014-01-19,"C11",38.7717816
2014-01-19,"C12",32.06012184
2014-01-20,"C01",18.8356455
2014-01-20,"C02",11.05458462
2014-01-20,"C03",17.29619952
2014-01-20,"C04",20.78761344
2014-01-20,"C05",20.90674782
2014-01-20,"C06",20.51693304
2014-01-20,"C07",14.67039924
2014-01-20,"C08",19.4569064709677
2014-01-20,"C09",13.4650393681106
2014-01-20,"C10",22.0480548675
2014-01-20,"C11",18.3661029251613
2014-01-20,"C12",15.5147676522581
2014-01-21,"C01",15.33138996
2014-01-21,"C02",7.1640234
2014-01-21,"C03",13.7485389
2014-01-21,"C04",17.89654308
2014-01-21,"C05",18.1303395
2014-01-21,"C06",17.31911394
2014-01-21,"C07",13.49955444
2014-01-21,"C08",17.0645922
2014-01-21,"C09",11.5449880285714
2014-01-21,"C10",18.74510334
2014-01-21,"C11",15.90048534
2014-01-21,"C12",14.56211112
2014-01-22,"C01",5.53945488
2014-01-22,"C02",0.0002481
2014-01-22,"C03",4.93954548
2014-01-22,"C04",6.23608566
2014-01-22,"C05",6.3616452
2014-01-22,"C06",6.08066856
2014-01-22,"C07",4.21969074
2014-01-22,"C08",5.8737975
2014-01-22,"C09",4.57646988
2014-01-22,"C10",6.737436
2014-01-22,"C11",5.53371678
2014-01-22,"C12",4.80215388
2014-01-23,"C01",12.92384736
2014-01-23,"C02",6.84707025428571
2014-01-23,"C03",11.6259477
2014-01-23,"C04",14.64482562
2014-01-23,"C05",14.7610161
2014-01-23,"C06",14.30788014
2014-01-23,"C07",9.62377818
2014-01-23,"C08",13.79554632
2014-01-23,"C09",13.51276176
2014-01-23,"C10",15.79021254
2014-01-23,"C11",12.86441124
2014-01-23,"C12",11.1136149
2014-01-24,"C01",18.75809604
2014-01-24,"C02",7.52107218857143
2014-01-24,"C03",17.9373069
2014-01-24,"C04",22.08387858
2014-01-24,"C05",22.34559858
2014-01-24,"C06",21.42954924
2014-01-24,"C07",13.4928627
2014-01-24,"C08",17.15756226
2014-01-24,"C09",13.8363589542857
2014-01-24,"C10",22.46799942
2014-01-24,"C11",18.27573018
2014-01-24,"C12",15.1994454
2014-01-25,"C01",24.95876328
2014-01-25,"C02",10.40400342
2014-01-25,"C03",23.15399112
2014-01-25,"C04",26.9344593
2014-01-25,"C05",26.99584614
2014-01-25,"C06",23.73585276
2014-01-25,"C07",13.44177708
2014-01-25,"C08",17.9726637
2014-01-25,"C09",15.8755675028571
2014-01-25,"C10",29.77586994
2014-01-25,"C11",25.00441686
2014-01-25,"C12",19.9036812
2014-01-26,"C01",11.56786062
2014-01-26,"C02",1.4343783
2014-01-26,"C03",10.28235252
2014-01-26,"C04",13.4135349
2014-01-26,"C05",13.43687466
2014-01-26,"C06",12.73620294
2014-01-26,"C07",7.86679986
2014-01-26,"C08",9.36535068
2014-01-26,"C09",11.96664144
2014-01-26,"C10",14.28471228
2014-01-26,"C11",12.21546
2014-01-26,"C12",10.2484365
2014-01-27,"C01",47.14654458
2014-01-27,"C02",34.8113721
2014-01-27,"C03",43.50686562
2014-01-27,"C04",52.86964272
2014-01-27,"C05",52.47276534
2014-01-27,"C06",51.75866646
2014-01-27,"C07",27.97025268
2014-01-27,"C08",36.8713826828572
2014-01-27,"C09",43.8977039828571
2014-01-27,"C10",54.94855482
2014-01-27,"C11",49.69588866
2014-01-27,"C12",42.95274162
2014-01-28,"C01",47.61015222
2014-01-28,"C02",31.9745976
2014-01-28,"C03",44.0835570428572
2014-01-28,"C04",53.00807448
2014-01-28,"C05",53.31782682
2014-01-28,"C06",52.53002994
2014-01-28,"C07",22.9820581885714
2014-01-28,"C08",36.5371118828571
2014-01-28,"C09",46.50610992
2014-01-28,"C10",54.9738432
2014-01-28,"C11",49.88742084
2014-01-28,"C12",43.81821936
2014-01-29,"C01",46.88854854
2014-01-29,"C02",36.8070951
2014-01-29,"C03",43.36613304
2014-01-29,"C04",52.27709796
2014-01-29,"C05",52.21888692
2014-01-29,"C06",51.5574612
2014-01-29,"C07",24.08514492
2014-01-29,"C08",39.35656188
2014-01-29,"C09",45.6837728057143
2014-01-29,"C10",54.40244676
2014-01-29,"C11",48.69023028
2014-01-29,"C12",43.11828348
2014-01-30,"C01",45.67296894
2014-01-30,"C02",35.06614428
2014-01-30,"C03",41.75292672
2014-01-30,"C04",51.26091006
2014-01-30,"C05",50.93632248
2014-01-30,"C06",50.3397282
2014-01-30,"C07",22.8053251114286
2014-01-30,"C08",30.93344382
2014-01-30,"C09",42.0601155171428
2014-01-30,"C10",53.28422868
2014-01-30,"C11",47.84891166
2014-01-30,"C12",43.13148522
2014-01-31,"C01",46.75260312
2014-01-31,"C02",31.86637626
2014-01-31,"C03",42.83814786
2014-01-31,"C04",52.04128452
2014-01-31,"C05",52.56821598
2014-01-31,"C06",51.42699702
2014-01-31,"C07",25.4995565657143
2014-01-31,"C08",45.56500356
2014-01-31,"C09",44.3810793942857
2014-01-31,"C10",53.8298913
2014-01-31,"C11",48.9355833
2014-01-31,"C12",44.522601
2014-02-01,"C01",36.85225872
2014-02-01,"C02",26.22619002
2014-02-01,"C03",33.602916
2014-02-01,"C04",41.36045394
2014-02-01,"C05",41.63029248
2014-02-01,"C06",40.87173318
2014-02-01,"C07",29.8950111685714
2014-02-01,"C08",35.766045
2014-02-01,"C09",36.1807015368132
2014-02-01,"C10",43.22610402
2014-02-01,"C11",38.72562462
2014-02-01,"C12",37.05769482
2014-02-02,"C01",36.19056366
2014-02-02,"C02",26.68850046
2014-02-02,"C03",33.2797113085714
2014-02-02,"C04",41.03699622
2014-02-02,"C05",41.18641422
2014-02-02,"C06",40.36909824
2014-02-02,"C07",31.91571366
2014-02-02,"C08",34.3618431
2014-02-02,"C09",36.5657704879121
2014-02-02,"C10",42.84691428
2014-02-02,"C11",38.1234567
2014-02-02,"C12",36.1867494
2014-02-03,"C01",45.82779978
2014-02-03,"C02",41.32015596
2014-02-03,"C03",42.23461278
2014-02-03,"C04",51.38105418
2014-02-03,"C05",51.14429412
2014-02-03,"C06",50.26515366
2014-02-03,"C07",32.7810603
2014-02-03,"C08",40.9127496
2014-02-03,"C09",44.4149372185714
2014-02-03,"C10",53.64370044
2014-02-03,"C11",46.9865487
2014-02-03,"C12",43.9030038
2014-02-04,"C01",12.6539373670588
2014-02-04,"C02",6.8969685
2014-02-04,"C03",11.717904
2014-02-04,"C04",14.33261706
2014-02-04,"C05",14.2242213
2014-02-04,"C06",13.46220132
2014-02-04,"C07",7.44898536
2014-02-04,"C08",10.4485507425
2014-02-04,"C09",8.57386709625
2014-02-04,"C10",15.4242296894118
2014-02-04,"C11",12.285306375
2014-02-04,"C12",10.61163507
2014-02-05,"C01",16.31497578
2014-02-05,"C02",6.21251400857143
2014-02-05,"C03",14.87437932
2014-02-05,"C04",18.52349958
2014-02-05,"C05",18.36367938
2014-02-05,"C06",16.71801864
2014-02-05,"C07",5.6194644
2014-02-05,"C08",14.10604746
2014-02-05,"C09",16.02407328
2014-02-05,"C10",20.52896286
2014-02-05,"C11",13.80378072
2014-02-05,"C12",13.67913
2014-02-06,"C01",22.42781124
2014-02-06,"C02",7.68956826
2014-02-06,"C03",19.75178514
2014-02-06,"C04",25.16054508
2014-02-06,"C05",25.55757864
2014-02-06,"C06",24.11089236
2014-02-06,"C07",8.9660973
2014-02-06,"C08",21.24239088
2014-02-06,"C09",13.0992102468132
2014-02-06,"C10",28.55678982
2014-02-06,"C11",21.02042604
2014-02-06,"C12",21.46371702
2014-02-07,"C01",44.90019576
2014-02-07,"C02",27.9020690564835
2014-02-07,"C03",42.7650704485714
2014-02-07,"C04",48.86082612
2014-02-07,"C05",49.7858202
2014-02-07,"C06",48.98563578
2014-02-07,"C07",11.75305392
2014-02-07,"C08",44.14328202
2014-02-07,"C09",43.84535118
2014-02-07,"C10",52.91675028
2014-02-07,"C11",40.5032443569231
2014-02-07,"C12",44.0522073
2014-02-08,"C01",43.73136114
2014-02-08,"C02",24.9005590071429
2014-02-08,"C03",40.76386374
2014-02-08,"C04",48.47579832
2014-02-08,"C05",49.03883694
2014-02-08,"C06",46.94408394
2014-02-08,"C07",17.8539024
2014-02-08,"C08",44.52147726
2014-02-08,"C09",41.3052818142857
2014-02-08,"C10",51.59754012
2014-02-08,"C11",39.5769295971429
2014-02-08,"C12",42.9555582
2014-02-09,"C01",40.97767266
2014-02-09,"C02",32.94557754
2014-02-09,"C03",39.54016434
2014-02-09,"C04",45.65439072
2014-02-09,"C05",42.63817224
2014-02-09,"C06",43.27613664
2014-02-09,"C07",19.1309194285714
2014-02-09,"C08",41.07281238
2014-02-09,"C09",42.5668188428572
2014-02-09,"C10",48.82378998
2014-02-09,"C11",38.4016237714286
2014-02-09,"C12",40.39441398
2014-02-10,"C01",26.58429372
2014-02-10,"C02",22.65279396
2014-02-10,"C03",24.37412382
2014-02-10,"C04",30.48445152
2014-02-10,"C05",30.56818506
2014-02-10,"C06",26.55988836
2014-02-10,"C07",15.5657475
2014-02-10,"C08",27.59303844
2014-02-10,"C09",23.9761303757143
2014-02-10,"C10",32.75528532
2014-02-10,"C11",25.57199448
2014-02-10,"C12",26.87555664
2014-02-11,"C01",25.37112936
2014-02-11,"C02",20.70203412
2014-02-11,"C03",22.91816736
2014-02-11,"C04",28.13023452
2014-02-11,"C05",28.43753058
2014-02-11,"C06",25.30575588
2014-02-11,"C07",14.25597264
2014-02-11,"C08",25.14084264
2014-02-11,"C09",23.2228379828571
2014-02-11,"C10",30.17493318
2014-02-11,"C11",23.6162037
2014-02-11,"C12",24.37520238
2014-02-12,"C01",20.13495126
2014-02-12,"C02",19.40138712
2014-02-12,"C03",19.25503494
2014-02-12,"C04",22.2317397
2014-02-12,"C05",23.06223186
2014-02-12,"C06",20.142186
2014-02-12,"C07",10.17461682
2014-02-12,"C08",18.95236848
2014-02-12,"C09",16.863829923956
2014-02-12,"C10",25.11150744
2014-02-12,"C11",17.09478102
2014-02-12,"C12",17.87433174
2014-02-13,"C01",27.52816716
2014-02-13,"C02",22.47699936
2014-02-13,"C03",25.29007962
2014-02-13,"C04",31.58944998
2014-02-13,"C05",32.09094462
2014-02-13,"C06",27.1800489
2014-02-13,"C07",12.82285968
2014-02-13,"C08",25.49796858
2014-02-13,"C09",25.8469626342857
2014-02-13,"C10",34.24836924
2014-02-13,"C11",24.87279096
2014-02-13,"C12",25.62942192
2014-02-14,"C01",14.56018254
2014-02-14,"C02",9.03359652
2014-02-14,"C03",12.98647614
2014-02-14,"C04",16.51156938
2014-02-14,"C05",16.80239286
2014-02-14,"C06",14.16928632
2014-02-14,"C07",7.32291966
2014-02-14,"C08",14.08654548
2014-02-14,"C09",9.63565989857142
2014-02-14,"C10",18.3128133
2014-02-14,"C11",13.19695914
2014-02-14,"C12",12.77139924
2014-02-15,"C01",10.62370074
2014-02-15,"C02",2.32739064
2014-02-15,"C03",8.9414985
2014-02-15,"C04",11.9857002
2014-02-15,"C05",12.2596395
2014-02-15,"C06",10.27225782
2014-02-15,"C07",4.86322932
2014-02-15,"C08",9.96684858
2014-02-15,"C09",8.75071506
2014-02-15,"C10",13.6290234
2014-02-15,"C11",9.53881338
2014-02-15,"C12",8.99030868
2014-02-16,"C01",5.10962982
2014-02-16,"C02",0.0002613
2014-02-16,"C03",4.05123312
2014-02-16,"C04",5.83744746
2014-02-16,"C05",5.9058999
2014-02-16,"C06",4.91887836
2014-02-16,"C07",2.33490036
2014-02-16,"C08",4.86531684
2014-02-16,"C09",5.81080992
2014-02-16,"C10",6.66644244
2014-02-16,"C11",4.6126899
2014-02-16,"C12",4.29501402
2014-02-17,"C01",14.01609186
2014-02-17,"C02",5.20146594
2014-02-17,"C03",13.34663268
2014-02-17,"C04",15.96080988
2014-02-17,"C05",15.5066364
2014-02-17,"C06",13.85517906
2014-02-17,"C07",6.680271
2014-02-17,"C08",11.2671498
2014-02-17,"C09",12.3238976489011
2014-02-17,"C10",18.14568738
2014-02-17,"C11",12.80598492
2014-02-17,"C12",11.39128158
2014-02-18,"C01",18.8598588
2014-02-18,"C02",14.3517022885714
2014-02-18,"C03",19.66509198
2014-02-18,"C04",25.16083212
2014-02-18,"C05",24.7967085
2014-02-18,"C06",21.6993522
2014-02-18,"C07",6.9268629
2014-02-18,"C08",11.1167187
2014-02-18,"C09",16.3864234242857
2014-02-18,"C10",26.94229074
2014-02-18,"C11",17.61769686
2014-02-18,"C12",18.92873328
2014-02-19,"C01",5.06070054
2014-02-19,"C02",0.6918285
2014-02-19,"C03",6.47796264
2014-02-19,"C04",8.18618682
2014-02-19,"C05",7.81789554
2014-02-19,"C06",5.91435702
2014-02-19,"C07",1.66959144
2014-02-19,"C08",4.8192393
2014-02-19,"C09",6.15752406
2014-02-19,"C10",8.81756016
2014-02-19,"C11",4.27080876
2014-02-19,"C12",5.28084084
2014-02-20,"C01",32.4389805
2014-02-20,"C02",12.16108692
2014-02-20,"C03",35.16754488
2014-02-20,"C04",45.25183074
2014-02-20,"C05",44.71584972
2014-02-20,"C06",32.79056532
2014-02-20,"C07",3.71484985714286
2014-02-20,"C08",27.0637179
2014-02-20,"C09",40.3741542257143
2014-02-20,"C10",47.64522024
2014-02-20,"C11",22.34641638
2014-02-20,"C12",37.76068476
2014-02-21,"C01",34.3865478373109
2014-02-21,"C02",15.5181244028571
2014-02-21,"C03",44.68571202
2014-02-21,"C04",47.5690697989655
2014-02-21,"C05",46.03876728
2014-02-21,"C06",38.85401928
2014-02-21,"C07",1.6883808
2014-02-21,"C08",25.4919771175862
2014-02-21,"C09",41.2988789063054
2014-02-21,"C10",48.3541163606723
2014-02-21,"C11",16.885664385665
2014-02-21,"C12",37.8819540331035
2014-02-22,"C01",26.7435912514286
2014-02-22,"C02",20.45396538
2014-02-22,"C03",30.89615028
2014-02-22,"C04",34.94564172
2014-02-22,"C05",33.51505008
2014-02-22,"C06",29.64759216
2014-02-22,"C07",2.12526126
2014-02-22,"C08",10.6064523
2014-02-22,"C09",27.0103684542857
2014-02-22,"C10",36.56218158
2014-02-22,"C11",14.41697448
2014-02-22,"C12",26.9993193
2014-02-23,"C01",15.59366544
2014-02-23,"C02",10.9448631
2014-02-23,"C03",85.94104122
2014-02-23,"C04",20.80786782
2014-02-23,"C05",19.8378009
2014-02-23,"C06",18.41085462
2014-02-23,"C07",1.83123444
2014-02-23,"C08",4.16541432
2014-02-23,"C09",16.4189119028571
2014-02-23,"C10",21.58601364
2014-02-23,"C11",8.99166984
2014-02-23,"C12",13.94879262
2014-02-24,"C01",30.92440584
2014-02-24,"C02",25.67325774
2014-02-24,"C03",42.4127070204396
2014-02-24,"C04",43.5156312
2014-02-24,"C05",38.03841624
2014-02-24,"C06",36.68197278
2014-02-24,"C07",2.77649556
2014-02-24,"C08",26.58013572
2014-02-24,"C09",37.4984498914286
2014-02-24,"C10",44.5795257
2014-02-24,"C11",15.23645496
2014-02-24,"C12",29.0579809885714
2014-02-25,"C01",32.65194156
2014-02-25,"C02",9.1730979
2014-02-25,"C03",43.1663220342857
2014-02-25,"C04",45.31186668
2014-02-25,"C05",38.79586788
2014-02-25,"C06",39.87418062
2014-02-25,"C07",28.12458198
2014-02-25,"C08",36.2409711
2014-02-25,"C09",35.1149788628571
2014-02-25,"C10",46.43902536
2014-02-25,"C11",16.28899944
2014-02-25,"C12",31.6482943457143
2014-02-26,"C01",23.75601228
2014-02-26,"C02",6.47271942857143
2014-02-26,"C03",63.69904878
2014-02-26,"C04",32.1217122
2014-02-26,"C05",27.6730932
2014-02-26,"C06",NA
2014-02-26,"C07",19.43904204
2014-02-26,"C08",26.67803358
2014-02-26,"C09",24.9812078571429
2014-02-26,"C10",32.29979358
2014-02-26,"C11",13.41126876
2014-02-26,"C12",20.97956754
2014-02-27,"C01",4.85921514
2014-02-27,"C02",0.53019342
2014-02-27,"C03",17.2521312
2014-02-27,"C04",7.11010884
2014-02-27,"C05",6.37264482
2014-02-27,"C06",NA
2014-02-27,"C07",3.76773522
2014-02-27,"C08",5.28106734
2014-02-27,"C09",5.50763412
2014-02-27,"C10",7.51395492
2014-02-27,"C11",3.54397284
2014-02-27,"C12",4.75334268
2014-02-28,"C01",4.29525828
2014-02-28,"C02",2.8916283
2014-02-28,"C03",17.09961858
2014-02-28,"C04",6.08892126
2014-02-28,"C05",5.56672134
2014-02-28,"C06",NA
2014-02-28,"C07",3.2862714
2014-02-28,"C08",4.6298529
2014-02-28,"C09",5.60887554
2014-02-28,"C10",6.4124397
2014-02-28,"C11",2.97438786
2014-02-28,"C12",4.14247368
2014-03-01,"C01",5.86131558
2014-03-01,"C02",2.65430802
2014-03-01,"C03",10.1312052
2014-03-01,"C04",8.39203326
2014-03-01,"C05",7.57292424
2014-03-01,"C06",6.24474342
2014-03-01,"C07",4.53192852
2014-03-01,"C08",6.20339262
2014-03-01,"C09",7.79928102
2014-03-01,"C10",8.72196018
2014-03-01,"C11",4.10952186
2014-03-01,"C12",5.70318852
2014-03-02,"C01",6.46988616
2014-03-02,"C02",4.40000072571429
2014-03-02,"C03",10.0457982
2014-03-02,"C04",9.3367566
2014-03-02,"C05",8.37704136
2014-03-02,"C06",6.94515546
2014-03-02,"C07",5.03542566
2014-03-02,"C08",6.57791616
2014-03-02,"C09",8.66796288
2014-03-02,"C10",9.58956726
2014-03-02,"C11",4.5493032
2014-03-02,"C12",6.20192136
2014-03-03,"C01",12.60256074
2014-03-03,"C02",5.64323688
2014-03-03,"C03",145.89807
2014-03-03,"C04",19.51919634
2014-03-03,"C05",14.54780604
2014-03-03,"C06",14.29032312
2014-03-03,"C07",10.70860284
2014-03-03,"C08",11.4941958
2014-03-03,"C09",11.4250081971429
2014-03-03,"C10",19.65107838
2014-03-03,"C11",10.58921112
2014-03-03,"C12",12.22247742
2014-03-04,"C01",15.85425336
2014-03-04,"C02",7.88231592
2014-03-04,"C03",91.47452724
2014-03-04,"C04",23.3601087
2014-03-04,"C05",20.62349922
2014-03-04,"C06",17.42572494
2014-03-04,"C07",14.55658398
2014-03-04,"C08",14.9835042
2014-03-04,"C09",7.66567838571429
2014-03-04,"C10",24.02239926
2014-03-04,"C11",11.5098496885714
2014-03-04,"C12",12.1690941
2014-03-05,"C01",23.07248466
2014-03-05,"C02",5.3156877
2014-03-05,"C03",85.9690488
2014-03-05,"C04",31.55152104
2014-03-05,"C05",25.7250997628571
2014-03-05,"C06",24.78786264
2014-03-05,"C07",19.83006102
2014-03-05,"C08",23.59524432
2014-03-05,"C09",6.83471713813187
2014-03-05,"C10",30.20879652
2014-03-05,"C11",18.9667814828571
2014-03-05,"C12",12.38124516
2014-03-06,"C01",14.5064514
2014-03-06,"C02",0.40870446
2014-03-06,"C03",106.8604818
2014-03-06,"C04",18.0321783
2014-03-06,"C05",16.63981188
2014-03-06,"C06",14.6984181
2014-03-06,"C07",10.956909
2014-03-06,"C08",12.3285354
2014-03-06,"C09",4.70461559142857
2014-03-06,"C10",18.52500378
2014-03-06,"C11",10.35456042
2014-03-06,"C12",5.71196076
2014-03-07,"C01",23.33872662
2014-03-07,"C02",2.59306932
2014-03-07,"C03",68.17429974
2014-03-07,"C04",26.84544018
2014-03-07,"C05",22.89579126
2014-03-07,"C06",21.78402822
2014-03-07,"C07",15.93719856
2014-03-07,"C08",19.06810866
2014-03-07,"C09",4.31534876571429
2014-03-07,"C10",25.48723008
2014-03-07,"C11",17.79022932
2014-03-07,"C12",9.4422108
2014-03-08,"C01",36.4259886
2014-03-08,"C02",18.51901926
2014-03-08,"C03",89.068086
2014-03-08,"C04",41.86802136
2014-03-08,"C05",36.39961962
2014-03-08,"C06",33.74149524
2014-03-08,"C07",27.45336192
2014-03-08,"C08",30.0541128
2014-03-08,"C09",15.0952459414286
2014-03-08,"C10",40.66416552
2014-03-08,"C11",30.36457038
2014-03-08,"C12",14.3045742
2014-03-09,"C01",33.13779264
2014-03-09,"C02",13.1138442942857
2014-03-09,"C03",107.0751762
2014-03-09,"C04",39.53828322
2014-03-09,"C05",33.54632118
2014-03-09,"C06",30.41956074
2014-03-09,"C07",24.7089987
2014-03-09,"C08",29.82415248
2014-03-09,"C09",11.3264778771429
2014-03-09,"C10",37.79233596
2014-03-09,"C11",27.32740074
2014-03-09,"C12",14.01811572
2014-03-10,"C01",30.83633226
2014-03-10,"C02",8.36247324
2014-03-10,"C03",107.5029492
2014-03-10,"C04",37.50866754
2014-03-10,"C05",32.36664006
2014-03-10,"C06",29.70591162
2014-03-10,"C07",23.4901291028571
2014-03-10,"C08",25.82654046
2014-03-10,"C09",9.39513807
2014-03-10,"C10",35.95979844
2014-03-10,"C11",26.17543146
2014-03-10,"C12",12.36411036
2014-03-11,"C01",34.60884834
2014-03-11,"C02",6.60255516
2014-03-11,"C03",83.9825364
2014-03-11,"C04",41.76156186
2014-03-11,"C05",37.83129678
2014-03-11,"C06",32.97601956
2014-03-11,"C07",27.0589952571429
2014-03-11,"C08",30.84521208
2014-03-11,"C09",16.2323545457143
2014-03-11,"C10",41.0229946028572
2014-03-11,"C11",29.9699714228571
2014-03-11,"C12",12.9230494971429
2014-03-12,"C01",22.51874178
2014-03-12,"C02",2.6093286
2014-03-12,"C03",142.29826746
2014-03-12,"C04",27.4899378
2014-03-12,"C05",22.40612256
2014-03-12,"C06",18.61473636
2014-03-12,"C07",15.58941534
2014-03-12,"C08",17.45119068
2014-03-12,"C09",10.6486675542857
2014-03-12,"C10",26.52929184
2014-03-12,"C11",15.84373008
2014-03-12,"C12",9.94555056
2014-03-13,"C01",19.82653488
2014-03-13,"C02",5.96808336
2014-03-13,"C03",152.696208
2014-03-13,"C04",24.74738838
2014-03-13,"C05",23.28140058
2014-03-13,"C06",20.96520684
2014-03-13,"C07",13.9804041
2014-03-13,"C08",18.9317841
2014-03-13,"C09",10.6261024757143
2014-03-13,"C10",24.49312932
2014-03-13,"C11",16.6638318
2014-03-13,"C12",7.3025052
2014-03-14,"C01",26.3221993028571
2014-03-14,"C02",2.96471039142857
2014-03-14,"C03",106.15687884
2014-03-14,"C04",31.99779738
2014-03-14,"C05",28.36077576
2014-03-14,"C06",25.49901828
2014-03-14,"C07",18.87223368
2014-03-14,"C08",23.99375502
2014-03-14,"C09",18.1040123808791
2014-03-14,"C10",31.11841044
2014-03-14,"C11",20.54442486
2014-03-14,"C12",12.62416422
2014-03-15,"C01",16.93337382
2014-03-15,"C02",0.89781294
2014-03-15,"C03",253.808643
2014-03-15,"C04",20.22419982
2014-03-15,"C05",16.4059454228571
2014-03-15,"C06",14.04655962
2014-03-15,"C07",10.07970618
2014-03-15,"C08",12.15962262
2014-03-15,"C09",5.39440784571428
2014-03-15,"C10",18.63551886
2014-03-15,"C11",12.15755754
2014-03-15,"C12",6.66138084
2014-03-16,"C01",20.05475796
2014-03-16,"C02",1.78451202
2014-03-16,"C03",211.14096102
2014-03-16,"C04",24.3898839
2014-03-16,"C05",20.1263007
2014-03-16,"C06",12.63481728
2014-03-16,"C07",15.1015626
2014-03-16,"C08",11.01686988
2014-03-16,"C09",9.61906240714286
2014-03-16,"C10",23.60358588
2014-03-16,"C11",13.5148671
2014-03-16,"C12",7.23063054
2014-03-17,"C01",34.6206174
2014-03-17,"C02",2.68391712
2014-03-17,"C03",179.06455878
2014-03-17,"C04",39.9640617
2014-03-17,"C05",32.8462972338462
2014-03-17,"C06",26.97829386
2014-03-17,"C07",24.5435181
2014-03-17,"C08",26.5445187857143
2014-03-17,"C09",29.1271730828571
2014-03-17,"C10",40.19183718
2014-03-17,"C11",26.0442101914286
2014-03-17,"C12",11.6924568138462
2014-03-18,"C01",32.38634196
2014-03-18,"C02",4.07435802
2014-03-18,"C03",120.39941154
2014-03-18,"C04",36.76650234
2014-03-18,"C05",29.77354854
2014-03-18,"C06",28.53672018
2014-03-18,"C07",21.1445994
2014-03-18,"C08",26.41241346
2014-03-18,"C09",27.0301060371429
2014-03-18,"C10",36.47700516
2014-03-18,"C11",24.74027754
2014-03-18,"C12",11.3073482769231
2014-03-19,"C01",27.15227142
2014-03-19,"C02",10.22455968
2014-03-19,"C03",120.70731834
2014-03-19,"C04",30.94016874
2014-03-19,"C05",25.7449602
2014-03-19,"C06",23.09579268
2014-03-19,"C07",18.05164494
2014-03-19,"C08",23.92708536
2014-03-19,"C09",17.3661435507692
2014-03-19,"C10",30.34425342
2014-03-19,"C11",20.02828716
2014-03-19,"C12",11.7898425
2014-03-20,"C01",31.40975706
2014-03-20,"C02",5.47247035714286
2014-03-20,"C03",163.07871
2014-03-20,"C04",35.23842828
2014-03-20,"C05",32.05871832
2014-03-20,"C06",30.73082322
2014-03-20,"C07",19.54386486
2014-03-20,"C08",28.37952972
2014-03-20,"C09",27.45966024
2014-03-20,"C10",35.41359372
2014-03-20,"C11",21.92401266
2014-03-20,"C12",11.67469506
2014-03-21,"C01",17.4839109
2014-03-21,"C02",3.25758264
2014-03-21,"C03",182.446116
2014-03-21,"C04",20.05501968
2014-03-21,"C05",18.6865863
2014-03-21,"C06",17.83669344
2014-03-21,"C07",12.81600192
2014-03-21,"C08",13.15643658
2014-03-21,"C09",12.4783939496703
2014-03-21,"C10",21.34594194
2014-03-21,"C11",12.23249562
2014-03-21,"C12",8.6592486
2014-03-22,"C01",26.19715194
2014-03-22,"C02",4.1900913
2014-03-22,"C03",165.6084312
2014-03-22,"C04",28.894365
2014-03-22,"C05",24.82325796
2014-03-22,"C06",24.87867156
2014-03-22,"C07",16.39094748
2014-03-22,"C08",22.35332712
2014-03-22,"C09",17.4223911741758
2014-03-22,"C10",30.5461194
2014-03-22,"C11",18.88166016
2014-03-22,"C12",9.16779096
2014-03-23,"C01",15.93384168
2014-03-23,"C02",2.58343572
2014-03-23,"C03",213.6936258
2014-03-23,"C04",18.30478542
2014-03-23,"C05",10.3928888057143
2014-03-23,"C06",15.20363946
2014-03-23,"C07",10.76981208
2014-03-23,"C08",12.63494172
2014-03-23,"C09",8.43540262714286
2014-03-23,"C10",20.0970198
2014-03-23,"C11",12.73314084
2014-03-23,"C12",6.30524934
2014-03-24,"C01",5.35296738
2014-03-24,"C02",2.08321440857143
2014-03-24,"C03",132.224052
2014-03-24,"C04",6.68489778
2014-03-24,"C05",5.06688612
2014-03-24,"C06",5.24868966
2014-03-24,"C07",3.5631105
2014-03-24,"C08",4.78046478
2014-03-24,"C09",1.50101381142857
2014-03-24,"C10",7.8315612
2014-03-24,"C11",4.24892838
2014-03-24,"C12",2.23753182
2014-03-25,"C01",23.77956906
2014-03-25,"C02",6.98156375142857
2014-03-25,"C03",253.575024
2014-03-25,"C04",25.62306426
2014-03-25,"C05",15.6795465
2014-03-25,"C06",20.56749372
2014-03-25,"C07",13.43803674
2014-03-25,"C08",17.21922342
2014-03-25,"C09",8.70539435571428
2014-03-25,"C10",26.27245326
2014-03-25,"C11",18.1827519
2014-03-25,"C12",8.88427998
2014-03-26,"C01",6.79389066
2014-03-26,"C02",1.32404322
2014-03-26,"C03",211.77852
2014-03-26,"C04",7.82816958
2014-03-26,"C05",6.20231322
2014-03-26,"C06",6.52288734
2014-03-26,"C07",4.37631774
2014-03-26,"C08",5.14163706
2014-03-26,"C09",4.85327904
2014-03-26,"C10",8.79873246
2014-03-26,"C11",4.8261354
2014-03-26,"C12",2.64770094
2014-03-27,"C01",4.24825734
2014-03-27,"C02",1.86022524
2014-03-27,"C03",115.475196
2014-03-27,"C04",4.91974134
2014-03-27,"C05",4.04589084
2014-03-27,"C06",4.06376616
2014-03-27,"C07",2.72302944
2014-03-27,"C08",3.23264634
2014-03-27,"C09",3.06993288
2014-03-27,"C10",5.4240711
2014-03-27,"C11",2.91307602
2014-03-27,"C12",1.76186034
2014-03-28,"C01",9.4456428
2014-03-28,"C02",1.35635256
2014-03-28,"C03",244.34826
2014-03-28,"C04",10.8874851
2014-03-28,"C05",9.3966219
2014-03-28,"C06",9.04358256
2014-03-28,"C07",6.07432488
2014-03-28,"C08",7.21425894
2014-03-28,"C09",5.83257201956044
2014-03-28,"C10",11.87999478
2014-03-28,"C11",6.61877496
2014-03-28,"C12",4.0109265
2014-03-29,"C01",16.29927894
2014-03-29,"C02",5.97308214
2014-03-29,"C03",114.70017738
2014-03-29,"C04",18.7363164
2014-03-29,"C05",17.05038876
2014-03-29,"C06",15.62524764
2014-03-29,"C07",11.1183117
2014-03-29,"C08",14.1964875
2014-03-29,"C09",7.17937571571429
2014-03-29,"C10",19.08791328
2014-03-29,"C11",12.69381516
2014-03-29,"C12",8.27372676
2014-03-30,"C01",20.4733143
2014-03-30,"C02",5.58170592
2014-03-30,"C03",71.1796293
2014-03-30,"C04",24.3584829
2014-03-30,"C05",21.77279652
2014-03-30,"C06",22.9608579
2014-03-30,"C07",14.5333263
2014-03-30,"C08",16.8733941
2014-03-30,"C09",13.42112814
2014-03-30,"C10",24.37373784
2014-03-30,"C11",14.92276794
2014-03-30,"C12",13.22009196
2014-03-31,"C01",21.9341496
2014-03-31,"C02",2.62390704
2014-03-31,"C03",75.19847844
2014-03-31,"C04",25.594245
2014-03-31,"C05",23.81938044
2014-03-31,"C06",23.37541248
2014-03-31,"C07",15.8997813
2014-03-31,"C08",18.83889528
2014-03-31,"C09",12.3484336842857
2014-03-31,"C10",25.70790678
2014-03-31,"C11",14.20912914
2014-03-31,"C12",15.30878388
2014-04-01,"C01",23.05588674
2014-04-01,"C02",7.67963898
2014-04-01,"C03",80.17406946
2014-04-01,"C04",27.2519394
2014-04-01,"C05",22.81332144
2014-04-01,"C06",24.5375318314286
2014-04-01,"C07",15.8283205371429
2014-04-01,"C08",21.0267564942857
2014-04-01,"C09",8.78491037472527
2014-04-01,"C10",27.20859474
2014-04-01,"C11",18.71298654
2014-04-01,"C12",15.34785318
2014-04-02,"C01",26.28348954
2014-04-02,"C02",10.0835032971429
2014-04-02,"C03",147.5260248
2014-04-02,"C04",31.53712806
2014-04-02,"C05",27.07921566
2014-04-02,"C06",28.92792228
2014-04-02,"C07",18.2101512
2014-04-02,"C08",26.92432386
2014-04-02,"C09",15.63620388
2014-04-02,"C10",31.55253426
2014-04-02,"C11",21.40522824
2014-04-02,"C12",19.58472876
2014-04-03,"C01",19.52997066
2014-04-03,"C02",5.8556175
2014-04-03,"C03",178.8039738
2014-04-03,"C04",22.90156068
2014-04-03,"C05",20.68443354
2014-04-03,"C06",20.41528686
2014-04-03,"C07",11.8474167
2014-04-03,"C08",18.40063662
2014-04-03,"C09",8.87522532
2014-04-03,"C10",17.9792025
2014-04-03,"C11",15.02694294
2014-04-03,"C12",12.50516202
2014-04-04,"C01",6.3824172
2014-04-04,"C02",0.892622460000001
2014-04-04,"C03",178.60047438
2014-04-04,"C04",7.52054076
2014-04-04,"C05",6.60767094
2014-04-04,"C06",6.23526786
2014-04-04,"C07",3.94894518
2014-04-04,"C08",5.019396
2014-04-04,"C09",3.55547287714286
2014-04-04,"C10",6.47460588
2014-04-04,"C11",4.48207512
2014-04-04,"C12",3.92702088
2014-04-05,"C01",17.4881511
2014-04-05,"C02",3.11981682
2014-04-05,"C03",182.768292454286
2014-04-05,"C04",19.5717111
2014-04-05,"C05",17.06352066
2014-04-05,"C06",17.16882636
2014-04-05,"C07",10.2762108
2014-04-05,"C08",13.7440239
2014-04-05,"C09",3.58832418
2014-04-05,"C10",14.69725506
2014-04-05,"C11",12.10337772
2014-04-05,"C12",11.72057472
2014-04-06,"C01",11.43166878
2014-04-06,"C02",0.43593042
2014-04-06,"C03",231.80712564
2014-04-06,"C04",12.8719236
2014-04-06,"C05",10.11486606
2014-04-06,"C06",10.80348882
2014-04-06,"C07",7.17716538
2014-04-06,"C08",8.88024252
2014-04-06,"C09",3.23359461857143
2014-04-06,"C10",10.23445128
2014-04-06,"C11",8.34076914
2014-04-06,"C12",7.43770608
2014-04-07,"C01",8.6175771
2014-04-07,"C02",0.96540618
2014-04-07,"C03",100.04941566
2014-04-07,"C04",11.49661266
2014-04-07,"C05",10.20417576
2014-04-07,"C06",9.87351167999999
2014-04-07,"C07",5.13245808
2014-04-07,"C08",8.05862196
2014-04-07,"C09",5.49842895428572
2014-04-07,"C10",9.31510896
2014-04-07,"C11",7.37293818
2014-04-07,"C12",5.58415278
2014-04-08,"C01",22.59728664
2014-04-08,"C02",5.58182964
2014-04-08,"C03",68.57339154
2014-04-08,"C04",26.38275768
2014-04-08,"C05",23.04030564
2014-04-08,"C06",24.21783582
2014-04-08,"C07",14.90506644
2014-04-08,"C08",17.68241034
2014-04-08,"C09",11.1979858476923
2014-04-08,"C10",19.61871936
2014-04-08,"C11",16.05286008
2014-04-08,"C12",16.25074068
2014-04-09,"C01",25.89386328
2014-04-09,"C02",3.20922861
2014-04-09,"C03",121.620667071429
2014-04-09,"C04",30.51738792
2014-04-09,"C05",25.55639022
2014-04-09,"C06",26.8016199
2014-04-09,"C07",16.9050507
2014-04-09,"C08",22.95092928
2014-04-09,"C09",15.6176149371429
2014-04-09,"C10",20.21804598
2014-04-09,"C11",20.29908612
2014-04-09,"C12",18.28936884
2014-04-10,"C01",6.76003404
2014-04-10,"C02",0.0002136
2014-04-10,"C03",207.08311434
2014-04-10,"C04",7.8900723
2014-04-10,"C05",6.74943306
2014-04-10,"C06",6.47499888
2014-04-10,"C07",4.02976038
2014-04-10,"C08",4.60391562
2014-04-10,"C09",4.17737208857143
2014-04-10,"C10",7.2577608
2014-04-10,"C11",4.50421638
2014-04-10,"C12",4.16015652
2014-04-11,"C01",15.5945271
2014-04-11,"C02",3.13881651
2014-04-11,"C03",263.843958
2014-04-11,"C04",18.14766816
2014-04-11,"C05",13.50642768
2014-04-11,"C06",14.35319946
2014-04-11,"C07",8.38820838
2014-04-11,"C08",11.73559116
2014-04-11,"C09",6.42962600571429
2014-04-11,"C10",14.61500112
2014-04-11,"C11",12.68868996
2014-04-11,"C12",10.16747634
2014-04-12,"C01",13.55532768
2014-04-12,"C02",1.62165276
2014-04-12,"C03",292.166982
2014-04-12,"C04",15.48162582
2014-04-12,"C05",12.76952658
2014-04-12,"C06",13.15190406
2014-04-12,"C07",8.35435272
2014-04-12,"C08",9.61029654
2014-04-12,"C09",2.2652966789011
2014-04-12,"C10",14.12398902
2014-04-12,"C11",9.44157216
2014-04-12,"C12",9.23781012
2014-04-13,"C01",15.15641466
2014-04-13,"C02",3.75328578
2014-04-13,"C03",279.58938744
2014-04-13,"C04",17.95591044
2014-04-13,"C05",14.9357559
2014-04-13,"C06",15.01076604
2014-04-13,"C07",8.97767898
2014-04-13,"C08",10.22740686
2014-04-13,"C09",6.26574253714286
2014-04-13,"C10",16.82547618
2014-04-13,"C11",10.86426
2014-04-13,"C12",9.85804764
2014-04-14,"C01",16.67375694
2014-04-14,"C02",3.07350306
2014-04-14,"C03",248.95127058
2014-04-14,"C04",19.6931898
2014-04-14,"C05",14.50404666
2014-04-14,"C06",14.840112
2014-04-14,"C07",10.2604683
2014-04-14,"C08",11.91952782
2014-04-14,"C09",7.58583134571428
2014-04-14,"C10",17.3118873
2014-04-14,"C11",13.2353055
2014-04-14,"C12",11.0987334
2014-04-15,"C01",15.78216678
2014-04-15,"C02",2.70788539714286
2014-04-15,"C03",237.91705884
2014-04-15,"C04",18.85171302
2014-04-15,"C05",13.57423998
2014-04-15,"C06",14.4365037
2014-04-15,"C07",9.74571792
2014-04-15,"C08",11.059203
2014-04-15,"C09",7.54252673010989
2014-04-15,"C10",15.05830074
2014-04-15,"C11",12.53519598
2014-04-15,"C12",10.55597418
2014-04-16,"C01",18.80273526
2014-04-16,"C02",1.86152208
2014-04-16,"C03",148.2197214
2014-04-16,"C04",23.02084194
2014-04-16,"C05",21.27329874
2014-04-16,"C06",21.16369752
2014-04-16,"C07",12.43651512
2014-04-16,"C08",16.09968978
2014-04-16,"C09",6.16735050923077
2014-04-16,"C10",20.4547557
2014-04-16,"C11",12.17468964
2014-04-16,"C12",14.57283498
2014-04-17,"C01",24.80730264
2014-04-17,"C02",6.47669574
2014-04-17,"C03",154.82652234
2014-04-17,"C04",29.64531594
2014-04-17,"C05",24.13988274
2014-04-17,"C06",26.29061766
2014-04-17,"C07",16.07992314
2014-04-17,"C08",19.31711886
2014-04-17,"C09",10.0270449178022
2014-04-17,"C10",25.61788434
2014-04-17,"C11",20.31861552
2014-04-17,"C12",16.50477612
2014-04-18,"C01",23.80209486
2014-04-18,"C02",7.82752974
2014-04-18,"C03",173.564676
2014-04-18,"C04",28.54028352
2014-04-18,"C05",23.8165065
2014-04-18,"C06",24.65383566
2014-04-18,"C07",15.59910018
2014-04-18,"C08",18.69669438
2014-04-18,"C09",10.0167240985714
2014-04-18,"C10",22.96785744
2014-04-18,"C11",19.86673176
2014-04-18,"C12",15.50370726
2014-04-19,"C01",23.08782306
2014-04-19,"C02",8.01969633428572
2014-04-19,"C03",132.44457666
2014-04-19,"C04",27.10145376
2014-04-19,"C05",22.2982374
2014-04-19,"C06",23.34166488
2014-04-19,"C07",15.00578268
2014-04-19,"C08",18.49168602
2014-04-19,"C09",4.66373884285714
2014-04-19,"C10",20.64491466
2014-04-19,"C11",18.38390424
2014-04-19,"C12",14.91464046
2014-04-20,"C01",22.02731904
2014-04-20,"C02",8.90070024857143
2014-04-20,"C03",147.2890716
2014-04-20,"C04",27.09105246
2014-04-20,"C05",23.28903342
2014-04-20,"C06",24.25441638
2014-04-20,"C07",14.3650513285714
2014-04-20,"C08",17.80501608
2014-04-20,"C09",3.98140584857143
2014-04-20,"C10",21.12966726
2014-04-20,"C11",17.8645370169231
2014-04-20,"C12",14.64671136
2014-04-21,"C01",23.20225662
2014-04-21,"C02",7.88573538
2014-04-21,"C03",211.679169257143
2014-04-21,"C04",27.84078426
2014-04-21,"C05",23.12674884
2014-04-21,"C06",24.27220998
2014-04-21,"C07",15.3873827914286
2014-04-21,"C08",17.9013711
2014-04-21,"C09",8.72118939692308
2014-04-21,"C10",21.86047596
2014-04-21,"C11",18.45304092
2014-04-21,"C12",13.0875729
2014-04-22,"C01",17.48831154
2014-04-22,"C02",6.23059129714286
2014-04-22,"C03",235.395078
2014-04-22,"C04",21.08979
2014-04-22,"C05",17.42815104
2014-04-22,"C06",18.76150344
2014-04-22,"C07",11.65021218
2014-04-22,"C08",12.14300088
2014-04-22,"C09",7.41754423714286
2014-04-22,"C10",16.12228326
2014-04-22,"C11",13.69316862
2014-04-22,"C12",9.73535454
2014-04-23,"C01",16.99712592
2014-04-23,"C02",0.43402008
2014-04-23,"C03",191.060889411429
2014-04-23,"C04",20.00167716
2014-04-23,"C05",16.220067
2014-04-23,"C06",17.01614736
2014-04-23,"C07",12.2205519
2014-04-23,"C08",13.8697389
2014-04-23,"C09",2.14212908142857
2014-04-23,"C10",15.98145102
2014-04-23,"C11",11.83271178
2014-04-23,"C12",11.92858692
2014-04-24,"C01",20.48113008
2014-04-24,"C02",5.75000736
2014-04-24,"C03",77.501745
2014-04-24,"C04",23.23835178
2014-04-24,"C05",17.99338548
2014-04-24,"C06",19.01936682
2014-04-24,"C07",12.8594925
2014-04-24,"C08",12.03298494
2014-04-24,"C09",10.5853270338461
2014-04-24,"C10",17.29780536
2014-04-24,"C11",15.3083991
2014-04-24,"C12",13.78544964
2014-04-25,"C01",8.83030794
2014-04-25,"C02",0.27856122
2014-04-25,"C03",263.761806
2014-04-25,"C04",10.574259
2014-04-25,"C05",8.35309152
2014-04-25,"C06",8.43687054
2014-04-25,"C07",5.37132896571429
2014-04-25,"C08",6.8130444
2014-04-25,"C09",3.32910917142857
2014-04-25,"C10",8.43821184
2014-04-25,"C11",5.75715009428571
2014-04-25,"C12",7.34986596
2014-04-26,"C01",6.11567856
2014-04-26,"C02",0.01239744
2014-04-26,"C03",324.72936
2014-04-26,"C04",6.62307528
2014-04-26,"C05",4.28586252
2014-04-26,"C06",5.72657694
2014-04-26,"C07",3.50890776
2014-04-26,"C08",3.80526816
2014-04-26,"C09",2.2801683210989
2014-04-26,"C10",5.5829229
2014-04-26,"C11",3.58273788
2014-04-26,"C12",4.13687778
2014-04-27,"C01",6.29053698
2014-04-27,"C02",0.13637382
2014-04-27,"C03",307.9497948
2014-04-27,"C04",6.64352148
2014-04-27,"C05",3.48830874
2014-04-27,"C06",5.43205014
2014-04-27,"C07",3.31608012
2014-04-27,"C08",3.09567126
2014-04-27,"C09",6.1851873
2014-04-27,"C10",5.1448254
2014-04-27,"C11",4.09339644
2014-04-27,"C12",3.35804592
2014-04-28,"C01",10.49784438
2014-04-28,"C02",1.63098492
2014-04-28,"C03",273.8819178
2014-04-28,"C04",12.185667
2014-04-28,"C05",9.04128984
2014-04-28,"C06",10.40196654
2014-04-28,"C07",6.3603843
2014-04-28,"C08",7.5124005
2014-04-28,"C09",5.3366394389011
2014-04-28,"C10",9.53444064
2014-04-28,"C11",6.73973046
2014-04-28,"C12",7.78122792
2014-04-29,"C01",17.61053322
2014-04-29,"C02",5.8581936
2014-04-29,"C03",146.2967226
2014-04-29,"C04",19.01274492
2014-04-29,"C05",13.00516266
2014-04-29,"C06",19.16226978
2014-04-29,"C07",12.84745254
2014-04-29,"C08",9.98026734
2014-04-29,"C09",11.6694557828571
2014-04-29,"C10",14.71958298
2014-04-29,"C11",14.40911688
2014-04-29,"C12",9.01487184
2014-04-30,"C01",10.48933968
2014-04-30,"C02",2.26653215571429
2014-04-30,"C03",206.5000032
2014-04-30,"C04",12.49791114
2014-04-30,"C05",9.9107556
2014-04-30,"C06",10.37854446
2014-04-30,"C07",7.60195926
2014-04-30,"C08",7.56270264
2014-04-30,"C09",1.23203178428571
2014-04-30,"C10",9.30932538
2014-04-30,"C11",6.21466284
2014-04-30,"C12",8.57436312
