"chamber","leaf","Obs","HHMMSS","FTime","EBal.","Photo","Cond","Ci","Trmmol","VpdL","CTleaf","Area","BLC_1","StmRat","BLCond","Tair","Tleaf","TBlk","CO2R","CO2S","H2OR","H2OS","RH_R","RH_S","Flow","PARi","PARo","Press","CsMch","HsMch","StableF","BLCslope","BLCoffst","f_parin","f_parout","alphaK","Status","fda","Trans","Tair_K","Twall_K","R.W.m2.","Tl.Ta","SVTleaf","h2o_i","h20diff","CTair","SVTair","CndTotal","vp_kPa","VpdA","CndCO2","Ci_Pa","Ci.Ca","RHsfc","C2sfc","AHs.Cs","temp"
"ch02","shade",23,"10:21:47",7124.5,0,11.82109636,0.124556746,239.1803643,1.781221111,1.475026421,25.40613747,6,1.420000017,1,2.840000033,22.0852375,25.40613747,20.41889,419.4219971,404.3702393,15.49023342,17.59039497,58.84716034,66.82563782,499.9297485,1800.150391,56.98186111,101.331543,0.195217133,0.691578627,1,-0.219565243,2.737391472,1,0,0.159999996,111115,0.833216248,0.001781221,298.5561375,295.2352375,288.0240561,2.03680819,3.257488285,32.14683394,14.55643897,23.74568748,2.949526046,0.119323456,1.782461864,1.167064182,0.075030321,24.23651536,0.591488544,55.51512499,398.7510562,0.016457628,"elevated"
"ch02","shade",24,"10:24:16",7273,0,-0.485383414,0.131122014,54.15871481,1.761168636,1.388721971,25.11734772,6,1.420000017,1,2.840000033,21.28900337,25.11734772,19.53801537,48.67710114,49.15576172,15.81742382,17.89338493,63.0911026,71.37150574,499.9097595,1799.388916,62.15320969,101.33741,4.056358337,0.710339308,1,-0.219565243,2.737391472,1,0,0.159999996,111115,0.833182933,0.001761169,298.2673477,294.4390034,287.9022201,1.981647097,3.201991256,31.59732676,13.70394182,23.20317554,2.854584027,0.125335317,1.813269285,1.041314742,0.0788347,5.488303886,1.101777552,57.49157726,49.38648975,-0.005650423,"elevated"
"ch02","shade",25,"10:26:45",7422.5,0,1.54882381,0.150369314,79.80924499,1.908066676,1.320358228,24.99863052,6,1.420000017,1,2.840000033,21.20675278,24.99863052,19.56072807,101.0186157,98.93334198,16.09681511,18.34466362,64.53229523,73.54395294,499.9617615,1798.776611,64.50393677,101.3406296,3.917419434,0.717489958,1,-0.219565243,2.737391472,1,0,0.159999996,111115,0.833269602,0.001908067,298.1486305,294.3567528,287.8042514,1.909417246,3.179417988,31.37357644,13.02891282,23.10269165,2.837295449,0.142808064,1.859059761,0.978235688,0.089904909,8.087919134,0.80669715,59.55449164,98.19710532,0.009393293,"elevated"
"ch02","shade",26,"10:29:14",7571,0,3.702739637,0.174694406,106.4307289,2.110855944,1.267200584,24.97768974,6,1.420000017,1,2.840000033,21.19155502,24.97768974,19.5591507,149.4957581,144.6850128,16.34468651,18.83051491,65.58557129,75.56034088,499.8995361,1800.075928,68.48420715,101.3381805,3.771560669,0.729788542,1,-0.219565243,2.737391472,1,0,0.159999996,111115,0.833165894,0.002110856,298.1276897,294.341555,288.012142,1.80683723,3.175450703,31.33518567,12.50467077,23.08462238,2.834196309,0.164571279,1.908250119,0.925946189,0.103721043,10.78549642,0.735602996,61.43908555,142.9249077,0.015916955,"elevated"
"ch02","shade",27,"10:31:43",7720.5,0,6.990652146,0.203630162,159.0182203,2.315029616,1.203587976,24.88431931,6,1.420000017,1,2.840000033,21.198452,24.88431931,19.56245804,229.9909973,220.9870453,16.5588665,19.28371239,66.41857147,77.34809113,499.9300537,1799.441772,75.6362381,101.3407593,3.208480835,0.727055311,1,-0.219565243,2.737391472,1,0,0.159999996,111115,0.833216756,0.00231503,298.0343193,294.348452,287.9106772,1.712700641,3.157814031,31.16035496,11.87664258,23.04138565,2.826792603,0.190006548,1.954226055,0.872566548,0.11990729,16.11502719,0.719581639,63.51519347,217.6640241,0.02039899,"elevated"
"ch02","shade",28,"10:34:13",7870.5,0,10.71734051,0.21556615,226.6143104,2.424606071,1.194981867,25.01679802,6,1.420000017,1,2.840000033,21.23030472,25.01679802,19.56098747,330.3205566,316.5367432,16.76441574,19.61728668,67.1067276,78.52655792,499.9262695,1799.984375,91.19935608,101.3331528,2.154678345,0.723873854,1,-0.219565243,2.737391472,1,0,0.159999996,111115,0.833210449,0.002424606,298.166798,294.3803047,287.9974936,1.642404681,3.182863376,31.40989191,11.79260523,23.12355137,2.840876878,0.200358243,1.987881508,0.852995369,0.126506855,22.96354253,0.715917868,64.19083606,311.4422328,0.022089331,"elevated"
"ch02","shade",29,"10:36:42",8019,0,13.06537529,0.207158713,289.437725,2.307948669,1.180412202,24.93714905,6,1.420000017,1,2.840000033,21.09626198,24.93714905,19.36297607,420.0080261,403.2104187,16.89784241,19.61345673,68.19538116,79.15490723,499.927063,1801.000488,95.8164444,101.3268738,0.763198853,0.737749815,1,-0.219565243,2.737391472,1,0,0.159999996,111115,0.833211772,0.002307949,298.087149,294.246262,288.1600717,1.698791054,3.167782456,31.26300396,11.64954724,23.01670551,2.822574053,0.193075189,1.987370254,0.835203799,0.121862927,29.32781983,0.717832952,64.36373044,396.999765,0.021182287,"elevated"
"ch02","shade",30,"10:39:17",8174.5,0,15.39054171,0.183711332,477.5911837,2.102869442,1.203567074,24.95619583,6,1.420000017,1,2.840000033,20.9150486,24.95619583,19.1670208,649.8199463,629.7585449,16.94547081,19.42035103,69.15384674,79.25374603,499.9104919,1801.219238,110.8998032,101.3275223,-3.753829956,0.750048399,0.666666687,-0.219565243,2.737391472,1,0,0.159999996,111115,0.833184153,0.002102869,298.1061958,294.0650486,288.1950717,1.780189076,3.171383126,31.29833884,11.87798781,22.93562222,2.808753314,0.1725496,1.967816051,0.840937262,0.108793683,48.39313131,0.758371899,63.42746392,622.4426185,0.015683101,"elevated"
"ch02","shade",31,"10:41:46",8323.5,0,16.52691834,0.155288651,782.934056,1.845910984,1.238222296,25.01777649,6,1.420000017,1,2.840000033,20.9461689,25.01777649,19.17047691,1000.731873,978.7268677,17.01997566,19.19302177,69.32672882,78.17810822,499.8924866,1799.201782,85.29702759,101.3298874,-12.95170593,0.754215956,1,-0.219565243,2.737391472,1,0,0.159999996,111115,0.833154144,0.001845911,298.1677765,294.0961689,287.8722787,1.906171875,3.183049031,31.41273629,12.21971452,22.98197269,2.816646538,0.14723782,1.944826735,0.871819803,0.092714604,79.33461973,0.799951531,62.158768,970.8707622,0.01058115,"elevated"
"ch02","shade",32,"10:44:23",8480,0,17.6664052,0.126669844,923.2861979,1.567451147,1.276408239,25.11444092,6,1.420000017,1,2.840000033,20.98676682,25.11444092,19.16925049,1199.956909,1176.53833,17.15591431,19.00157928,69.69182587,77.18939209,499.874176,1800.195923,147.111084,101.308876,-18.97502136,0.762451887,1,-0.219565243,2.737391472,1,0,0.159999996,111115,0.833123627,0.001567451,298.2644409,294.1367668,288.0313412,2.045452111,3.20143688,31.6007541,12.59917481,23.05060387,2.828369677,0.121261339,1.92502864,0.903341037,0.076256382,93.53708697,0.784748082,60.84174481,1168.140567,0.009201418,"elevated"
"ch02","shade",33,"10:46:52",8629.5,0,18.25522836,0.105617304,1448.60591,1.576529177,1.531013394,25.04084969,6,1.420000017,1,2.840000033,20.97870827,25.04084969,19.16197205,1798.932251,1773.665039,14.48829937,16.34960556,58.88642502,66.45154572,499.8920288,1800.108154,111.1242676,101.3123093,-40.22892761,0.772810698,1,-0.219565243,2.737391472,1,0,0.159999996,111115,0.833153381,0.001576529,298.1908497,294.1287083,288.0172982,2.049665815,3.187429689,31.46142569,15.11182013,23.00977898,2.821391097,0.101830317,1.656416295,1.164974803,0.063973685,146.7616099,0.816730261,52.55520923,1764.987378,0.005435775,"elevated"
"ch07","shade",12,"9:30:53",4507,0,15.0149704,0.127701269,198.5400776,1.930658288,1.563135423,24.98970795,6,1.420000017,1,2.840000033,24.29700851,24.98970795,24.48219681,420.380249,401.4455261,13.65429592,15.93257236,45.38510132,52.95779419,500.3513794,1798.817139,71.52155304,101.3390427,1.499809265,-0.332604617,1,-0.219565243,2.737391472,1,0,0.159999996,111115,0.833918966,0.001930658,298.1397079,297.4470085,287.8107358,2.307676877,3.177727054,31.35738182,15.42480945,24.64335823,3.112694025,0.122206237,1.614591631,1.498102394,0.076854289,20.11986139,0.494562935,51.78630606,394.3081283,0.019719854,"ambient"
"ch07","shade",13,"9:33:22",4655.5,0,-0.109806156,0.135155579,51.26093366,2.036962809,1.562226534,24.97957802,6,1.420000017,1,2.840000033,24.28339577,24.97957802,24.48175812,51.18706131,51.19368744,13.51878643,15.92215729,44.97262955,52.9678688,500.4296265,1800.55896,70.89739227,101.3419037,1.210388184,-0.337115496,1,-0.219565243,2.737391472,1,0,0.159999996,111115,0.834049377,0.002036963,298.129578,297.4333958,288.0894272,2.255011085,3.175808264,31.33756273,15.41540545,24.63148689,3.110485754,0.129015722,1.61358173,1.496904024,0.081164856,5.194880602,1.001313565,51.90677447,51.24588403,-0.001112223,"ambient"
"ch07","shade",14,"9:35:51",4805,0,2.011423314,0.158170245,73.47641379,2.33516516,1.54191652,25.01910782,6,1.420000017,1,2.840000033,24.3213501,25.01910782,24.48431396,99.58502197,96.9019165,13.44174862,16.19636345,44.61515045,53.75812912,500.3989563,1799.094238,73.80579376,101.3428192,1.611694336,-0.344865054,1,-0.219565243,2.737391472,1,0,0.159999996,111115,0.83399826,0.002335165,298.1691078,297.4713501,287.8550717,2.096070541,3.183301653,31.41122062,15.21485717,24.67022896,3.117697498,0.149825881,1.641385133,1.476312365,0.094356741,7.44630692,0.758255527,52.9989023,95.94578219,0.011110778,"ambient"
"ch07","shade",15,"9:38:20",4953.5,0,4.761503936,0.190096547,99.41407057,2.719494424,1.509471741,25.08641052,6,1.420000017,1,2.840000033,24.37275314,25.08641052,24.48049164,150.9229431,144.7419434,13.43746376,16.64386749,44.46081161,55.06990433,500.4169922,1800.217773,72.9906311,101.3360367,1.812255859,-0.357371539,1,-0.219565243,2.737391472,1,0,0.159999996,111115,0.83402832,0.002719494,298.2364105,297.5227531,288.0348373,1.895034671,3.196095308,31.53957282,14.89570532,24.72958183,3.12877424,0.178170625,1.686623567,1.442150673,0.112370029,10.0742279,0.686836644,54.64155718,142.4785524,0.018260713,"ambient"
"ch07","shade",16,"9:40:49",5103,0,9.062612204,0.208192429,140.0004172,2.90308566,1.479942619,25.04949379,6,1.420000017,1,2.840000033,24.37036896,25.04949379,24.48103714,229.8935699,218.2676239,13.44432449,16.86645317,44.48856354,55.81271362,500.411499,1800.40625,78.31201172,101.3330765,2.027587891,-0.357085437,1,-0.219565243,2.737391472,1,0,0.159999996,111115,0.834019165,0.002903086,298.1994938,297.520369,288.0649936,1.804252749,3.189072208,31.47118709,14.60473392,24.70993137,3.125103166,0.193972826,1.709129589,1.415973577,0.122435104,14.18667299,0.641416325,55.69203602,213.9596921,0.023589271,"ambient"
"ch07","shade",17,"9:43:18",5251.5,0,13.20950544,0.186004154,187.374281,2.687682433,1.522371871,25.16190529,6,1.420000017,1,2.840000033,24.31802177,25.16190529,24.28533745,330.3368835,313.4885864,13.49077797,16.6595993,44.78143692,55.30005646,500.4207764,1799.187988,76.70657349,101.3306351,2.071594238,-0.35168764,1,-0.219565243,2.737391472,1,0,0.159999996,111115,0.834034627,0.002687682,298.3119053,297.4680218,287.8700717,1.891924513,3.210499648,31.68340597,15.02380667,24.73996353,3.130715256,0.174570744,1.688127778,1.442587479,0.110079388,18.98675489,0.597706868,54.39384616,307.2094202,0.023388469,"ambient"
"ch07","shade",18,"9:45:47",5400.5,0,15.89695946,0.159743065,225.018428,2.35983469,1.543236555,25.11647797,6,1.420000017,1,2.840000033,23.97951126,25.11647797,23.67819023,419.84198,399.6502991,13.58456516,16.36775589,46.01895523,55.44726944,500.4061279,1800.037964,80.17301178,101.332695,2.075286865,-0.3252289,1,-0.219565243,2.737391472,1,0,0.159999996,111115,0.834010213,0.002359835,298.266478,297.1295113,288.0060678,2.025662059,3.201825371,31.59715993,15.22940404,24.54799461,3.094993417,0.151236388,1.658588816,1.436404602,0.095251897,22.80172373,0.563038307,53.24678082,392.0936459,0.021588259,"ambient"
"ch07","shade",19,"9:48:16",5550,0,20.52942495,0.141608182,368.8489419,2.115601579,1.551459308,25.06432343,6,1.420000017,1,2.840000033,23.91053772,25.06432343,23.69348907,649.2698364,623.071167,13.69294262,16.18880844,46.57810593,55.0680809,500.3520203,1800.458496,70.59638214,101.3312683,1.708648682,-0.315280169,1,-0.219565243,2.737391472,1,0,0.159999996,111115,0.833920034,0.002115602,298.2143234,297.0605377,288.0733529,2.152022699,3.1918918,31.49957415,15.31076571,24.48743057,3.083797757,0.134882658,1.640432492,1.443365266,0.084881166,37.3759311,0.591985252,52.57134005,613.3124616,0.017597219,"ambient"
"ch07","shade",20,"9:50:48",5701.5,0,22.59915413,0.116395163,629.8374972,1.771163216,1.567289853,24.96681595,6,1.420000017,1,2.840000033,23.84277344,24.96681595,23.69920158,1000.732117,971.5722046,13.7599287,15.8499136,46.99737167,54.13576508,500.4123535,1799.224731,92.50717163,101.3319397,0.703643799,-0.303692073,0.666666687,-0.219565243,2.737391472,1,0,0.159999996,111115,0.834020589,0.001771163,298.1168159,296.9927734,287.8759506,2.334061803,3.173392342,31.31680249,15.46688889,24.40479469,3.068579084,0.111812612,1.606102489,1.462476595,0.070280638,63.82265529,0.648266278,51.4100741,960.8296491,0.012091885,"ambient"
"ch07","shade",21,"9:53:37",5871,0,21.74330336,0.095564455,771.7225832,1.50768489,1.613380756,25.11201096,6,1.420000017,1,2.840000033,23.8860569,25.11201096,23.6982708,1199.674683,1171.483887,13.8881073,15.66767979,47.31057358,53.37277985,500.3661194,1800.085571,81.92636871,101.329155,-0.480438232,-0.289648265,1,-0.219565243,2.737391472,1,0,0.159999996,111115,0.833943532,0.001507685,298.262011,297.0360569,288.013685,2.459005422,3.200973509,31.58985693,15.92217715,24.49903393,3.085939968,0.092453446,1.587592753,1.498347215,0.058055081,78.19799722,0.658756464,50.05793016,1161.148162,0.009373694,"ambient"
"ch07","shade",22,"9:56:06",6019.5,0,22.13213557,0.079869363,1275.969663,1.281879367,1.632572722,25.15149117,6,1.420000017,1,2.840000033,23.68952179,25.15149117,23.30670166,1799.324951,1770.064941,14.03934765,15.55257416,48.39488983,53.61111832,500.3650818,1798.750122,78.49306488,101.329628,-3.323699951,-0.277286738,1,-0.219565243,2.737391472,1,0,0.159999996,111115,0.833941803,0.001281879,298.3014912,296.8395218,287.8000131,2.542680045,3.208509275,31.6640783,16.11150415,24.42050648,3.071467586,0.077684636,1.575936554,1.495531033,0.048744566,129.2935313,0.720860367,49.31259142,1759.544384,0.006202702,"ambient"
"ch09","shade",12,"9:33:32",4229,0,13.40785726,0.125346025,218.9407112,1.589015443,1.307819991,25.06652641,6,1.420000017,1,2.840000033,24.67332458,25.06652641,24.83215332,419.9613953,403.1023254,16.72386169,18.5953331,54.35159683,60.43377304,499.9703979,1798.717651,128.5310822,101.3421402,-0.519611359,0.570009947,1,-0.219565243,2.737391472,1,0,0.159999996,111115,0.833283997,0.001589015,298.2165264,297.8233246,287.7948178,2.525977884,3.192310845,31.50032986,12.90499676,24.8699255,3.155102826,0.120047613,1.884490854,1.270611972,0.075488452,22.18792025,0.543139291,59.75587858,396.7288722,0.020195109,"ambient"
"ch09","shade",13,"9:36:01",4378.5,0,-0.387489092,0.133589404,53.66955751,1.728540953,1.33864389,25.12404251,6,1.420000017,1,2.840000033,24.35052299,25.12404251,24.22590256,49.59618378,49.95756531,16.3630352,18.39922714,54.2163353,60.9629364,499.9736328,1798.577393,130.0185394,101.3425446,3.836910248,0.586779356,1,-0.219565243,2.737391472,1,0,0.159999996,111115,0.833289388,0.001728541,298.2740425,297.500523,287.7723764,2.401387034,3.203268386,31.60832797,13.20910083,24.73728275,3.130213943,0.127587859,1.864624496,1.265589447,0.080260737,5.439009523,1.074302904,59.06393071,50.14175906,-0.004564385,"ambient"
"ch09","shade",14,"9:38:30",4527,0,1.846652419,0.149111133,75.40917509,1.928137982,1.344935013,25.0473938,6,1.420000017,1,2.840000033,24.29348373,25.0473938,24.24504471,100.4322891,97.98943329,15.92226982,18.19407654,52.93380356,60.48645782,499.969635,1800.136963,144.1312561,101.3372726,3.624797821,0.58613658,1,-0.219565243,2.737391472,1,0,0.159999996,111115,0.833282725,0.001928138,298.1973938,297.4434837,288.0219076,2.303034274,3.188673108,31.4659456,13.27186906,24.67043877,3.117736593,0.141672758,1.843738095,1.273998498,0.089185014,7.641760136,0.769564356,58.90516399,97.11162317,0.011201271,"ambient"
"ch09","shade",15,"9:40:59",4676.5,0,4.232868697,0.167942186,99.24513969,2.174854401,1.355491854,25.04117393,6,1.420000017,1,2.840000033,24.29743958,25.04117393,24.24477386,149.7207642,144.2644653,15.51553345,18.07834244,51.56908417,60.0871048,499.967804,1799.115479,126.845459,101.3366928,3.250545502,0.590759993,1,-0.219565243,2.737391472,1,0,0.159999996,111115,0.833279673,0.002174854,298.1911739,297.4474396,287.8584701,2.173599562,3.187491289,31.45446334,13.3761209,24.66930676,3.117525662,0.158565484,1.831999434,1.285526228,0.099905265,10.05717423,0.687938915,58.82931367,142.2523623,0.017505281,"ambient"
"ch09","shade",16,"9:43:28",4825,0,7.901669753,0.184435327,143.4631548,2.39981819,1.369349478,25.08684921,6,1.420000017,1,2.840000033,24.32219315,25.08684921,24.24407387,229.9302521,219.8146362,15.19984055,18.02787209,50.44338608,59.82871246,499.9706421,1799.70874,123.2480927,101.3336105,2.473934174,0.590824842,1,-0.219565243,2.737391472,1,0,0.159999996,111115,0.833284403,0.002399818,298.2368492,297.4721931,287.953392,2.054211195,3.196178846,31.54115233,13.51328025,24.70452118,3.124093102,0.17318814,1.826829369,1.297263733,0.109199847,14.53763945,0.652655152,58.74689179,216.0585609,0.021484848,"ambient"
"ch09","shade",17,"9:45:57",4974.5,0,11.98417717,0.182475927,198.9409271,2.419826423,1.394789267,25.12036896,6,1.420000017,1,2.840000033,24.34490204,25.12036896,24.24375916,330.8588257,315.5612183,14.98768806,17.8397274,49.67208099,59.12428665,499.9911499,1799.035645,131.0269318,101.3344116,1.173427582,0.591490507,1,-0.219565243,2.737391472,1,0,0.159999996,111115,0.833318583,0.002419826,298.270369,297.494902,287.8456967,2.040902211,3.202567547,31.6039487,13.7642213,24.7326355,3.12934506,0.171459309,1.80777828,1.32156678,0.108100228,20.1595618,0.630435287,58.03982523,309.8645144,0.022447215,"ambient"
"ch09","shade",18,"9:48:26",5123,0,14.72812394,0.169524764,248.0690178,2.285708717,1.412395219,25.04837227,6,1.420000017,1,2.840000033,24.19480896,25.04837227,24.05018616,420.3218689,401.545166,14.8355341,17.53052711,49.61271667,58.62526321,499.9580383,1800.156494,134.919342,101.3354492,-0.225437164,0.603285551,1,-0.219565243,2.737391472,1,0,0.159999996,111115,0.833263397,0.002285709,298.1983723,297.344809,288.0250326,2.102883883,3.188859059,31.4683468,13.93781969,24.62159061,3.108645925,0.159975534,1.77646384,1.332182085,0.100800929,25.13818536,0.617786089,57.15365221,394.5441213,0.021335157,"ambient"
"ch09","shade",19,"9:51:07",5284,0,18.56901887,0.159602303,418.8820236,2.195278344,1.436220999,25.06250954,6,1.420000017,1,2.840000033,24.18712807,25.06250954,24.05030441,649.977356,626.0438843,14.73322868,17.32208633,49.29285812,57.95437622,499.9699097,1798.911743,137.2280273,101.334549,-5.128513336,0.610506773,1,-0.219565243,2.737391472,1,0,0.159999996,111115,0.833283183,0.002195278,298.2125095,297.3371281,287.8258725,2.144781578,3.191546804,31.49514985,14.17306352,24.6248188,3.109245977,0.151110212,1.755325806,1.353920172,0.095171816,42.44722092,0.669093707,56.32762995,617.217062,0.016946207,"ambient"
"ch09","shade",20,"9:53:37",5434.5,0,19.13372214,0.144313365,733.8529053,2.038561437,1.46759287,25.10838699,6,1.420000017,1,2.840000033,24.1929245,25.10838699,24.0512886,1000.722046,975.3741455,14.69388771,17.09846687,49.1448288,57.18712616,499.9723511,1798.739136,139.3577728,101.335968,-14.36984634,0.61642909,0.666666687,-0.219565243,2.737391472,1,0,0.159999996,111115,0.833287252,0.002038561,298.258387,297.3429245,287.7982553,2.220752065,3.200282562,31.5809147,14.48244783,24.65065575,3.114052167,0.137334759,1.732689692,1.381362474,0.086435066,74.36569454,0.752380929,55.27065417,966.2788904,0.01094439,"ambient"
"ch09","shade",21,"9:56:06",5583,0,19.9380117,0.129075344,891.3208597,1.858750506,1.488537357,25.1159687,6,1.420000017,1,2.840000033,23.84377861,25.1159687,23.45994377,1199.334717,1172.79248,14.71406937,16.90691757,50.25264359,57.74183273,499.9866638,1799.016235,144.5719299,101.3307648,-20.28061295,0.621592283,1,-0.219565243,2.737391472,1,0,0.159999996,111115,0.833311106,0.001858751,298.2659687,296.9937786,287.8425912,2.267387428,3.201728244,31.59680331,14.68988574,24.47987366,3.082403299,0.12346402,1.713190887,1.369212412,0.077650271,90.31822437,0.759998785,54.42416219,1163.314905,0.009327737,"ambient"
"ch09","shade",22,"9:58:35",5732.5,0,19.84506678,0.115724719,1449.468759,1.682858195,1.496622777,25.07409096,6,1.420000017,1,2.840000033,23.78927803,25.07409096,23.46359444,1799.597656,1772.2052,14.76231003,16.74788475,50.58449173,57.38825226,500.0085449,1799.234497,154.3357086,101.3338318,-41.21286392,0.62673068,1,-0.219565243,2.737391472,1,0,0.159999996,111115,0.833347575,0.001682858,298.224091,296.939278,287.8775131,2.358202403,3.193750113,31.51711582,14.76923107,24.43168449,3.073524034,0.111193779,1.697127336,1.376396698,0.069889464,146.8802234,0.817889914,53.86028372,1762.771806,0.006063524,"ambient"
"ch11","shade",1,"11:22:18",487,0,17.07937713,0.234560857,263.8494482,3.735324763,1.710062846,25.16193771,6,1.420000017,1,2.840000033,24.19928551,25.16193771,23.847229,419.8929443,397.6141357,10.35943508,14.7758503,34.70682907,49.50297546,499.9709473,1800.448486,149.6858978,101.5469818,-0.715883255,0.547883272,1,-0.219565243,2.737391472,1,0,0.159999996,111115,0.833284912,0.003735325,298.3119377,297.3492855,288.0717514,1.331139351,3.210505847,31.61596524,16.84011494,24.68061161,3.119632685,0.21666601,1.500443001,1.619189684,0.136917808,26.79311512,0.66358166,49.63064584,389.4954178,0.021763042,"ambient"
"ch11","shade",2,"11:24:47",636,0,-0.224752333,0.226081106,49.71290683,3.607980254,1.709433494,25.01150894,6,1.420000017,1,2.840000033,23.96994781,25.01150894,23.65875053,49.30907059,49.36504364,10.23353386,14.50032806,34.75941086,49.25208282,500.0002136,1799.574951,146.9997101,101.5443573,3.374582291,0.559210062,1,-0.219565243,2.737391472,1,0,0.159999996,111115,0.833333689,0.00360798,298.1615089,297.1199478,287.9319858,1.385913388,3.181859988,31.33468046,16.83435239,24.49072838,3.084406466,0.209410749,1.472426494,1.611979972,0.132283871,5.048065173,1.007046751,49.06989023,49.47188014,-0.002229261,"ambient"
"ch11","shade",3,"11:27:17",786,0,2.627001001,0.246781132,76.62504157,3.843152887,1.67934145,24.92887878,6,1.420000017,1,2.840000033,24.21029472,24.92887878,24.05260468,100.8528519,97.2518158,10.09869003,14.64310741,33.80900192,49.0230751,499.9818726,1799.851685,149.6392975,101.5411987,3.18242836,0.547159433,1,-0.219565243,2.737391472,1,0,0.159999996,111115,0.833303121,0.003843153,298.0788788,297.3602947,287.9762631,1.307118829,3.16622013,31.18163041,16.538523,24.56958675,3.098993448,0.227051542,1.48687868,1.612114768,0.143557041,7.780598574,0.787903454,50.0567397,96.00306533,0.013697386,"ambient"
"ch11","shade",4,"11:29:47",936,0,5.43513959,0.270796811,104.8776495,4.099954798,1.645309449,24.84056664,6,1.420000017,1,2.840000033,24.3295517,24.84056664,24.25152016,150.0831299,142.8586273,9.968183517,14.81489086,33.13320541,49.24316025,500.0361023,1800.47998,144.3414612,101.5376816,2.850625992,0.54392457,1,-0.219565243,2.737391472,1,0,0.159999996,111115,0.833393504,0.004099955,297.9905666,297.4795517,288.0767904,1.202229175,3.14957912,31.01882051,16.20392965,24.58505917,3.101862553,0.247223779,1.504269671,1.597592882,0.15647289,10.64903338,0.734135918,51.18983864,140.2750223,0.019834174,"ambient"
"ch11","shade",5,"11:32:17",1085.5,0,9.704216877,0.285737146,153.6162258,4.318998906,1.650142619,24.95979118,6,1.420000017,1,2.840000033,24.53723145,24.95979118,24.4402523,230.2834473,217.5111237,9.883630753,14.98872471,32.4461937,49.20530319,500.0020752,1798.932495,143.9307098,101.5376968,2.113641739,0.531509638,1,-0.219565243,2.737391472,1,0,0.159999996,111115,0.833336792,0.004318999,298.1097912,297.6872314,287.8291928,1.096478717,3.172063204,31.24025168,16.25152697,24.74851131,3.132314184,0.259616679,1.521920585,1.610393599,0.16442105,15.59783776,0.706245378,51.61598915,212.8982037,0.023527336,"ambient"
"ch11","shade",6,"11:34:46",1234.5,0,14.22691892,0.271023851,214.4051446,4.233530991,1.697190289,25.12607956,6,1.420000017,1,2.840000033,24.57698441,25.12607956,24.44049835,331.0370789,312.3781128,9.831249237,14.83603764,32.19863892,48.58998489,500.0078125,1800.270996,137.8609619,101.5410461,0.724939346,0.541244745,1,-0.219565243,2.737391472,1,0,0.159999996,111115,0.833346354,0.004233531,298.2760796,297.7269844,288.0433529,1.126261262,3.203657071,31.55036503,16.71432739,24.85153198,3.151641199,0.247412998,1.506466782,1.645174417,0.156594169,21.77092268,0.686364172,50.49023756,305.6153169,0.023504074,"ambient"
"ch11","shade",7,"11:37:16",1385,0,16.82520673,0.230648784,264.5287004,3.773707665,1.754846925,25.13000107,6,1.420000017,1,2.840000033,24.05882263,25.13000107,23.65286446,420.6403809,398.6446838,9.813776016,14.27761173,33.15041351,48.22901535,499.9953003,1799.281616,132.6118622,101.52668,-0.518987656,0.561922312,1,-0.219565243,2.737391472,1,0,0.159999996,111115,0.8333255,0.003773708,298.2800011,297.2088226,287.8850522,1.294426854,3.204405443,31.56220063,17.28458889,24.59441185,3.103597981,0.213323826,1.449558517,1.654039463,0.134782727,26.85672071,0.663570119,48.16181253,390.6467864,0.020743354,"ambient"
"ch11","shade",8,"11:39:45",1534,0,19.40421831,0.205622954,448.5102455,3.474267443,1.797663054,25.16590691,6,1.420000017,1,2.840000033,24.03173065,25.16590691,23.66028786,650.1473999,624.2590942,9.812755585,13.92392635,33.1998024,47.10925293,499.987793,1800.26355,132.716629,101.5232086,-5.489202499,0.570904016,1,-0.219565243,2.737391472,1,0,0.159999996,111115,0.833312988,0.003474267,298.3159069,297.1817307,288.0421615,1.444139464,3.211264734,31.6308436,17.70691725,24.59881878,3.104415998,0.191740474,1.41360168,1.690814318,0.121012241,45.53419922,0.7184681,46.5828298,615.0352582,0.014696774,"ambient"
"ch11","shade",9,"11:42:34",1702.5,0,20.079586,0.172084736,751.000261,3.00258102,1.836494828,25.09049606,6,1.420000017,1,2.840000033,23.46968079,25.09049606,22.8781662,1000.292236,972.6900635,9.845164299,13.40023327,34.45402908,46.89530563,499.9642639,1799.838623,135.0679169,101.5190201,-14.51074791,0.592097521,1,-0.219565243,2.737391472,1,0,0.159999996,111115,0.833273773,0.003002581,298.2404961,296.6196808,287.9741733,1.625016332,3.196873378,31.49038846,18.09015519,24.28008842,3.045736797,0.162253288,1.36037855,1.685358246,0.102248032,76.24081058,0.772085877,44.59175861,963.14519,0.00929646,"ambient"
"ch11","shade",10,"11:45:03",1852,0,20.37766675,0.144975933,905.3647093,2.595158185,1.867677599,25.00199318,6,1.420000017,1,2.840000033,23.39909935,25.00199318,22.87766647,1199.226563,1171.125244,9.853915215,12.92795563,34.63033295,45.43366241,499.9819946,1799.588989,140.8641968,101.5147247,-20.4791317,0.603614092,1,-0.219565243,2.737391472,1,0,0.159999996,111115,0.833303324,0.002595158,298.1519932,296.5490993,287.9342318,1.840179263,3.180055456,31.32605111,18.39809548,24.20054626,3.03124493,0.137934664,1.312377857,1.718867073,0.086815285,91.90784925,0.773072491,42.85710104,1161.438677,0.007519361,"ambient"
"ch11","shade",11,"11:47:32",2000.5,0,20.71615703,0.122497149,1440.58204,2.243239139,1.896730489,24.92989731,6,1.420000017,1,2.840000033,23.47725105,24.92989731,23.07330322,1799.556519,1769.931396,9.849551201,12.50788307,34.45077133,43.74881744,499.9784241,1801.30481,143.5320892,101.5105438,-42.0256424,0.606878519,1,-0.219565243,2.737391472,1,0,0.159999996,111115,0.833297373,0.002243239,298.0798973,296.6272511,288.2087631,2.047655021,3.166412502,31.19294196,18.68505889,24.20357418,3.031795483,0.117431979,1.269682013,1.762113471,0.073833852,146.2342663,0.813919705,41.29254459,1760.083928,0.004860125,"ambient"
"ch01","shade",1,"8:34:53",2089,0,14.8982458,0.125665509,196.3762434,1.946179534,1.596289814,25.19861603,6,1.420000017,1,2.840000033,23.02789879,25.19861603,22.28741646,419.7443237,400.931488,13.73421192,16.03201485,49.17246628,57.39926529,500.0372314,1799.915405,45.91807175,101.1248245,2.759173393,0.313615739,1,-0.219565243,2.737391472,1,0,0.159999996,111115,0.833395386,0.00194618,298.348616,296.1778988,287.9864584,2.103338463,3.217524503,31.81735561,15.78534076,24.11325741,3.015411094,0.120340627,1.621234688,1.394176405,0.075673835,19.85851316,0.489800001,51.3253627,393.8495755,0.019414973,"ambient"
"ch01","shade",2,"8:37:22",2238.5,0,-0.399567954,0.132443641,54.1818599,1.994681078,1.556014807,25.06101418,6,1.420000017,1,2.840000033,22.57354546,25.06101418,21.71357727,50.11471176,50.47337341,13.8154211,16.17029381,50.84537506,59.51209641,500.0083008,1799.009155,52.58919525,101.1266479,4.906317711,0.328594148,1,-0.219565243,2.737391472,1,0,0.159999996,111115,0.833347168,0.001994681,298.2110142,295.7235455,287.8414584,2.035197475,3.191262416,31.55708689,15.38679308,23.81727982,2.962258976,0.126542329,1.635247609,1.327011367,0.079598793,5.479229871,1.073474116,52.27505335,50.66330888,-0.004122794,"ambient"
"ch01","shade",3,"8:39:51",2387,0,1.888309981,0.141747602,73.55207633,2.092590465,1.529891921,25.03777313,6,1.420000017,1,2.840000033,22.4446125,25.03777313,21.51629066,100.4006424,97.88889313,13.91493988,16.38487244,51.61453629,60.77623367,500.0064392,1799.515503,55.43190384,101.1270218,4.963957787,0.324933946,1,-0.219565243,2.737391472,1,0,0.159999996,111115,0.833344065,0.00209259,298.1877731,295.5946125,287.922474,1.97120613,3.186845273,31.51329107,15.12841864,23.74119282,2.948728254,0.135009144,1.656953352,1.291774903,0.084961311,7.438102426,0.751383267,53.1537577,96.991281,0.010348432,"ambient"
"ch01","shade",4,"8:42:20",2536.5,0,4.330729115,0.153700944,93.99453899,2.203766022,1.491739741,24.96149826,6,1.420000017,1,2.840000033,22.42571259,24.96149826,21.51861763,149.5996246,144.0224609,14.01906395,16.61936188,52.05991364,61.71614456,500.052124,1799.149292,53.6117363,101.1258087,4.874938011,0.317806184,1,-0.219565243,2.737391472,1,0,0.159999996,111115,0.833420207,0.002203766,298.1114983,295.5757126,287.8638803,1.920458087,3.172386151,31.37068758,14.7513257,23.69360542,2.94029318,0.145809715,1.68064641,1.25964677,0.091808651,9.50527377,0.652638056,54.29487418,141.9638397,0.016563119,"ambient"
"ch01","shade",5,"8:44:49",2685,0,8.194343896,0.163274428,131.517862,2.288769051,1.463058152,24.9112854,6,1.420000017,1,2.840000033,22.41422081,24.9112854,21.51886177,230.3433533,219.905838,14.10840797,16.80884933,52.42930222,62.46461487,499.984375,1799.121582,51.35169983,101.1277237,4.557143211,0.313838899,1,-0.219565243,2.737391472,1,0,0.159999996,111115,0.833307292,0.002288769,298.0612854,295.5642208,287.8594467,1.881396493,3.162898823,31.27627823,14.4674289,23.66275311,2.934835754,0.154397937,1.699840671,1.234995083,0.097258792,13.300102,0.59806444,55.18032187,216.0106394,0.020932605,"ambient"
"ch01","shade",6,"8:47:18",2834.5,0,12.79910972,0.167450984,179.8048072,2.3196269,1.447815312,24.88511467,6,1.420000017,1,2.840000033,22.53359604,24.88511467,21.71489334,330.2565613,314.0238953,14.17385674,16.91027641,52.29336166,62.3891716,500.011322,1799.60437,49.87041855,101.1307297,3.820357323,0.305845201,1,-0.219565243,2.737391472,1,0,0.159999996,111115,0.833352203,0.002319627,298.0351147,295.683596,287.9366928,1.885539725,3.157963905,31.22655117,14.31627476,23.70935535,2.943082585,0.15812753,1.710148593,1.232933993,0.099627103,18.18379135,0.572583201,55.63848066,307.9398115,0.023125396,"ambient"
"ch01","shade",7,"8:49:47",2983,0,16.45613808,0.161878827,221.6070358,2.258448388,1.455501461,24.90499115,6,1.420000017,1,2.840000033,22.53115082,24.90499115,21.71320343,420.2986755,399.467041,14.20614147,16.8707695,52.42200089,62.25472641,499.9602051,1800.205811,47.76832581,101.1340866,2.756972313,0.310434282,1,-0.219565243,2.737391472,1,0,0.159999996,111115,0.833267008,0.002258448,298.0549911,295.6811508,288.0329232,1.915586548,3.161711325,31.26256864,14.39179914,23.71807098,2.944627169,0.153149376,1.706209864,1.238417305,0.09646615,22.41202515,0.554756746,55.37322915,391.6445811,0.023266746,"ambient"
"ch01","shade",8,"8:52:20",3136.5,0,21.13305258,0.151575934,378.2439629,2.139674863,1.46776219,24.89830399,6,1.420000017,1,2.840000033,22.52596664,24.89830399,21.71404457,650.3036499,623.3417358,14.21203136,16.73683167,52.46098709,61.78080368,499.9674988,1800.392212,49.50485611,101.1355057,-0.719834328,0.311792314,1,-0.219565243,2.737391472,1,0,0.159999996,111115,0.833279165,0.002139675,298.048304,295.6759666,288.0627475,1.978239758,3.160450124,31.24965958,14.51282792,23.71213531,2.943575173,0.143895947,1.692687934,1.250887239,0.090594811,38.25389445,0.606800317,54.82769609,613.2960948,0.018892613,"ambient"
"ch01","shade",9,"8:54:49",3285,0,22.35514296,0.134895898,676.1966856,1.96870424,1.509000655,25.00862312,6,1.420000017,1,2.840000033,22.67890358,25.00862312,21.90185547,1001.288391,972.1629639,14.21181583,16.5354023,51.9752388,60.47303009,499.9558105,1799.601074,48.69596863,101.1352463,-8.3595438,0.314462602,0.666666687,-0.219565243,2.737391472,1,0,0.159999996,111115,0.833259684,0.001968704,298.1586231,295.8289036,287.9361654,2.071044921,3.181312638,31.45602305,14.92062075,23.84376335,2.966981323,0.128779078,1.672311984,1.294669339,0.081015004,68.38731833,0.695558986,53.60427993,961.5363996,0.012462673,"ambient"
"ch01","shade",10,"8:57:20",3436.5,0,22.94960189,0.116618144,818.7567482,1.765338002,1.55552778,25.13684464,6,1.420000017,1,2.840000033,22.70103073,25.13684464,21.90155602,1199.638306,1169.622192,14.23321819,16.31697845,51.98250198,59.59280014,500.019043,1799.066895,44.62606049,101.1329422,-13.23686314,0.329608858,0.666666687,-0.219565243,2.737391472,1,0,0.159999996,111115,0.833365072,0.001765338,298.2868446,295.8510307,287.8506967,2.161467026,3.205711819,31.69799819,15.38101974,23.91893768,2.980421732,0.112018364,1.650184039,1.330237693,0.070410702,82.80327889,0.700018137,52.24378374,1158.713051,0.010347463,"ambient"
"ch01","shade",11,"8:59:56",3592,0,22.78336461,0.0996021,1352.744911,1.499326381,1.53856427,24.89380264,6,1.420000017,1,2.840000033,21.928339,24.89380264,20.72653961,1798.963623,1768.441284,14.25791836,16.02830315,54.5807991,61.35801697,499.9912109,1799.312744,43.72086716,101.1359177,-31.30839539,0.343688905,1,-0.219565243,2.737391472,1,0,0.159999996,111115,0.833318685,0.001499326,298.0438026,295.078339,287.8900326,2.232778503,3.159601417,31.24114054,15.21283739,23.41107082,2.89064587,0.096227297,1.621037147,1.269608723,0.060436426,136.8110979,0.764936288,51.81622663,1757.611164,0.006716776,"ambient"
"ch03","shade",1,"8:26:40",1502.5,0,11.13608813,0.117364817,241.24372,1.790214163,1.568212433,24.94815826,6,1.420000017,1,2.840000033,23.0389328,24.94815826,22.12888718,420.8424988,406.6161194,13.72702026,15.83969879,49.10974884,56.6680603,500.3670044,1799.75061,42.56762695,101.1162415,-8.004885674,-0.232053041,1,-0.219565243,2.737391472,1,0,0.159999996,111115,0.833945007,0.001790214,298.0981583,296.1889328,287.9600912,2.220613806,3.16986324,31.34870516,15.50900637,23.99354553,2.993813467,0.112707123,1.601650808,1.392162659,0.070846115,24.39365824,0.593296007,51.34276167,401.3225564,0.014246832,"ambient"
"ch03","shade",2,"8:29:09",1652,0,-0.774693763,0.117981726,60.56749409,1.771338758,1.544010781,24.8571434,6,1.420000017,1,2.840000033,22.96570969,24.8571434,22.13656425,50.25606918,51.07648468,13.81868076,15.9088192,49.65868378,57.16978455,500.3952332,1798.90564,47.54438019,101.1191406,-3.961256981,-0.240869761,1,-0.219565243,2.737391472,1,0,0.159999996,111115,0.833992055,0.001771339,298.0071434,296.1157097,287.8248959,2.231743923,3.152696906,31.17804292,15.26922372,23.91142654,2.979076427,0.11327592,1.608686126,1.370390301,0.071205715,6.124532952,1.18581955,51.84537225,51.44473699,-0.007807268,"ambient"
"ch03","shade",3,"8:31:38",1800.5,0,1.046530794,0.132738578,82.7010975,1.954042062,1.521292425,24.87627411,6,1.420000017,1,2.840000033,23.17664337,24.87627411,22.53014565,99.51869202,98.03424072,13.86350441,16.16848373,49.18998337,57.36843109,500.4248352,1798.522095,48.45978546,101.123024,-4.276991844,-0.251594782,1,-0.219565243,2.737391472,1,0,0.159999996,111115,0.834041392,0.001954042,298.0262741,296.3266434,287.7635287,2.160897323,3.156298394,31.21246052,15.04397679,24.02645874,2.999737927,0.126811541,1.635005968,1.364731958,0.079769229,8.362985066,0.843594002,52.83620509,97.5367701,0.005669115,"ambient"
"ch03","shade",4,"8:34:07",1950,0,3.255126671,0.153156864,107.6704527,2.205970216,1.498396871,24.91637421,6,1.420000017,1,2.840000033,23.218256,24.91637421,22.52983856,150.5986328,146.3080292,13.86787891,16.46971703,49.08176041,58.29029083,500.3320923,1800.171387,52.53847504,101.1227036,-4.772185326,-0.255071878,1,-0.219565243,2.737391472,1,0,0.159999996,111115,0.83388682,0.00220597,298.0663742,296.368256,288.0274154,2.032378367,3.163859183,31.28732789,14.81761086,24.0673151,3.007106432,0.145319979,1.665462312,1.34164412,0.091498005,10.88792727,0.735916227,53.96430483,144.7606979,0.012134554,"ambient"
"ch03","shade",5,"8:36:36",2098.5,0,6.842447529,0.175736575,151.2587034,2.469254871,1.472515618,24.93969727,6,1.420000017,1,2.840000033,23.24568939,24.93969727,22.53046608,230.1250458,221.2660828,13.85811424,16.76903152,48.96650696,59.25199127,500.4294434,1799.356079,61.55200958,101.1238098,-5.696211815,-0.267498255,1,-0.219565243,2.737391472,1,0,0.159999996,111115,0.834049072,0.002469255,298.0896973,296.3956894,287.8969662,1.893695013,3.168263973,31.330544,14.56151248,24.09269333,3.011691397,0.165495845,1.695748355,1.315943042,0.104308673,15.29585635,0.683605465,55.15274921,218.0135109,0.017309927,"ambient"
"ch03","shade",6,"8:39:05",2248,0,11.51294787,0.187777041,205.8320221,2.611148254,1.462820458,24.99515915,6,1.420000017,1,2.840000033,23.28212738,24.99515915,22.5298996,330.4068909,315.6138916,13.89153385,16.96935272,48.97478867,59.82568359,500.3878784,1799.159546,67.23433685,101.1199188,-7.135420799,-0.270317316,1,-0.219565243,2.737391472,1,0,0.159999996,111115,0.833979797,0.002611148,298.1451591,296.4321274,287.8655209,1.816388686,3.178760028,31.43554767,14.46619494,24.13864326,3.020008508,0.176131462,1.71593957,1.304068939,0.111072386,20.81371737,0.652164013,55.76479871,310.1411876,0.020700805,"ambient"
"ch03","shade",7,"8:41:34",2396.5,0,14.46728946,0.187170367,262.6063754,2.619427944,1.471785028,25.08495903,6,1.420000017,1,2.840000033,23.32067299,25.08495903,22.52793884,419.7149963,401.1071472,13.96135902,17.04880905,49.10822296,59.96813965,500.3682251,1799.603027,68.38052368,101.1234207,-8.252272606,-0.259567499,1,-0.219565243,2.737391472,1,0,0.159999996,111115,0.833947042,0.002619428,298.234959,296.470673,287.9364779,1.805654185,3.195818919,31.60315282,14.55434377,24.20281601,3.03165762,0.175597597,1.72403389,1.30762373,0.110732699,26.55565498,0.654703805,55.71680433,394.2300907,0.020446718,"ambient"
"ch03","shade",8,"8:44:06",2549,0,15.32172768,0.188665192,479.3719328,2.627806609,1.465386603,25.1172905,6,1.420000017,1,2.840000033,23.33232689,25.1172905,22.52747536,650.1182861,629.7627563,14.07620239,17.17292023,49.47761154,60.36252213,500.4032593,1799.127197,60.28835678,101.1239624,-11.7230978,-0.254120111,0.666666687,-0.219565243,2.737391472,1,0,0.159999996,111115,0.834005432,0.002627807,298.2672905,296.4823269,287.8603451,1.79746789,3.201980342,31.66391294,14.49099272,24.22480869,3.035658923,0.176912637,1.736593739,1.299065184,0.111569463,48.47598931,0.761194478,56.0117144,622.4795408,0.013786738,"ambient"
"ch03","shade",9,"8:47:04",2726.5,0,18.5390991,0.179746735,781.0672766,2.518748067,1.469919981,25.12466812,6,1.420000017,1,2.840000033,23.32216263,25.12466812,22.52815247,1000.973816,975.7967529,14.17372704,17.14214897,49.85058594,60.29085922,500.3812866,1799.096069,55.00868988,101.1231308,-16.7816925,-0.249973536,0.666666687,-0.219565243,2.737391472,1,0,0.159999996,111115,0.833968811,0.002518748,298.2746681,296.4721626,287.8553647,1.852008218,3.203387753,31.67809113,14.53594216,24.22341537,3.035405289,0.16904753,1.733467773,1.301937516,0.106566548,78.98396837,0.800440537,55.76513403,966.9841531,0.010691337,"ambient"
"ch03","shade",10,"8:49:33",2876,0,19.42356727,0.164289138,949.7320028,2.33708502,1.484865687,25.0935936,6,1.420000017,1,2.840000033,23.30634499,25.0935936,22.52895737,1200.206177,1173.628052,14.18018436,16.93495369,49.92334747,59.62190247,500.406311,1799.355713,55.28647232,101.1279831,-19.59761047,-0.239689112,1,-0.219565243,2.737391472,1,0,0.159999996,111115,0.834010518,0.002337085,298.2435936,296.456345,287.8969076,1.949582459,3.197463398,31.61798841,14.68303472,24.19996929,3.031140031,0.155305009,1.71259771,1.318542321,0.097834704,96.04448192,0.809227422,55.00840137,1164.395018,0.00917609,"ambient"
"ch03","shade",11,"8:52:02",3024.5,0,19.49020508,0.147943037,1511.556288,2.153189731,1.511189362,25.08989525,6,1.420000017,1,2.840000033,23.29384804,25.08989525,22.52698517,1799.623413,1771.677246,14.12804794,16.66701317,49.77935791,58.72525406,500.3540344,1799.538574,51.99482727,101.1320724,-28.4778595,-0.231998682,1,-0.219565243,2.737391472,1,0,0.159999996,111115,0.833923391,0.00215319,298.2398952,296.443848,287.9261654,2.044843279,3.196758946,31.60974425,14.94273108,24.19187164,3.029668144,0.140617884,1.685569583,1.34409856,0.088516195,152.8668201,0.853178135,53.95666352,1762.412536,0.005966971,"ambient"
"ch04","shade",12,"9:04:13",3706,0,15.49878351,0.205404125,262.4146225,3.005055004,1.548067456,25.39912796,6,1.420000017,1,2.840000033,23.51819038,25.39912796,22.50969887,418.8614807,398.8378296,13.34191513,16.88477135,46.39021301,58.70882034,500.3277283,1800.586426,151.3739471,101.1600266,2.367017269,-0.291047513,1,-0.219565243,2.737391472,1,0,0.159999996,111115,0.833879547,0.003005055,298.549128,296.6681904,288.0938217,1.58907921,3.256131374,32.18792526,15.30315391,24.45865917,3.07849159,0.191550183,1.708063918,1.370427672,0.120890968,26.54587018,0.657948176,54.5482845,391.4704502,0.021596318,"elevated"
"ch04","shade",13,"9:06:42",3854.5,0,-0.432391112,0.215719599,53.31803151,2.9950871,1.474659687,25.01417732,6,1.420000017,1,2.840000033,23.0011673,25.01417732,21.92974091,50.80324936,51.13807678,13.35064411,16.88147736,47.89255905,60.55866241,500.3678284,1801.033203,149.4336243,101.1585922,2.215238094,-0.29824394,1,-0.219565243,2.737391472,1,0,0.159999996,111115,0.833946381,0.002995087,298.1641773,296.1511673,288.1653061,1.57942425,3.18236617,31.45917811,14.57770076,24.00767231,2.996355068,0.200490798,1.707706484,1.288648584,0.126591409,5.393577008,1.042628798,55.8660824,51.34361481,-0.004704771,"elevated"
"ch04","shade",14,"9:09:11",4003.5,0,1.92262283,0.238116293,80.70301694,3.16551521,1.4223779,24.83600998,6,1.420000017,1,2.840000033,22.93039322,24.83600998,21.93359184,99.2420578,96.57004547,13.33532619,17.0663681,48.04121399,61.48248672,500.3682251,1800.983887,160.7754822,101.1547775,2.472035885,-0.297868192,1,-0.219565243,2.737391472,1,0,0.159999996,111115,0.833947042,0.003165515,297.98601,296.0803932,288.1574154,1.505363186,3.148722569,31.12776921,14.0614011,23.8832016,2.974025859,0.219696142,1.726344669,1.24768119,0.138854173,8.163495724,0.835694097,57.29219087,95.65612266,0.01151534,"elevated"
"ch04","shade",15,"9:11:40",4153,0,4.747226292,0.263899434,110.5375209,3.456769107,1.412697309,24.92643929,6,1.420000017,1,2.840000033,23.19874573,24.92643929,22.32735825,150.7863159,144.4947205,13.25983715,17.33317375,46.99274826,61.42861938,500.3542786,1800.418945,122.4690399,101.1391296,2.529469967,-0.313805997,1,-0.219565243,2.737391472,1,0,0.159999996,111115,0.833923798,0.003456769,298.0764393,296.3487457,288.0670248,1.375312526,3.165759416,31.30103479,13.96786104,24.06259251,3.006253897,0.241462203,1.753062107,1.25319179,0.152781152,11.17966866,0.764993493,58.15214351,142.2381164,0.019408397,"elevated"
"ch04","shade",16,"9:14:10",4303,0,8.732647919,0.28561161,161.507438,3.643233105,1.385638909,24.79575157,6,1.420000017,1,2.840000033,23.25002289,24.79575157,22.53548622,230.2838135,218.8561707,13.06287479,17.3557415,46.15624237,61.32461548,500.3652344,1800.139648,108.8404083,101.1495132,2.742986202,-0.31053108,1,-0.219565243,2.737391472,1,0,0.159999996,111115,0.833942057,0.003643233,297.9457516,296.4000229,288.0223373,1.302060648,3.141163714,31.05465971,13.69891821,24.02288723,2.99909455,0.259513041,1.755524805,1.243569746,0.16435454,16.33639874,0.737961546,58.92436103,214.7050881,0.023966162,"elevated"
"ch04","shade",17,"9:16:39",4451.5,0,13.32757705,0.288730563,226.7274095,3.810463756,1.43466714,25.06439018,6,1.420000017,1,2.840000033,23.7203083,25.06439018,23.11797142,330.6218567,313.2080994,12.88215065,17.37230682,44.24584961,59.66802216,500.3301086,1799.35144,179.5498657,101.1516418,2.705602169,-0.328584135,1,-0.219565243,2.737391472,1,0,0.159999996,111115,0.833883514,0.003810464,298.2143902,296.8703083,287.896224,1.239069723,3.191904498,31.55563706,14.18333023,24.39234924,3.06629276,0.262085463,1.757237358,1.309055402,0.166005607,22.93384973,0.723887441,58.17767957,306.8728075,0.025266739,"elevated"
"ch04","shade",18,"9:19:09",4602,0,16.2090886,0.285752613,292.0461018,3.832201455,1.456253831,25.17126846,6,1.420000017,1,2.840000033,23.26870155,25.17126846,22.11604309,419.9425049,398.6729736,12.84597969,17.36165428,45.33643723,61.27330399,500.3462524,1800.060791,186.2787323,101.1445236,2.902806759,-0.31008476,1,-0.219565243,2.737391472,1,0,0.159999996,111115,0.833910421,0.003832201,298.3212685,296.4187016,288.0097201,1.154234825,3.212290082,31.75940691,14.39775263,24.21998501,3.034780917,0.259629447,1.756036252,1.278744665,0.164429244,29.53886384,0.732545522,57.7734367,390.9679492,0.023952213,"elevated"
"ch04","shade",19,"9:21:59",4772,0,18.76743827,0.266444977,489.5461111,3.576842097,1.449414991,24.90444183,6,1.420000017,1,2.840000033,22.9956646,24.90444183,21.93111992,649.4042358,624.2198486,12.7111063,16.92800903,45.6076622,60.73797989,500.3141174,1799.770264,166.4260406,101.145546,2.530980587,-0.287301481,0.666666687,-0.219565243,2.737391472,1,0,0.159999996,111115,0.833856862,0.003576842,298.0544418,296.1456646,287.9632358,1.287398471,3.161607707,31.25800229,14.32999325,23.95005322,2.986000433,0.243591547,1.712192716,1.273807718,0.154145278,49.51540868,0.784252715,57.05318004,615.2987073,0.017401987,"elevated"
"ch04","shade",20,"9:24:46",4938.5,0,18.46361214,0.253439383,827.1942887,3.455649679,1.466062255,24.90300751,6,1.420000017,1,2.840000033,22.9828949,24.90300751,21.93242645,999.9877319,973.8110352,12.68698025,16.76148033,45.55430603,60.18434525,500.340332,1799.528198,174.631012,101.1411209,1.29971838,-0.287776411,0.666666687,-0.219565243,2.737391472,1,0,0.159999996,111115,0.833900553,0.00345565,298.0530075,296.1328949,287.9245053,1.348768828,3.161337163,31.25669495,14.49521462,23.9429512,2.984726311,0.232675595,1.695274909,1.289451402,0.147155318,83.66335757,0.84944025,56.37729904,965.0343182,0.010786441,"elevated"
"ch04","shade",21,"9:27:19",5092,0,18.13843888,0.24066271,1018.038648,3.330038107,1.481852768,24.88564873,6,1.420000017,1,2.840000033,22.96099091,24.88564873,21.93017387,1199.831787,1173.396851,12.64556694,16.57239723,45.46751022,59.58654022,500.3808899,1800.074829,155.7575378,101.1447983,0.383946896,-0.280192792,0.666666687,-0.219565243,2.737391472,1,0,0.159999996,111115,0.83396815,0.003330038,298.0356487,296.1109909,288.0119662,1.414916313,3.158064543,31.22320274,14.65080551,23.92331982,2.981206853,0.221862035,1.676211775,1.304995078,0.140238625,102.9693137,0.867599608,55.68375536,1164.774705,0.008671346,"elevated"
"ch04","shade",22,"9:30:06",5258.5,0,18.10141073,0.226338056,1594.192612,3.190103599,1.502578861,24.79618073,6,1.420000017,1,2.840000033,23.01431656,24.79618073,22.12305641,1799.907227,1771.423584,12.4401865,16.20373344,44.5778923,58.06410217,500.3384399,1799.974731,75.4129715,101.1288757,-2.841761112,-0.262320936,0.666666687,-0.219565243,2.737391472,1,0,0.159999996,111115,0.8338974,0.003190104,297.9461807,296.1643166,287.9959506,1.507190202,3.141244207,31.06179303,14.85805959,23.90524864,2.977970313,0.209631185,1.638665346,1.339304967,0.132424613,161.2189065,0.899949976,54.6245773,1762.81904,0.005609095,"elevated"
"ch05","shade",12,"9:13:02",4285,0,17.90664333,0.208060051,243.6779799,2.786034454,1.41871304,24.83727646,6,1.420000017,1,2.840000033,22.8854599,24.83727646,21.92817307,420.1164551,397.3170471,13.82103252,17.10465622,49.92755127,61.7894249,500.3704224,1799.437866,68.7587738,101.1565247,-8.561752319,-0.263622522,1,-0.219565243,2.737391472,1,0,0.159999996,111115,0.833950704,0.002786034,297.9872765,296.0354599,287.9100522,1.694610515,3.148960619,31.12958486,14.02492864,23.86136818,2.970124126,0.193857908,1.730247579,1.239876548,0.12236185,24.64961758,0.613308645,56.98455166,388.8050865,0.026244565,"ambient"
"ch05","shade",13,"9:15:31",4433.5,0,-0.24126349,0.223793988,51.66995721,2.976977803,1.416737124,24.88289642,6,1.420000017,1,2.840000033,23.10395241,24.88289642,22.33181572,50.88767242,50.9949379,13.69793797,17.20630074,48.8406105,61.34983826,500.3624573,1798.738647,77.90510559,101.1727524,-4.585849762,-0.291689157,1,-0.219565243,2.737391472,1,0,0.159999996,111115,0.833937429,0.002976978,298.0328964,296.2539524,287.7981772,1.616214507,3.157545928,31.20944971,14.00314898,23.99342442,2.993791684,0.207447018,1.740808804,1.25298288,0.131030227,5.227591786,1.013236987,57.37728893,51.10962301,-0.002708501,"ambient"
"ch05","shade",14,"9:18:00",4583,0,2.353712194,0.250111827,77.98201559,3.246905973,1.394305758,24.91196823,6,1.420000017,1,2.840000033,23.13980293,24.91196823,22.33181,99.31542969,96.11891937,13.6561985,17.48143959,48.58844757,62.19856644,500.3834229,1799.768433,92.17154694,101.1771317,-4.915340424,-0.298170328,1,-0.219565243,2.737391472,1,0,0.159999996,111115,0.833972371,0.003246906,298.0619682,296.2898029,287.9629428,1.477890399,3.163027673,31.26227855,13.78083896,24.02588558,2.999634669,0.229867924,1.768721915,1.230912754,0.145358707,7.889996658,0.81130766,58.47450148,95.00007732,0.014487583,"ambient"
"ch05","shade",15,"9:20:30",4733,0,5.635621832,0.28207195,105.6614526,3.533465783,1.359015972,24.93203926,6,1.420000017,1,2.840000033,23.17271233,24.93203926,22.33118248,150.4152069,143.0514832,13.70698166,17.86822128,48.67073822,63.44646454,500.3791199,1799.183838,96.88032532,101.1740952,-5.318019867,-0.305980921,1,-0.219565243,2.737391472,1,0,0.159999996,111115,0.8339652,0.003533466,298.0820393,296.3227123,287.8694076,1.328670165,3.166817093,31.30067126,13.43244998,24.05237579,3.004410272,0.256587405,1.80780112,1.196609152,0.162477299,10.69020186,0.738625356,59.97905519,140.3725784,0.02408015,"ambient"
"ch05","shade",16,"9:22:59",4881.5,0,10.85509178,0.31037668,150.7368164,3.743175586,1.320004577,24.90758705,6,1.420000017,1,2.840000033,23.1794796,24.90758705,22.33059883,229.7826538,215.7988281,13.8023653,18.20872688,48.98792267,64.62716675,500.4151917,1799.323853,97.37237549,101.1710739,-6.485469818,-0.300659418,0.666666687,-0.219565243,2.737391472,1,0,0.159999996,111115,0.834025319,0.003743176,298.0575871,296.3294796,287.89181,1.223607056,3.162201031,31.25597968,13.0472528,24.04353333,3.002815431,0.279798215,1.842196453,1.160618978,0.177386083,15.2502056,0.698506186,61.41504478,210.6388374,0.031649716,"ambient"
"ch05","shade",17,"9:25:29",5032,0,16.071633,0.316551634,215.423143,3.764023865,1.304037764,24.86753082,6,1.420000017,1,2.840000033,23.16221428,24.86753082,22.33112526,330.5535583,309.8834839,13.86066818,18.29153824,49.24727249,64.99026489,500.37677,1799.816772,97.7071991,101.1732407,-7.762752533,-0.295322657,1,-0.219565243,2.737391472,1,0,0.159999996,111115,0.833961283,0.003764024,298.0175308,296.3122143,287.9706772,1.216834858,3.154651964,31.18069505,12.88915681,24.01487255,2.997651215,0.284806569,1.8506142,1.147037015,0.180607715,21.79505749,0.695174652,61.86515225,302.2437993,0.032896424,"ambient"
"ch05","shade",18,"9:27:58",5180.5,0,19.55478646,0.30008066,274.1185696,3.637588472,1.322602017,24.87978363,6,1.420000017,1,2.840000033,23.15641022,24.87978363,22.33157921,420.0610046,394.890625,13.84762573,18.13034058,49.21960449,64.4419632,500.3794861,1799.68689,93.54080963,101.1761169,-9.01153183,-0.287750483,1,-0.219565243,2.737391472,1,0,0.159999996,111115,0.83396581,0.003637588,298.0297836,296.3064102,287.9498959,1.280209139,3.156959476,31.20261551,13.07227493,24.01809692,2.998231808,0.271403562,1.834357458,1.16387435,0.171989923,27.73425245,0.694163275,61.15057823,385.5952161,0.031011445,"ambient"
"ch05","shade",19,"9:30:28",5331,0,24.13056415,0.286447313,460.9782862,3.535760505,1.340767342,24.89463043,6,1.420000017,1,2.840000033,23.16380882,24.89463043,22.3322773,650.5493164,618.989563,13.81798077,17.98153305,49.0838623,63.8735199,500.3682251,1799.488892,93.06330109,101.1587906,-12.25011826,-0.279571772,1,-0.219565243,2.737391472,1,0,0.159999996,111115,0.833947042,0.003535761,298.0446304,296.3138088,287.9182162,1.331992176,3.159757478,31.23561936,13.25408631,24.02921963,3.000235359,0.260202808,1.818990136,1.181245223,0.164797213,46.63200592,0.744727074,60.48263611,607.5190485,0.024023611,"ambient"
"ch05","shade",20,"9:33:15",5498,0,25.16644223,0.256959255,778.7933018,3.297043764,1.38082722,24.95625496,6,1.420000017,1,2.840000033,23.17564201,24.95625496,22.33082771,1000.940002,966.944458,13.8158617,17.69887924,49.04589844,62.83049393,500.4391174,1799.133301,103.2608566,101.1683884,-17.33233261,-0.265604258,0.666666687,-0.219565243,2.737391472,1,0,0.159999996,111115,0.834065196,0.003297044,298.106255,296.325642,287.8613217,1.449172515,3.171394309,31.34768044,13.6488012,24.06594849,3.006859705,0.235638969,1.790567089,1.216292617,0.149052122,78.78926321,0.80541679,59.06874728,954.9815367,0.015566272,"ambient"
"ch05","shade",21,"9:36:02",5664.5,0,26.1275564,0.227840008,944.2588247,3.038376362,1.421799827,25.02297783,6,1.420000017,1,2.840000033,23.18559074,25.02297783,22.33038521,1199.959473,1164.383911,13.83796883,17.41820717,49.09663773,61.79920197,500.321991,1799.137085,96.20172119,101.172081,-20.25982285,-0.251217127,0.666666687,-0.219565243,2.737391472,1,0,0.159999996,111115,0.833869985,0.003038376,298.1729778,296.3355907,287.8619272,1.576481216,3.184036093,31.47148959,14.05328242,24.10428429,3.013787513,0.21091896,1.762236266,1.251551246,0.133246882,95.53263029,0.810951453,57.62650545,1151.964122,0.013070197,"ambient"
"ch05","shade",22,"9:38:31",5814,0,25.73646436,0.205116191,1512.12148,2.822148992,1.4562115,25.067276,6,1.420000017,1,2.840000033,23.18803024,25.067276,22.33024406,1800.409546,1763.578247,13.8347683,17.16097641,49.07889938,60.87863922,500.3387756,1799.200806,102.4139175,101.1738434,-28.88055038,-0.246383905,1,-0.219565243,2.737391472,1,0,0.159999996,111115,0.833897959,0.002822149,298.217276,296.3380302,287.8721225,1.683794105,3.19245344,31.55413823,14.39316182,24.12765312,3.018017426,0.191299755,1.73624194,1.281775486,0.120731373,152.9871418,0.857416722,56.39626701,1751.344365,0.008287579,"ambient"
"ch06","shade",12,"9:04:25",3682.5,0,12.22773019,0.106509064,206.4263169,1.729086341,1.663680088,25.14594841,6,1.420000017,1,2.840000033,22.55416107,25.14594841,21.49398994,419.710968,404.1972961,13.21852112,15.26198483,48.71777725,56.24910355,499.944397,1801.130371,161.3307648,101.1513443,-3.026954651,0.441202402,1,-0.219565243,2.737391472,1,0,0.159999996,111115,0.833240662,0.001729086,298.2959484,295.7041611,288.1808529,2.163656008,3.20745037,31.70941911,16.44743429,23.85005474,2.968104124,0.102659023,1.543770282,1.424333842,0.064497029,20.88029945,0.510706823,48.8033168,398.3848188,0.014979331,"elevated"
"ch06","shade",13,"9:06:54",3832,0,-0.387667477,0.114183415,54.08491814,1.797611865,1.617832675,24.92451668,6,1.420000017,1,2.840000033,22.43047142,24.92451668,21.51268387,49.46160126,49.81938171,13.17551994,15.29992676,48.92419815,56.81268311,499.934906,1801.201782,151.2691803,101.1484375,1.775512695,0.447975397,1,-0.219565243,2.737391472,1,0,0.159999996,111115,0.833224843,0.001797612,298.0745167,295.5804714,288.1922787,2.142294313,3.165396361,31.29456509,15.99463833,23.67749405,2.937442154,0.109770063,1.547563685,1.389878469,0.068989606,5.470604962,1.085620019,49.6935147,50.00366027,-0.00385263,"elevated"
"ch06","shade",14,"9:09:23",3980.5,0,1.625303651,0.129907643,75.47601627,1.995708218,1.587010518,24.86927032,6,1.420000017,1,2.840000033,22.52411842,24.86927032,21.71291924,100.6863937,98.49992371,13.14394379,15.50189877,48.52926254,57.2351532,499.9512634,1799.426758,184.0006409,101.1468964,1.583946228,0.435651064,1,-0.219565243,2.737391472,1,0,0.159999996,111115,0.833252106,0.001995708,298.0192703,295.6741184,287.9082748,2.055397797,3.154979466,31.19205413,15.69015536,23.69669437,2.940840069,0.124225313,1.567968948,1.372871122,0.078132101,7.634164795,0.766254566,50.74862434,97.72733219,0.008440006,"elevated"
"ch06","shade",15,"9:11:52",4130,0,3.803602886,0.151614851,100.3226882,2.268375767,1.55657636,24.86309052,6,1.420000017,1,2.840000033,22.65718269,24.86309052,21.90126228,150.3325958,145.372345,13.11286068,15.79204178,48.02264023,57.83448792,499.9781799,1799.664429,199.9420166,101.142067,1.198310852,0.42656064,1,-0.219565243,2.737391472,1,0,0.159999996,111115,0.833296967,0.002268376,298.0130905,295.8071827,287.9463022,1.93179188,3.153816107,31.18204128,15.3899995,23.7601366,2.952092008,0.14393102,1.597239747,1.354852261,0.090617055,10.14684405,0.690108481,52.01906437,143.5642943,0.013781969,"elevated"
"ch06","shade",16,"9:14:21",4278.5,0,7.262960896,0.160967616,140.5791162,2.398050966,1.554783381,24.89068604,6,1.420000017,1,2.840000033,23.0265007,24.89068604,22.49253845,230.1432953,220.7916412,13.02806091,15.86030483,46.6586647,56.80205154,499.9605713,1800.375488,163.7553253,101.147522,0.142280579,0.418020487,1,-0.219565243,2.737391472,1,0,0.159999996,111115,0.833267619,0.002398051,298.040686,296.1765007,288.0600717,1.910478353,3.159013913,31.23174796,15.37144312,23.95859337,2.987533193,0.152333543,1.604230532,1.383302661,0.095948278,14.21922925,0.636704884,52.29942595,217.3391775,0.01747723,"elevated"
"ch06","shade",17,"9:16:50",4428,0,11.21508836,0.15597321,190.0497031,2.422020323,1.617255235,25.23641014,6,1.420000017,1,2.840000033,22.94258308,25.23641014,22.07602119,331.4841614,317.1026001,13.03304577,15.89363861,46.91168976,57.20822906,499.9367065,1799.12439,197.1482086,101.142067,-1.346366882,0.420271158,1,-0.219565243,2.737391472,1,0,0.159999996,111115,0.833227844,0.00242202,298.3864101,296.0925831,287.8598959,1.836774282,3.224770696,31.88357518,15.98993657,24.08949661,3.011113525,0.147853096,1.607515461,1.403598064,0.09310496,19.2220198,0.599331898,51.29643409,311.7714842,0.018452427,"elevated"
"ch06","shade",18,"9:19:19",4576.5,0,14.08639698,0.147476199,234.7084304,2.257121153,1.589837941,25.0199585,6,1.420000017,1,2.840000033,22.12727737,25.0199585,20.91556358,420.4744873,402.4784851,13.0907774,15.75696945,49.50957489,59.59316635,499.9390259,1801.291016,131.7024536,101.1377945,-2.71547699,0.442447901,1,-0.219565243,2.737391472,1,0,0.159999996,111115,0.83323171,0.002257121,298.1699585,295.2772774,288.2065561,1.849298749,3.18346308,31.47649299,15.71952354,23.57361794,2.919118482,0.140196064,1.593625138,1.325493344,0.08824877,23.737893,0.583157707,51.37645741,395.7824866,0.018285528,"elevated"
"ch06","shade",19,"9:21:56",4734,0,17.90141028,0.134891787,393.2362516,2.070214566,1.587811899,24.88801765,6,1.420000017,1,2.840000033,22.26616669,24.88801765,21.32533455,650.288147,627.2456665,13.08513641,15.5310812,49.06893921,58.24117661,499.9447021,1800.027344,195.5919647,101.1326294,-8.072166443,0.442482233,1,-0.219565243,2.737391472,1,0,0.159999996,111115,0.83324117,0.002070215,298.0380177,295.4161667,288.0043686,1.981017378,3.158510978,31.23137406,15.70029286,23.57709217,2.919729715,0.128775331,1.570699079,1.349030636,0.081012632,39.76901609,0.626925418,50.85959164,618.7361934,0.014714808,"elevated"
"ch06","shade",20,"9:24:56",4913.5,0,18.38091842,0.123486765,706.2978754,1.938711229,1.61806716,24.96477509,6,1.420000017,1,2.840000033,22.4374752,24.96477509,21.51399612,999.5580444,975.2295532,13.08431911,15.37524414,48.55728149,57.05914307,499.9473267,1800.93689,201.6717072,101.132637,-17.78139496,0.439376116,0.666666687,-0.219565243,2.737391472,1,0,0.159999996,111115,0.833245544,0.001938711,298.1147751,295.5874752,288.1498959,2.063432017,3.173006145,31.37469998,15.99945584,23.70112514,2.941624679,0.118341144,1.554938985,1.386685694,0.074408923,71.42976666,0.724237563,49.96048071,966.4921449,0.009501573,"elevated"
"ch06","shade",21,"9:27:50",5088,0,18.87937443,0.113741833,873.7744486,1.804233184,1.629654824,24.93708038,6,1.420000017,1,2.840000033,22.41771317,24.93708038,21.51436615,1200.555786,1175.352051,13.07637119,15.20884037,48.58626175,56.50961304,499.9255066,1799.759033,469.3877258,101.1329346,-24.26833344,0.444143534,0.666666687,-0.219565243,2.737391472,1,0,0.159999996,111115,0.833209178,0.001804233,298.0870804,295.5677132,287.9614389,2.132682092,3.167769482,31.32282768,16.11398731,23.67739677,2.937424948,0.109361895,1.538114658,1.39931029,0.068731647,88.36737413,0.743415088,49.35792606,1166.3777,0.007989237,"elevated"
"ch06","shade",22,"9:30:19",5236.5,0,19.52200925,0.102555265,1416.697919,1.656163898,1.65317043,24.90637207,6,1.420000017,1,2.840000033,22.87166977,24.90637207,22.29846001,1800.122681,1773.169556,12.96038055,14.91832638,46.84879684,53.92632294,499.9494934,1801.209106,137.6664734,101.1374435,-46.31032562,0.443197489,1,-0.219565243,2.737391472,1,0,0.159999996,111115,0.833249156,0.001656164,298.0563721,296.0216698,288.1934506,2.277028033,3.161971821,31.26410665,16.34578027,23.88902092,2.975066554,0.098980962,1.508801392,1.466265162,0.062174599,143.2812058,0.798963593,48.34655037,1763.889727,0.005350798,"elevated"
"ch08","shade",1,"8:19:04",961.5,0,15.68007425,0.156487867,223.2922205,2.548490914,1.697679718,25.11927223,6,1.420000017,1,2.840000033,23.25589371,25.11927223,22.48395348,419.7142029,399.6753235,11.86234951,14.87512398,41.9013176,52.54332733,499.9873352,1798.944824,79.99130249,101.1540222,-2.700648546,0.386945963,1,-0.219565243,2.737391472,1,0,0.159999996,111115,0.833312225,0.002548491,298.2692722,296.4058937,287.8311654,1.828117651,3.20235834,31.65824027,16.78311629,24.18758297,3.028888856,0.148315482,1.504678621,1.524210235,0.093398333,22.58690623,0.55868403,48.55826032,392.2217672,0.019412414,"elevated"
"ch08","shade",2,"8:21:33",1111,0,-0.273339526,0.161135679,51.07218339,2.579219899,1.671022045,25.11216164,6,1.420000017,1,2.840000033,23.21224213,25.11216164,22.49272156,49.40308762,49.57765198,12.07655239,15.12485504,42.7717247,53.5679512,499.9916077,1798.658936,80.96802521,101.1566849,1.877167463,0.393535852,1,-0.219565243,2.737391472,1,0,0.159999996,111115,0.833319346,0.00257922,298.2621616,296.3622421,287.7854233,1.806703443,3.20100224,31.64400103,16.51914599,24.16220188,3.024280488,0.152484052,1.529980195,1.494300293,0.096043814,5.166292761,1.030145264,49.41692036,49.7075845,-0.002717412,"elevated"
"ch08","shade",3,"8:24:02",1259.5,0,2.392220647,0.176421971,73.10539364,2.737756045,1.628058863,25.08883095,6,1.420000017,1,2.840000033,23.09757042,25.08883095,22.29161644,101.3878784,98.19456482,12.27082348,15.50524139,43.76318359,55.29854965,499.9922485,1799.75,82.42337799,101.1591721,1.567528486,0.38410306,1,-0.219565243,2.737391472,1,0,0.159999996,111115,0.833320414,0.002737756,298.2388309,296.2475704,287.9599936,1.713942582,3.196556245,31.59927252,16.09403112,24.09320068,3.01178312,0.166103551,1.568497382,1.443285738,0.104694945,7.395281094,0.744495317,50.89055892,97.05741769,0.01254324,"elevated"
"ch08","shade",4,"8:26:31",1409,0,4.912172004,0.19581687,97.87946439,2.949098558,1.589867546,25.11997604,6,1.420000017,1,2.840000033,23.10403252,25.11997604,22.29568672,149.8681641,143.4654236,12.45799828,15.94073296,44.41540146,56.83209229,499.9670715,1799.748413,83.2546463,101.1637955,1.156716108,0.372817278,1,-0.219565243,2.737391472,1,0,0.159999996,111115,0.833278453,0.002949099,298.269976,296.2540325,287.9597397,1.600107398,3.202492595,31.65650893,15.71577597,24.11200428,3.015184309,0.183186251,1.612625048,1.40255926,0.115562928,9.901858116,0.682251249,52.42528847,141.1304123,0.018247097,"elevated"
"ch08","shade",5,"8:29:00",1557.5,0,9.149077086,0.216652672,141.5278565,3.161302706,1.550556424,25.15030098,6,1.420000017,1,2.840000033,23.01965141,25.15030098,22.09684372,229.7858276,217.9788361,12.65458393,16.38635826,45.34770203,58.72050858,499.9499207,1800.194092,85.08611298,101.1649704,0.327141523,0.364310503,1,-0.219565243,2.737391472,1,0,0.159999996,111115,0.833249868,0.003161303,298.300301,296.1696514,288.0310482,1.474739647,3.208281873,31.71336738,15.32700912,24.0849762,3.010296533,0.201296534,1.657725448,1.352571084,0.127105393,14.31766141,0.649273384,53.98921153,213.629803,0.023121842,"elevated"
"ch08","shade",6,"8:31:29",1707,0,14.27493798,0.233274209,200.743844,3.294373098,1.508703293,25.11003494,6,1.420000017,1,2.840000033,22.87381554,25.11003494,21.90181351,330.0992737,311.7372437,12.83645153,16.72352982,46.40900421,60.46237946,500.0073547,1799.732178,88.40289307,101.1684418,-1.090674639,0.363288164,1,-0.219565243,2.737391472,1,0,0.159999996,111115,0.833345591,0.003294373,298.2600349,296.0238155,287.957142,1.390562011,3.200596745,31.63631552,14.91278571,23.99192524,2.993522074,0.215567733,1.691893452,1.301628622,0.136216117,20.30894189,0.643952072,55.36041396,304.9516218,0.025914487,"elevated"
"ch08","shade",7,"8:33:58",1855.5,0,18.04977573,0.235063258,257.2551621,3.297884886,1.499558775,25.15117073,6,1.420000017,1,2.840000033,22.8894577,25.15117073,21.90188408,419.9124146,396.6811218,12.99998093,16.8908844,46.95749664,61.01190948,499.9631653,1799.03479,86.36451721,101.1722794,-2.753943682,0.35697484,1,-0.219565243,2.737391472,1,0,0.159999996,111115,0.833271942,0.003297885,298.3011707,296.0394577,287.84556,1.383827258,3.20844805,31.71271884,14.82183444,24.02031422,2.998631119,0.217094608,1.708889275,1.289741844,0.137191661,26.02709113,0.648518792,55.75978143,388.1011229,0.025932714,"elevated"
"ch08","shade",8,"8:36:27",2005,0,23.36882257,0.222750668,428.0016172,3.117592407,1.490151449,25.07672882,6,1.420000017,1,2.840000033,22.48742104,25.07672882,21.3186264,650.0140381,619.6489868,13.16425323,16.84287262,48.72692108,62.34317017,499.9293823,1800.230347,88.19712067,101.1763687,-7.881140709,0.364596605,1,-0.219565243,2.737391472,1,0,0.159999996,111115,0.833215637,0.003117592,298.2267288,295.637421,288.036849,1.437365119,3.194252139,31.57112851,14.72825589,23.78207493,2.955991678,0.206550244,1.70410069,1.251890988,0.130457811,43.30364943,0.690716238,55.66872581,608.5405678,0.021377582,"elevated"
"ch08","shade",9,"8:39:19",2176.5,0,23.23062623,0.186307417,738.1238535,2.682504809,1.515022977,25.02697945,6,1.420000017,1,2.840000033,22.3114872,25.02697945,21.12591362,1000.612305,969.609436,13.33790302,16.50428581,49.89850998,61.74428558,499.9203491,1800.431763,89.72731781,101.1720657,-17.64133453,0.382094622,1,-0.219565243,2.737391472,1,0,0.159999996,111115,0.833200582,0.002682505,298.1769794,295.4614872,288.0690756,1.648698573,3.184795666,31.47900206,14.97471625,23.66923332,2.935981295,0.174837844,1.669772689,1.266208606,0.110249318,74.67751503,0.761258942,54.26071114,958.5667089,0.013149949,"elevated"
"ch08","shade",10,"8:42:07",2344.5,0,23.95260052,0.156808177,886.9485889,2.304583037,1.531690546,24.96207809,6,1.420000017,1,2.840000033,22.03830528,24.96207809,20.72709274,1200.188477,1168.210571,13.49690151,16.21789932,51.3407135,61.69108582,499.9359131,1800.062012,77.23116302,101.172493,-23.66770172,0.399005175,1,-0.219565243,2.737391472,1,0,0.159999996,111115,0.833226522,0.002304583,298.1120781,295.1883053,288.0099154,1.818458838,3.172495851,31.35729641,15.13939709,23.50019169,2.906226523,0.148603179,1.640805305,1.265421218,0.093580877,89.73479988,0.759236914,53.13106951,1156.824652,0.011001039,"elevated"
"ch08","shade",11,"8:44:53",2511,0,23.65658552,0.135286566,1435.575929,2.02197038,1.546686525,24.93114471,6,1.420000017,1,2.840000033,21.9931736,24.93114471,20.73757362,1799.296631,1766.617432,13.62378407,16.01165199,51.96691513,61.07526016,499.9259644,1800.000366,104.1690369,101.1739197,-45.54306793,0.40121007,1,-0.219565243,2.737391472,1,0,0.159999996,111115,0.833209941,0.00202197,298.0811447,295.1431736,288.0000522,1.964343261,3.166648118,31.2990554,15.28740341,23.46215916,2.899568483,0.129135073,1.619961593,1.279606891,0.081240435,145.2428437,0.812612795,52.24829477,1755.372224,0.007041334,"elevated"
"ch10","shade",1,"8:15:26",779,0,8.415609506,0.067637215,198.5747753,1.171082978,1.750703235,25.40699196,6,1.420000017,1,2.840000033,23.28883362,25.40699196,22.12838364,420.9843445,410.316803,13.51570511,14.89905453,47.64186096,52.51806641,500.3659668,1798.74939,34.89253998,101.1440353,2.379785061,-0.219370291,1,-0.219565243,2.737391472,1,0,0.159999996,111115,0.833943278,0.001171083,298.556992,296.4388336,287.7998959,2.511633389,3.257653732,32.20806567,17.30901114,24.34791279,3.058141591,0.066063844,1.506950498,1.551191093,0.041428435,20.08465409,0.483954773,46.24271712,406.3164253,0.009577773,"elevated"
"ch10","shade",2,"8:17:55",927.5,0,-0.278315659,0.073213418,54.84959675,1.18498654,1.64010028,25.01785469,6,1.420000017,1,2.840000033,22.58181572,25.01785469,21.15313721,49.75828171,50.0209198,13.85525513,15.25441933,50.97745514,56.12538147,500.4031372,1799.793579,22.08519554,101.1486282,1.604207516,-0.223975584,1,-0.219565243,2.737391472,1,0,0.159999996,111115,0.834005229,0.001184987,298.1678547,295.7318157,287.9669662,2.466757729,3.183063869,31.46917486,16.21475554,23.79983521,2.959151974,0.071373455,1.542963589,1.416188385,0.044770148,5.54796147,1.09653315,48.56753019,50.15321773,-0.002695162,"elevated"
"ch10","shade",3,"8:20:24",1077,0,1.129355444,0.080765571,72.90195038,1.254229202,1.577697188,24.86275291,6,1.420000017,1,2.840000033,22.59019852,24.86275291,21.3847065,99.49611664,97.99456787,14.10078144,15.58125496,51.85549545,57.29992294,500.3885803,1800.339844,30.58001709,101.1507339,1.905530453,-0.237163946,1,-0.219565243,2.737391472,1,0,0.159999996,111115,0.833980967,0.001254229,298.0127529,295.7401985,288.0543686,2.454215534,3.153752563,31.17874127,15.59748631,23.72647572,2.946117326,0.078532226,1.576055375,1.370061951,0.049278524,7.374085787,0.743938689,50.19280779,97.45772638,0.005816421,"elevated"
"ch10","shade",4,"8:22:53",1225.5,0,2.664568681,0.089708799,95.185603,1.38369006,1.571415805,24.99922371,6,1.420000017,1,2.840000033,22.76759338,24.99922371,21.55374336,150.5041351,147.0649261,14.26484871,15.89770985,51.89886093,57.83959198,500.3582458,1798.831543,25.76184464,101.1538544,2.067410946,-0.250688016,1,-0.219565243,2.737391472,1,0,0.159999996,111115,0.83393041,0.00138369,298.1492237,295.9175934,287.8130404,2.388256785,3.179530432,31.43261769,15.53490784,23.88340855,2.974062862,0.086961881,1.608114627,1.365948236,0.05459147,9.628390624,0.647235242,50.92918961,145.7983178,0.009307674,"elevated"
"ch10","shade",5,"8:25:22",1375,0,5.033653782,0.099649346,135.4911686,1.528446394,1.567514824,25.1444664,6,1.420000017,1,2.840000033,22.84200668,25.1444664,21.55314636,229.7208405,223.2757874,14.40616417,16.20921326,52.17800903,58.70851517,500.3762207,1799.284424,26.65005302,101.1555862,2.329541683,-0.259402692,1,-0.219565243,2.737391472,1,0,0.159999996,111115,0.833960368,0.001528446,298.2944664,295.9920067,287.8855014,2.303212066,3.207167294,31.70529096,15.4960777,23.99323654,2.993757896,0.096271395,1.63965247,1.354105426,0.060464258,13.70568859,0.606833236,51.62243395,220.8830294,0.011764121,"elevated"
"ch10","shade",6,"8:27:51",1523.5,0,7.775455898,0.104903416,191.5372372,1.575164763,1.537232631,25.08872032,6,1.420000017,1,2.840000033,22.63405609,25.08872032,21.15717125,330.1508484,320.2221375,14.54517937,16.40303993,53.35150146,60.16610336,500.3585205,1799.792603,21.71273804,101.1582336,2.676709652,-0.251727521,1,-0.219565243,2.737391472,1,0,0.159999996,111115,0.833930868,0.001575165,298.2387203,295.7840561,287.96681,2.259997591,3.196535177,31.59935738,15.19631745,23.86138821,2.970127703,0.101166544,1.659302546,1.310825157,0.063554532,19.37556859,0.598138651,52.48200508,316.5260581,0.012892193,"elevated"
"ch10","shade",7,"8:30:20",1673,0,9.677651636,0.095269169,232.5563625,1.44791681,1.550803555,25.15567398,6,1.420000017,1,2.840000033,22.64289474,25.15567398,21.1598053,420.0773926,407.7653198,14.68703938,16.39472198,53.84437943,60.10493851,500.3899231,1799.07666,22.7420845,101.1609116,2.882855892,-0.24843353,1,-0.219565243,2.737391472,1,0,0.159999996,111115,0.833983205,0.001447917,298.305674,295.7928947,287.8522592,2.317001204,3.209308576,31.72478901,15.33006703,23.89928436,2.976902788,0.092177045,1.658505021,1.318397767,0.057880705,23.52561362,0.57031913,52.09371527,403.1650277,0.012504677,"elevated"
"ch10","shade",8,"8:32:49",1821.5,0,13.14729586,0.087666366,374.1115565,1.331670169,1.546105922,25.11964226,6,1.420000017,1,2.840000033,22.52955818,25.11964226,20.96501923,649.7435913,632.9668579,14.80178356,16.37254715,54.64176559,60.44034576,500.3428955,1798.771362,23.53483391,101.16465,2.509992123,-0.236054838,1,-0.219565243,2.737391472,1,0,0.159999996,111115,0.833904826,0.00133167,298.2696423,295.6795582,287.8034115,2.36717841,3.202428923,31.65561215,15.283065,23.82460022,2.963563638,0.085041275,1.656323001,1.307240637,0.053380572,37.84686466,0.591044463,52.01417695,626.7172631,0.010911552,"elevated"
"ch10","shade",9,"8:35:25",1978,0,15.17028917,0.079967586,650.385008,1.218305727,1.54651543,25.12527657,6,1.420000017,1,2.840000033,22.52829742,25.12527657,20.96596146,1001.228149,981.6020508,14.9426775,16.3797226,55.16410065,60.46925735,500.3392944,1800.621094,23.66134453,101.1609573,1.51493597,-0.235555112,0.666666687,-0.219565243,2.737391472,1,0,0.159999996,111115,0.833898824,0.001218306,298.2752766,295.6782974,288.0993686,2.428954261,3.203503849,31.66739356,15.28767096,23.82678699,2.963953469,0.077777556,1.656988419,1.30696505,0.048803101,65.79357004,0.66257503,51.89059538,974.3908219,0.008078846,"elevated"
"ch10","shade",10,"8:38:07",2139.5,0,17.88910752,0.072502897,749.3507392,1.09654744,1.531414905,25.04650879,6,1.420000017,1,2.840000033,22.48304176,25.04650879,20.96463203,1199.570068,1176.570435,15.08774757,16.3811779,55.85147095,60.63946533,500.3368225,1800.165894,26.63007927,101.1581726,0.736005306,-0.227464139,1,-0.219565243,2.737391472,1,0,0.159999996,111115,0.833894704,0.001096547,298.1965088,295.6330418,288.0265365,2.496657136,3.188504926,31.51999333,15.13881543,23.76477528,2.952916184,0.070698034,1.657090022,1.295826163,0.044344958,75.80295142,0.636894076,52.01716035,1168.06681,0.007966501,"elevated"
"ch10","shade",11,"8:40:36",2289,0,18.63051254,0.067269846,1285.032804,1.019062694,1.531171606,25.03949356,6,1.420000017,1,2.840000033,22.48015594,25.03949356,20.96644592,1799.49231,1774.979858,15.16833687,16.37047005,56.15942383,60.61021423,500.3007202,1799.782104,29.46958542,101.1577835,-2.315142155,-0.226817548,1,-0.219565243,2.737391472,1,0,0.159999996,111115,0.833834534,0.001019063,298.1894936,295.6301559,287.9651303,2.537002702,3.187172071,31.50693857,15.13646852,23.75982475,2.952036606,0.065713324,1.656000465,1.296036142,0.041207891,129.9910702,0.723970358,51.91891489,1766.123805,0.00547683,"elevated"
"ch12","shade",34,"10:44:06",9749,0,11.98267423,0.144904441,258.5313075,1.974148178,1.40968721,26.197052,6,1.420000017,1,2.840000033,23.1343708,26.197052,21.05784988,419.4874268,404.159729,17.49100876,19.81169701,62.24144363,70.49957275,500.2921753,1799.174316,111.4286346,101.1582565,-9.265968323,-0.25468564,1,-0.219565243,2.737391472,1,0,0.159999996,111115,0.833820292,0.001974148,299.347052,296.2843708,287.8678842,1.962764404,3.413803938,33.74716069,13.93546368,24.6657114,3.116855814,0.137869945,2.004116728,1.112739086,0.086774266,26.15257633,0.639676071,59.62980823,398.4637396,0.017931985,"elevated"
"ch12","shade",35,"10:46:37",9899.5,0,-0.216518902,0.159918474,50.38140927,2.058599022,1.338807522,25.97683907,6,1.420000017,1,2.840000033,22.74570084,25.97683907,20.57622337,49.0472374,49.18547058,17.65641212,20.07563782,64.32669067,73.14053345,500.3099976,1799.440796,107.4148331,101.1588898,-4.788848877,-0.246859789,1,-0.219565243,2.737391472,1,0,0.159999996,111115,0.833849996,0.002058599,299.1268391,295.8957008,287.9105209,1.898442738,3.369636755,33.31033746,13.23469964,24.36126995,3.060589759,0.151393603,2.030829233,1.029760526,0.095351679,5.096527427,1.024314877,61.35493051,49.2883933,-0.00269526,"elevated"
"ch12","shade",36,"10:49:06",10048.5,0,1.560591401,0.184665496,81.56623107,2.252434227,1.278915458,25.86898041,6,1.420000017,1,2.840000033,22.65575409,25.86898041,20.4965477,99.82250214,97.68702698,17.80960083,20.45565224,65.23981476,74.9327774,500.2984924,1800.04248,103.1239929,101.1588974,-4.906341553,-0.287152529,1,-0.219565243,2.737391472,1,0,0.159999996,111115,0.833830821,0.002252434,299.0189804,295.8057541,288.0067904,1.80154714,3.348186684,33.0982916,12.64263936,24.26236725,3.042502924,0.173391077,2.069271226,0.973231699,0.109328937,8.25115,0.834975059,63.14802366,96.94519657,0.010165358,"elevated"
"ch12","shade",37,"10:51:38",10200.5,0,3.477771909,0.223436223,116.5211124,2.591945929,1.231321939,25.93878937,6,1.420000017,1,2.840000033,22.77256393,25.93878937,20.61324692,150.3236237,145.7001038,18.0223465,21.0651989,65.54692841,76.61373138,500.3225403,1799.39563,120.3217239,101.1494904,-4.774658203,-0.311499834,1,-0.219565243,2.737391472,1,0,0.159999996,111115,0.8338709,0.002591946,299.0887894,295.9225639,287.9032943,1.628902503,3.362056072,33.23848751,12.17328861,24.35567665,3.059564382,0.207139574,2.130734133,0.928830249,0.130833978,11.78605113,0.799732529,65.09954394,144.0469376,0.015717194,"elevated"
"ch12","shade",38,"10:54:08",10351,0,7.187652672,0.268280548,171.0371439,2.950533603,1.183961917,26.02052307,6,1.420000017,1,2.840000033,22.86829376,26.02052307,20.65494156,230.5027618,221.1001434,18.23312759,21.69496536,65.92874908,78.44632721,500.2872009,1799.295166,91.71164703,101.147728,-5.273330688,-0.330168962,1,-0.219565243,2.737391472,1,0,0.159999996,111115,0.833812002,0.002950534,299.1705231,296.0182938,287.8872201,1.442944743,3.378358372,33.40023982,11.70527446,24.44440842,3.07586635,0.245124835,2.194396455,0.881469896,0.155127736,17.30001851,0.773573193,67.07226979,217.6834776,0.022146475,"elevated"
"ch12","shade",39,"10:56:38",10500.5,0,11.13617201,0.283074173,242.5348426,2.815912518,1.077240229,25.14933395,6,1.420000017,1,2.840000033,22.08945465,25.14933395,19.88293648,330.0940552,315.6724548,17.76132202,21.06728172,67.3336792,79.8666687,500.2944641,1800.580811,73.12796021,101.1453171,-6.622756958,-0.309872866,1,-0.219565243,2.737391472,1,0,0.159999996,111115,0.833824107,0.002815913,298.299334,295.2394547,288.0929232,1.533256506,3.208097119,31.71770292,10.65042119,23.6193943,2.927181044,0.257416446,2.13085689,0.796324154,0.163009197,24.53126356,0.768311707,68.63702992,310.378852,0.024626477,"elevated"
"ch12","shade",40,"10:59:07",10649.5,0,12.27216876,0.257100626,313.8908513,2.940257305,1.230041859,24.73568916,6,1.420000017,1,2.840000033,22.25448799,24.73568916,20.78207779,419.3937073,403.2532959,15.3239336,18.78403854,57.5111351,70.49700928,500.278595,1800.287231,69.69358826,101.1430054,-8.222610474,-0.239577532,1,-0.219565243,2.737391472,1,0,0.159999996,111115,0.833797658,0.002940257,297.8856892,295.404488,288.0459506,1.546239155,3.129915971,30.94545153,12.16141299,23.49508858,2.905332388,0.235757848,1.899874111,1.005458277,0.149128227,31.74786406,0.778396245,63.04396419,397.4196946,0.019467736,"elevated"
"ch12","shade",41,"11:02:00",10822.5,0,15.21100397,0.220944706,499.8110651,2.894488908,1.39299978,25.02292061,6,1.420000017,1,2.840000033,22.92282295,25.02292061,21.74330902,650.359314,629.9301147,14.29779911,17.70767784,51.5267067,63.81529999,500.2936096,1799.754639,97.0231781,101.1440048,-12.93946838,-0.237406969,1,-0.219565243,2.737391472,1,0,0.159999996,111115,0.833822683,0.002894489,298.1729206,296.072823,287.9607358,1.617971184,3.184025233,31.48011826,13.77244042,23.97287178,2.990097373,0.204996504,1.791025453,1.19907192,0.129466175,50.55289278,0.793438912,58.3848049,622.699532,0.014261959,"elevated"
"ch12","shade",42,"11:04:56",10999,0,15.50674002,0.197816068,824.5910917,2.796048803,1.492292965,25.06863213,6,1.420000017,1,2.840000033,22.94426918,25.06863213,21.73303795,1000.986206,979.1069946,13.51429081,16.81102943,48.64226532,60.50828171,500.3207092,1799.988647,98.99736786,101.1489792,-19.05671692,-0.200522661,0.666666687,-0.219565243,2.737391472,1,0,0.159999996,111115,0.833867849,0.002796049,298.2186321,296.0942692,287.9981772,1.666394217,3.192711431,31.5644454,14.75341597,24.00645065,2.9961352,0.18493471,1.700418466,1.295716734,0.116676365,83.40654717,0.842186907,55.21990419,971.7358331,0.008811867,"elevated"
"ch12","shade",43,"11:07:48",11170.5,0,16.02348502,0.170315603,991.9319073,2.512392485,1.543521165,25.09957314,6,1.420000017,1,2.840000033,22.94068336,25.09957314,21.73482132,1199.866089,1177.102783,13.4001112,16.3638649,48.23865891,58.90778732,500.3006897,1799.556519,94.80029297,101.1424561,-22.13642883,-0.178160906,0.666666687,-0.219565243,2.737391472,1,0,0.159999996,111115,0.833834483,0.002512392,298.2495731,296.0906834,287.9290365,1.80901844,3.198602652,31.6247279,15.260863,24.02012825,2.998597627,0.160679602,1.655081486,1.343516141,0.101248202,100.3264293,0.842689289,53.35487608,1169.485986,0.007310315,"elevated"
"ch12","shade",44,"11:10:21",11324,0,17.07790418,0.150295231,1542.57731,2.275804448,1.57396749,25.14581299,6,1.420000017,1,2.840000033,22.78247261,25.14581299,21.33001709,1799.953003,1774.626831,13.46479702,16.15019798,48.93798447,58.69811249,500.2716064,1798.34082,107.8729782,101.1416092,-31.96943665,-0.161713839,1,-0.219565243,2.737391472,1,0,0.159999996,111115,0.833786011,0.002275804,298.295813,295.9324726,287.7345248,1.902974853,3.207424502,31.71221546,15.56201747,23.9641428,2.988529555,0.142741242,1.633457013,1.355072543,0.089862535,156.0187514,0.869240385,52.25112326,1766.508813,0.005051431,"elevated"
